-60.0,10.0,0.0,4.0,1.0,322.0,-1.0,0.0,0.0,0.0,0.0,1.0,0.0,0.0,0.0,0.0,16.0,1.0,1.0,0.5
-60.0,10.384318351745605,0.0,4.0,1.0,323.0,7.0,0.0,0.0,0.0,0.0,1.0,0.0,0.0,0.0,0.0,16.0,1.0,1.0,0.5
-60.0,10.988247871398926,0.0,4.0,1.0,323.0,18.0,0.0,0.0,0.0,0.0,1.0,0.0,0.0,0.0,0.0,16.0,1.0,1.0,0.5
-60.0,11.59217643737793,0.0,4.0,1.0,323.0,29.0,0.0,0.0,0.0,0.0,1.0,0.0,0.0,0.0,0.0,16.0,1.0,1.0,0.5
-60.0,11.098052978515625,0.0,4.0,1.0,324.0,-1.0,0.0,0.0,0.0,0.0,1.0,0.0,0.0,0.0,0.0,16.0,1.0,1.0,0.5
-60.0,10.494123458862305,0.0,4.0,1.0,324.0,-1.0,0.0,0.0,0.0,0.0,1.0,0.0,0.0,0.0,0.0,16.0,1.0,1.0,0.5
-60.0,9.274901390075684,0.0,4.0,1.0,29.0,3.0,0.0,0.0,0.0,0.0,1.0,0.0,0.0,-0.38999998569488525,0.0,16.0,1.0,1.0,0.5
-60.0,9.989738464355469e-05,0.0,4.0,1.0,42.0,1.0,0.0,0.0,0.0,0.0,2.0,1.0,0.0,-1.8199999332427979,0.0,16.0,1.0,1.0,0.5
-60.0,9.999999747378752e-05,0.0,4.0,1.0,42.0,12.0,0.0,0.0,0.0,0.0,2.0,1.0,0.0,0.0,0.0,16.0,1.0,1.0,0.5
-60.0,9.999999747378752e-05,0.0,4.0,1.0,42.0,23.0,0.0,0.0,0.0,0.0,2.0,1.0,0.0,0.0,0.0,16.0,1.0,1.0,0.5
-60.0,9.999999747378752e-05,0.0,4.0,1.0,14.0,2.0,0.0,0.0,0.0,0.0,2.0,1.0,0.0,0.0,0.0,50.0,5.0,0.5,1.0
-60.0,18.970096588134766,0.0,4.0,1.0,25.0,7.0,0.0,0.0,0.0,0.0,1.0,0.0,0.0,2.3199992179870605,0.0,50.0,5.0,0.5,1.0
-60.0,35.91008758544922,0.0,4.0,1.0,25.0,18.0,0.0,0.0,0.0,0.0,1.0,0.0,0.0,0.8899990320205688,0.0,50.0,5.0,0.5,1.0
-60.0,37.12007522583008,0.0,4.0,1.0,25.0,29.0,0.0,0.0,0.0,0.0,1.0,0.0,0.0,-0.5400009155273438,0.0,50.0,5.0,0.5,1.0
-60.0,22.600065231323242,0.0,4.0,1.0,29.0,5.0,0.0,0.0,0.0,0.0,1.0,0.0,0.0,-1.9700008630752563,0.0,50.0,5.0,0.5,1.0
-60.0,9.999999747378752e-05,0.0,4.0,1.0,42.0,2.0,0.0,0.0,0.0,0.0,2.0,1.0,0.0,0.0,0.0,50.0,5.0,0.5,1.0
-60.0,9.999999747378752e-05,0.0,4.0,1.0,42.0,13.0,0.0,0.0,0.0,0.0,2.0,1.0,0.0,0.0,0.0,50.0,5.0,0.5,1.0
-60.0,9.999999747378752e-05,0.0,4.0,1.0,42.0,24.0,0.0,0.0,0.0,0.0,2.0,1.0,0.0,0.0,0.0,50.0,5.0,0.5,1.0
-60.0,9.999999747378752e-05,0.0,4.0,1.0,14.0,2.0,0.0,0.0,0.0,0.0,2.0,1.0,0.0,0.0,0.0,10.0,1.0,0.0,0.5
-55.497650146484375,9.999999747378752e-05,0.0,4.0,0.0,60.0,10.0,0.0,0.0,0.0,1.0,2.0,1.0,0.0,0.0,0.0,10.0,1.0,0.0,0.5
-73.37918090820312,9.999999747378752e-05,0.0,4.0,0.0,60.0,20.0,0.0,0.0,0.0,0.0,2.0,1.0,-7.714702367782593,0.0,0.0,10.0,1.0,0.0,0.5
-74.31783294677734,9.999999747378752e-05,0.0,4.0,0.0,60.0,31.0,0.0,0.0,0.0,0.0,2.0,1.0,0.014078140258789062,0.0,0.0,10.0,1.0,0.0,0.5
-74.24918365478516,9.999999747378752e-05,0.0,4.0,0.0,60.0,42.0,0.0,0.0,0.0,0.0,2.0,1.0,-0.01427268935367465,0.0,0.0,10.0,1.0,0.0,0.5
-74.38514709472656,9.999999747378752e-05,0.0,4.0,0.0,60.0,53.0,0.0,0.0,0.0,0.0,2.0,1.0,-0.007509231101721525,0.0,0.0,10.0,1.0,0.0,0.5
-74.6183853149414,9.999999747378752e-05,0.0,4.0,0.0,60.0,64.0,0.0,0.0,0.0,0.0,2.0,1.0,-0.07832717522978783,0.0,0.0,10.0,1.0,0.0,0.5
-74.6183853149414,9.999999747378752e-05,0.0,4.0,0.0,14.0,2.0,0.0,0.0,0.0,0.0,2.0,1.0,0.0,0.0,0.0,27.0,3.0,0.0,0.0
-74.6183853149414,9.999999747378752e-05,0.0,4.0,0.0,212.0,11.0,0.0,0.0,0.0,0.0,2.0,1.0,0.0,0.0,0.0,27.0,3.0,0.0,0.0
-74.6183853149414,9.999999747378752e-05,0.0,4.0,0.0,212.0,22.0,0.0,0.0,0.0,0.0,2.0,1.0,0.0,0.0,0.0,27.0,3.0,0.0,0.0
-74.6183853149414,9.999999747378752e-05,0.0,4.0,0.0,14.0,2.0,0.0,0.0,0.0,0.0,2.0,1.0,0.0,0.0,0.0,24.0,2.0,1.0,0.0
-84.3161849975586,9.999999747378752e-05,0.0,4.0,1.0,349.0,11.0,0.0,0.0,0.0,0.0,2.0,1.0,0.0006313323974609375,0.0,0.0,24.0,2.0,1.0,0.0
-58.32832336425781,9.999999747378752e-05,0.0,4.0,1.0,349.0,22.0,0.0,0.0,0.0,0.0,2.0,1.0,6.431943655014038,0.0,0.0,24.0,2.0,1.0,0.0
-33.44349670410156,9.999999747378752e-05,0.0,4.0,1.0,349.0,33.0,0.0,0.0,0.0,0.0,2.0,1.0,2.944106936454773,0.0,0.0,24.0,2.0,1.0,0.0
-23.19196319580078,9.999999747378752e-05,0.0,4.0,1.0,349.0,44.0,0.0,0.0,0.0,0.0,2.0,1.0,1.370597779750824,0.0,0.0,24.0,2.0,1.0,0.0
-18.082500457763672,9.999999747378752e-05,0.0,4.0,1.0,349.0,55.0,0.0,0.0,0.0,0.0,2.0,1.0,0.6046600043773651,0.0,0.0,24.0,2.0,1.0,0.0
-16.321048736572266,9.999999747378752e-05,0.0,4.0,1.0,349.0,66.0,0.0,0.0,0.0,0.0,2.0,1.0,0.12693022936582565,0.0,0.0,24.0,2.0,1.0,0.0
-16.32241439819336,9.999999747378752e-05,0.0,4.0,1.0,349.0,77.0,0.0,0.0,0.0,0.0,2.0,1.0,-0.06256866082549095,0.0,0.0,24.0,2.0,1.0,0.0
-16.388195037841797,9.999999747378752e-05,0.0,4.0,1.0,14.0,2.0,0.0,0.0,0.0,0.0,2.0,1.0,0.0,0.0,0.0,39.0,4.0,0.5,0.0
-16.388195037841797,9.999999747378752e-05,0.0,4.0,1.0,235.0,11.0,0.0,0.0,0.0,0.0,2.0,1.0,0.0,0.0,0.0,39.0,4.0,0.5,0.0
-16.388195037841797,9.999999747378752e-05,0.0,4.0,1.0,235.0,22.0,0.0,0.0,0.0,0.0,2.0,1.0,0.0,0.0,0.0,39.0,4.0,0.5,0.0
-16.388195037841797,9.999999747378752e-05,0.0,4.0,1.0,14.0,1.0,0.0,0.0,0.0,0.0,2.0,1.0,0.0,0.0,0.0,39.0,4.0,0.5,0.0
-16.388195037841797,9.999999747378752e-05,0.0,4.0,1.0,14.0,3.0,0.0,0.0,0.0,0.0,2.0,1.0,0.0,0.0,0.0,33.0,3.0,1.0,0.0
-16.388195037841797,9.999999747378752e-05,0.0,4.0,1.0,212.0,11.0,0.0,0.0,0.0,0.0,2.0,1.0,0.0,0.0,0.0,33.0,3.0,1.0,0.0
-16.388195037841797,9.999999747378752e-05,0.0,4.0,1.0,212.0,22.0,0.0,0.0,0.0,0.0,2.0,1.0,0.0,0.0,0.0,33.0,3.0,1.0,0.0
-16.388195037841797,9.999999747378752e-05,0.0,4.0,1.0,14.0,2.0,0.0,0.0,0.0,0.0,2.0,1.0,0.0,0.0,0.0,11.0,1.0,0.0,1.0
-16.388195037841797,9.999999747378752e-05,0.0,4.0,1.0,63.0,8.0,0.0,0.0,0.0,1.0,2.0,1.0,0.0,0.0,0.0,11.0,1.0,0.0,1.0
-16.388195037841797,9.999999747378752e-05,0.0,4.0,1.0,63.0,18.0,0.0,0.0,0.0,0.0,2.0,1.0,0.0,0.0,0.0,11.0,1.0,0.0,1.0
-16.388195037841797,9.999999747378752e-05,0.0,4.0,1.0,63.0,29.0,0.0,0.0,0.0,0.0,2.0,1.0,0.0,0.0,0.0,11.0,1.0,0.0,1.0
-16.388195037841797,9.999999747378752e-05,0.0,4.0,1.0,63.0,40.0,0.0,0.0,0.0,0.0,2.0,1.0,0.0,0.0,0.0,11.0,1.0,0.0,1.0
-16.388195037841797,9.999999747378752e-05,0.0,4.0,1.0,63.0,51.0,0.0,0.0,0.0,0.0,2.0,1.0,0.0,0.0,0.0,11.0,1.0,0.0,1.0
-16.388195037841797,9.999999747378752e-05,0.0,4.0,1.0,14.0,2.0,0.0,0.0,0.0,0.0,2.0,1.0,0.0,0.0,0.0,14.0,1.0,0.5,1.0
-16.388195037841797,9.999999747378752e-05,0.0,4.0,1.0,63.0,8.0,0.0,0.0,0.0,1.0,2.0,1.0,0.0,0.0,0.0,14.0,1.0,0.5,1.0
-16.388195037841797,9.999999747378752e-05,0.0,4.0,1.0,63.0,18.0,0.0,0.0,0.0,0.0,2.0,1.0,0.0,0.0,0.0,14.0,1.0,0.5,1.0
-16.388195037841797,9.999999747378752e-05,0.0,4.0,1.0,63.0,29.0,0.0,0.0,0.0,0.0,2.0,1.0,0.0,0.0,0.0,14.0,1.0,0.5,1.0
-16.388195037841797,9.999999747378752e-05,0.0,4.0,1.0,63.0,40.0,0.0,0.0,0.0,0.0,2.0,1.0,0.0,0.0,0.0,14.0,1.0,0.5,1.0
-16.388195037841797,9.999999747378752e-05,0.0,4.0,1.0,63.0,51.0,0.0,0.0,0.0,0.0,2.0,1.0,0.0,0.0,0.0,14.0,1.0,0.5,1.0
-16.388195037841797,9.999999747378752e-05,0.0,4.0,1.0,14.0,2.0,0.0,0.0,0.0,0.0,2.0,1.0,0.0,0.0,0.0,2.0,0.0,0.0,1.0
-21.663196563720703,18.970096588134766,0.0,4.0,1.0,26.0,7.0,0.0,0.0,0.0,0.0,1.0,0.0,-0.7839999794960022,2.3199992179870605,0.0,2.0,0.0,0.0,1.0
-29.627197265625,35.91008758544922,0.0,4.0,1.0,26.0,18.0,0.0,0.0,0.0,0.0,1.0,0.0,-0.674000084400177,0.8899990320205688,0.0,2.0,0.0,0.0,1.0
-36.38119888305664,37.12007522583008,0.0,4.0,1.0,26.0,29.0,0.0,0.0,0.0,0.0,1.0,0.0,-0.5640001893043518,-0.5400009155273438,0.0,2.0,0.0,0.0,1.0
-41.925201416015625,22.600065231323242,0.0,4.0,1.0,26.0,40.0,0.0,0.0,0.0,0.0,1.0,0.0,-0.4540002942085266,-1.9700008630752563,0.0,2.0,0.0,0.0,1.0
-46.189208984375,9.999999747378752e-05,0.0,4.0,1.0,42.0,2.0,0.0,0.0,0.0,0.0,2.0,1.0,-0.5480007827281952,0.0,0.0,2.0,0.0,0.0,1.0
-46.531211853027344,9.999999747378752e-05,0.0,4.0,1.0,42.0,13.0,0.0,0.0,0.0,0.0,2.0,1.0,0.0,0.0,0.0,2.0,0.0,0.0,1.0
-46.531211853027344,9.999999747378752e-05,0.0,4.0,1.0,42.0,24.0,0.0,0.0,0.0,0.0,2.0,1.0,0.0,0.0,0.0,2.0,0.0,0.0,1.0
-46.531211853027344,9.999999747378752e-05,0.0,4.0,1.0,14.0,2.0,0.0,0.0,0.0,0.0,2.0,1.0,0.0,0.0,0.0,40.0,4.0,0.5,0.5
-46.531211853027344,9.999999747378752e-05,0.0,4.0,1.0,179.0,-1.0,0.0,0.0,10.0,0.0,2.0,1.0,0.0,0.0,0.0,40.0,4.0,0.5,0.5
-46.531211853027344,9.999999747378752e-05,0.0,4.0,1.0,180.0,10.0,0.0,0.0,21.0,0.0,2.0,1.0,0.0,0.0,0.0,40.0,4.0,0.5,0.5
-46.531211853027344,9.999999747378752e-05,0.0,4.0,1.0,14.0,2.0,0.0,0.0,27.0,0.0,2.0,1.0,0.0,0.0,0.0,7.0,0.0,1.0,0.5
-39.02122116088867,18.970096588134766,0.0,4.0,1.0,25.0,7.0,0.0,0.0,0.0,0.0,1.0,0.0,1.1200000047683716,2.3199992179870605,0.0,7.0,0.0,1.0,0.5
-27.361217498779297,35.91008758544922,0.0,4.0,1.0,25.0,18.0,0.0,0.0,0.0,0.0,1.0,0.0,1.0100001096725464,0.8899990320205688,0.0,7.0,0.0,1.0,0.5
-16.911216735839844,37.12007522583008,0.0,4.0,1.0,25.0,29.0,0.0,0.0,0.0,0.0,1.0,0.0,0.9000002145767212,-0.5400009155273438,0.0,7.0,0.0,1.0,0.5
-7.671214580535889,22.600065231323242,0.0,4.0,1.0,29.0,5.0,0.0,0.0,0.0,0.0,1.0,0.0,0.790000319480896,-1.9700008630752563,0.0,7.0,0.0,1.0,0.5
0.28878939151763916,9.999999747378752e-05,0.0,4.0,1.0,42.0,2.0,0.0,0.0,0.0,0.0,2.0,1.0,1.2200008034706116,0.0,0.0,7.0,0.0,1.0,0.5
2.3187925815582275,9.999999747378752e-05,0.0,4.0,1.0,42.0,13.0,0.0,0.0,0.0,0.0,2.0,1.0,0.0,0.0,0.0,7.0,0.0,1.0,0.5
2.3187925815582275,9.999999747378752e-05,0.0,4.0,1.0,42.0,24.0,0.0,0.0,0.0,0.0,2.0,1.0,0.0,0.0,0.0,7.0,0.0,1.0,0.5
2.3187925815582275,9.999999747378752e-05,0.0,4.0,1.0,14.0,2.0,0.0,0.0,0.0,0.0,2.0,1.0,0.0,0.0,0.0,48.0,5.0,0.5,0.0
2.3187925815582275,9.999999747378752e-05,0.0,4.0,1.0,40.0,4.0,0.0,0.0,0.0,0.0,2.0,1.0,0.0,0.0,0.0,48.0,5.0,0.5,0.0
2.3187925815582275,9.999999747378752e-05,0.0,4.0,1.0,14.0,1.0,0.0,0.0,0.0,0.0,2.0,1.0,0.0,0.0,0.0,48.0,5.0,0.5,0.0
2.3187925815582275,9.999999747378752e-05,0.0,4.0,1.0,14.0,3.0,0.0,0.0,0.0,0.0,2.0,1.0,0.0,0.0,0.0,30.0,3.0,0.5,0.0
2.3187925815582275,9.999999747378752e-05,0.0,4.0,1.0,212.0,11.0,0.0,0.0,0.0,0.0,2.0,1.0,0.0,0.0,0.0,30.0,3.0,0.5,0.0
2.3187925815582275,9.999999747378752e-05,0.0,4.0,1.0,212.0,22.0,0.0,0.0,0.0,0.0,2.0,1.0,0.0,0.0,0.0,30.0,3.0,0.5,0.0
2.3187925815582275,9.999999747378752e-05,0.0,4.0,1.0,14.0,2.0,0.0,0.0,0.0,0.0,2.0,1.0,0.0,0.0,0.0,50.0,5.0,0.5,1.0
2.3187925815582275,18.970096588134766,0.0,4.0,1.0,25.0,7.0,0.0,0.0,0.0,0.0,1.0,0.0,0.0,2.3199992179870605,0.0,50.0,5.0,0.5,1.0
2.3187925815582275,35.91008758544922,0.0,4.0,1.0,25.0,18.0,0.0,0.0,0.0,0.0,1.0,0.0,0.0,0.8899990320205688,0.0,50.0,5.0,0.5,1.0
2.3187925815582275,37.12007522583008,0.0,4.0,1.0,25.0,29.0,0.0,0.0,0.0,0.0,1.0,0.0,0.0,-0.5400009155273438,0.0,50.0,5.0,0.5,1.0
2.3187925815582275,22.600065231323242,0.0,4.0,1.0,29.0,5.0,0.0,0.0,0.0,0.0,1.0,0.0,0.0,-1.9700008630752563,0.0,50.0,5.0,0.5,1.0
2.3187925815582275,9.999999747378752e-05,0.0,4.0,1.0,42.0,2.0,0.0,0.0,0.0,0.0,2.0,1.0,0.0,0.0,0.0,50.0,5.0,0.5,1.0
2.3187925815582275,9.999999747378752e-05,0.0,4.0,1.0,42.0,13.0,0.0,0.0,0.0,0.0,2.0,1.0,0.0,0.0,0.0,50.0,5.0,0.5,1.0
2.3187925815582275,9.999999747378752e-05,0.0,4.0,1.0,42.0,24.0,0.0,0.0,0.0,0.0,2.0,1.0,0.0,0.0,0.0,50.0,5.0,0.5,1.0
2.3187925815582275,9.999999747378752e-05,0.0,4.0,1.0,14.0,2.0,0.0,0.0,0.0,0.0,2.0,1.0,0.0,0.0,0.0,25.0,2.0,1.0,0.5
-7.378997325897217,9.999999747378752e-05,0.0,4.0,1.0,349.0,11.0,0.0,0.0,0.0,0.0,2.0,1.0,0.000631332368357107,0.0,0.0,25.0,2.0,1.0,0.5
18.608869552612305,9.999999747378752e-05,0.0,4.0,1.0,349.0,22.0,0.0,0.0,0.0,0.0,2.0,1.0,6.431943655014038,0.0,0.0,25.0,2.0,1.0,0.5
43.49369812011719,9.999999747378752e-05,0.0,4.0,1.0,349.0,33.0,0.0,0.0,0.0,0.0,2.0,1.0,2.944106936454773,0.0,0.0,25.0,2.0,1.0,0.5
53.44523239135742,9.999999747378752e-05,0.0,4.0,1.0,349.0,44.0,0.0,0.0,0.0,0.0,2.0,1.0,1.370597779750824,0.0,0.0,25.0,2.0,1.0,0.5
55.85470199584961,9.999999747378752e-05,0.0,4.0,1.0,349.0,55.0,0.0,0.0,0.0,0.0,2.0,1.0,0.6046600043773651,0.0,0.0,25.0,2.0,1.0,0.5
56.716156005859375,9.999999747378752e-05,0.0,4.0,1.0,349.0,66.0,0.0,0.0,0.0,0.0,2.0,1.0,0.12693022936582565,0.0,0.0,25.0,2.0,1.0,0.5
56.71479034423828,9.999999747378752e-05,0.0,4.0,1.0,349.0,77.0,0.0,0.0,0.0,0.0,2.0,1.0,-0.06256866082549095,0.0,0.0,25.0,2.0,1.0,0.5
56.649009704589844,9.999999747378752e-05,0.0,4.0,1.0,14.0,2.0,0.0,0.0,0.0,0.0,2.0,1.0,0.0,0.0,0.0,5.0,0.0,0.5,1.0
56.649009704589844,18.970096588134766,0.0,4.0,1.0,25.0,7.0,0.0,0.0,0.0,0.0,1.0,0.0,0.0,2.3199992179870605,0.0,5.0,0.0,0.5,1.0
56.649009704589844,35.91008758544922,0.0,4.0,1.0,25.0,18.0,0.0,0.0,0.0,0.0,1.0,0.0,0.0,0.8899990320205688,0.0,5.0,0.0,0.5,1.0
56.649009704589844,37.12007522583008,0.0,4.0,1.0,25.0,29.0,0.0,0.0,0.0,0.0,1.0,0.0,0.0,-0.5400009155273438,0.0,5.0,0.0,0.5,1.0
56.649009704589844,22.600065231323242,0.0,4.0,1.0,29.0,5.0,0.0,0.0,0.0,0.0,1.0,0.0,0.0,-1.9700008630752563,0.0,5.0,0.0,0.5,1.0
56.649009704589844,9.999999747378752e-05,0.0,4.0,1.0,42.0,2.0,0.0,0.0,0.0,0.0,2.0,1.0,0.0,0.0,0.0,5.0,0.0,0.5,1.0
56.649009704589844,9.999999747378752e-05,0.0,4.0,1.0,42.0,13.0,0.0,0.0,0.0,0.0,2.0,1.0,0.0,0.0,0.0,5.0,0.0,0.5,1.0
56.649009704589844,9.999999747378752e-05,0.0,4.0,1.0,42.0,24.0,0.0,0.0,0.0,0.0,2.0,1.0,0.0,0.0,0.0,5.0,0.0,0.5,1.0
56.649009704589844,9.999999747378752e-05,0.0,4.0,1.0,14.0,2.0,0.0,0.0,0.0,0.0,2.0,1.0,0.0,0.0,0.0,34.0,3.0,1.0,0.5
56.649009704589844,9.999999747378752e-05,0.0,4.0,1.0,216.0,2.0,0.0,0.0,0.0,0.0,2.0,1.0,0.0,0.0,0.0,34.0,3.0,1.0,0.5
56.649009704589844,9.999999747378752e-05,0.0,4.0,1.0,216.0,13.0,0.0,0.0,0.0,0.0,2.0,1.0,0.0,0.0,0.0,34.0,3.0,1.0,0.5
56.649009704589844,9.999999747378752e-05,0.0,4.0,1.0,216.0,24.0,0.0,0.0,0.0,0.0,2.0,1.0,0.0,0.0,0.0,34.0,3.0,1.0,0.5
56.649009704589844,9.999999747378752e-05,0.0,4.0,1.0,216.0,5.0,0.0,0.0,0.0,0.0,2.0,1.0,0.0,0.0,0.0,34.0,3.0,1.0,0.5
56.649009704589844,9.999999747378752e-05,0.0,4.0,1.0,216.0,16.0,0.0,0.0,0.0,0.0,2.0,1.0,0.0,0.0,0.0,34.0,3.0,1.0,0.5
56.649009704589844,9.999999747378752e-05,0.0,4.0,1.0,216.0,27.0,0.0,0.0,0.0,0.0,2.0,1.0,0.0,0.0,0.0,34.0,3.0,1.0,0.5
56.649009704589844,9.999999747378752e-05,0.0,4.0,1.0,216.0,8.0,0.0,0.0,0.0,0.0,2.0,1.0,0.0,0.0,0.0,34.0,3.0,1.0,0.5
52.32901382446289,9.999999747378752e-05,0.0,4.0,1.0,218.0,5.0,0.0,0.0,0.0,0.0,2.0,1.0,-1.0400001406669617,0.0,0.0,34.0,3.0,1.0,0.5
50.889015197753906,9.999999747378752e-05,0.0,4.0,1.0,218.0,16.0,0.0,0.0,0.0,0.0,2.0,1.0,0.0,0.0,0.0,34.0,3.0,1.0,0.5
50.889015197753906,9.999999747378752e-05,0.0,4.0,1.0,218.0,27.0,0.0,0.0,0.0,0.0,2.0,1.0,0.0,0.0,0.0,34.0,3.0,1.0,0.5
50.889015197753906,9.999999747378752e-05,0.0,4.0,1.0,14.0,2.0,0.0,0.0,0.0,0.0,2.0,1.0,0.0,0.0,0.0,42.0,4.0,1.0,0.0
50.889015197753906,9.999999747378752e-05,0.0,4.0,1.0,235.0,11.0,0.0,0.0,0.0,0.0,2.0,1.0,0.0,0.0,0.0,42.0,4.0,1.0,0.0
50.889015197753906,9.999999747378752e-05,0.0,4.0,1.0,235.0,22.0,0.0,0.0,0.0,0.0,2.0,1.0,0.0,0.0,0.0,42.0,4.0,1.0,0.0
50.889015197753906,9.999999747378752e-05,0.0,4.0,1.0,14.0,1.0,0.0,0.0,0.0,0.0,2.0,1.0,0.0,0.0,0.0,42.0,4.0,1.0,0.0
50.889015197753906,9.999999747378752e-05,0.0,4.0,1.0,14.0,3.0,0.0,0.0,0.0,0.0,2.0,1.0,0.0,0.0,0.0,19.0,2.0,0.0,0.5
60.586795806884766,9.999999747378752e-05,0.0,4.0,0.0,349.0,11.0,0.0,0.0,0.0,0.0,2.0,1.0,-0.000631332368357107,0.0,0.0,19.0,2.0,0.0,0.5
34.59893035888672,9.999999747378752e-05,0.0,4.0,0.0,349.0,22.0,0.0,0.0,0.0,0.0,2.0,1.0,-6.431943655014038,0.0,0.0,19.0,2.0,0.0,0.5
9.71409797668457,9.999999747378752e-05,0.0,4.0,0.0,349.0,33.0,0.0,0.0,0.0,0.0,2.0,1.0,-2.944106936454773,0.0,0.0,19.0,2.0,0.0,0.5
-0.5374353528022766,9.999999747378752e-05,0.0,4.0,0.0,349.0,44.0,0.0,0.0,0.0,0.0,2.0,1.0,-1.370597779750824,0.0,0.0,19.0,2.0,0.0,0.5
-5.646897792816162,9.999999747378752e-05,0.0,4.0,0.0,349.0,55.0,0.0,0.0,0.0,0.0,2.0,1.0,-0.6046600043773651,0.0,0.0,19.0,2.0,0.0,0.5
-7.408349514007568,9.999999747378752e-05,0.0,4.0,0.0,349.0,66.0,0.0,0.0,0.0,0.0,2.0,1.0,-0.12693022936582565,0.0,0.0,19.0,2.0,0.0,0.5
-7.406983852386475,9.999999747378752e-05,0.0,4.0,0.0,349.0,77.0,0.0,0.0,0.0,0.0,2.0,1.0,0.06256866082549095,0.0,0.0,19.0,2.0,0.0,0.5
-7.341203212738037,9.999999747378752e-05,0.0,4.0,0.0,14.0,2.0,0.0,0.0,0.0,0.0,2.0,1.0,0.0,0.0,0.0,42.0,4.0,1.0,0.0
-7.341203212738037,9.999999747378752e-05,0.0,4.0,0.0,235.0,11.0,0.0,0.0,0.0,0.0,2.0,1.0,0.0,0.0,0.0,42.0,4.0,1.0,0.0
-7.341203212738037,9.999999747378752e-05,0.0,4.0,0.0,235.0,22.0,0.0,0.0,0.0,0.0,2.0,1.0,0.0,0.0,0.0,42.0,4.0,1.0,0.0
-7.341203212738037,9.999999747378752e-05,0.0,4.0,0.0,14.0,1.0,0.0,0.0,0.0,0.0,2.0,1.0,0.0,0.0,0.0,42.0,4.0,1.0,0.0
-7.341203212738037,9.999999747378752e-05,0.0,4.0,0.0,14.0,3.0,0.0,0.0,0.0,0.0,2.0,1.0,0.0,0.0,0.0,31.0,3.0,0.5,0.5
-7.341203212738037,9.999999747378752e-05,0.0,4.0,0.0,212.0,11.0,0.0,0.0,0.0,0.0,2.0,1.0,0.0,0.0,0.0,31.0,3.0,0.5,0.5
-7.341203212738037,9.999999747378752e-05,0.0,4.0,0.0,212.0,22.0,0.0,0.0,0.0,0.0,2.0,1.0,0.0,0.0,0.0,31.0,3.0,0.5,0.5
-7.341203212738037,9.999999747378752e-05,0.0,4.0,0.0,14.0,2.0,0.0,0.0,0.0,0.0,2.0,1.0,0.0,0.0,0.0,30.0,3.0,0.5,0.0
-7.341203212738037,9.999999747378752e-05,0.0,4.0,0.0,212.0,11.0,0.0,0.0,0.0,0.0,2.0,1.0,0.0,0.0,0.0,30.0,3.0,0.5,0.0
-7.341203212738037,9.999999747378752e-05,0.0,4.0,0.0,212.0,22.0,0.0,0.0,0.0,0.0,2.0,1.0,0.0,0.0,0.0,30.0,3.0,0.5,0.0
-7.341203212738037,9.999999747378752e-05,0.0,4.0,0.0,14.0,2.0,0.0,0.0,0.0,0.0,2.0,1.0,0.0,0.0,0.0,36.0,4.0,0.0,0.0
-7.341203212738037,9.999999747378752e-05,0.0,4.0,0.0,235.0,11.0,0.0,0.0,0.0,0.0,2.0,1.0,0.0,0.0,0.0,36.0,4.0,0.0,0.0
-7.341203212738037,9.999999747378752e-05,0.0,4.0,0.0,235.0,22.0,0.0,0.0,0.0,0.0,2.0,1.0,0.0,0.0,0.0,36.0,4.0,0.0,0.0
-7.341203212738037,9.999999747378752e-05,0.0,4.0,0.0,14.0,1.0,0.0,0.0,0.0,0.0,2.0,1.0,0.0,0.0,0.0,36.0,4.0,0.0,0.0
-7.341203212738037,9.999999747378752e-05,0.0,4.0,0.0,14.0,3.0,0.0,0.0,0.0,0.0,2.0,1.0,0.0,0.0,0.0,50.0,5.0,0.5,1.0
-7.341203212738037,18.970096588134766,0.0,4.0,0.0,25.0,7.0,0.0,0.0,0.0,0.0,1.0,0.0,0.0,2.3199992179870605,0.0,50.0,5.0,0.5,1.0
-7.341203212738037,35.91008758544922,0.0,4.0,0.0,25.0,18.0,0.0,0.0,0.0,0.0,1.0,0.0,0.0,0.8899990320205688,0.0,50.0,5.0,0.5,1.0
-7.341203212738037,37.12007522583008,0.0,4.0,0.0,25.0,29.0,0.0,0.0,0.0,0.0,1.0,0.0,0.0,-0.5400009155273438,0.0,50.0,5.0,0.5,1.0
-7.341203212738037,22.600065231323242,0.0,4.0,0.0,29.0,5.0,0.0,0.0,0.0,0.0,1.0,0.0,0.0,-1.9700008630752563,0.0,50.0,5.0,0.5,1.0
-7.341203212738037,9.999999747378752e-05,0.0,4.0,0.0,42.0,2.0,0.0,0.0,0.0,0.0,2.0,1.0,0.0,0.0,0.0,50.0,5.0,0.5,1.0
-7.341203212738037,9.999999747378752e-05,0.0,4.0,0.0,42.0,13.0,0.0,0.0,0.0,0.0,2.0,1.0,0.0,0.0,0.0,50.0,5.0,0.5,1.0
-7.341203212738037,9.999999747378752e-05,0.0,4.0,0.0,42.0,24.0,0.0,0.0,0.0,0.0,2.0,1.0,0.0,0.0,0.0,50.0,5.0,0.5,1.0
-7.341203212738037,9.999999747378752e-05,0.0,4.0,0.0,14.0,2.0,0.0,0.0,0.0,0.0,2.0,1.0,0.0,0.0,0.0,43.0,4.0,1.0,0.5
7.580972671508789,9.999999747378752e-05,0.0,4.0,0.0,234.0,10.0,0.0,0.0,0.0,0.0,2.0,1.0,3.9274938106536865,0.0,0.0,43.0,4.0,1.0,0.5
21.62976837158203,9.999999747378752e-05,0.0,4.0,0.0,234.0,21.0,0.0,0.0,0.0,0.0,2.0,1.0,2.0835875272750854,0.0,0.0,43.0,4.0,1.0,0.5
26.521648406982422,9.999999747378752e-05,0.0,4.0,0.0,14.0,1.0,0.0,0.0,0.0,0.0,2.0,1.0,0.0,0.0,0.0,43.0,4.0,1.0,0.5
26.521648406982422,9.999999747378752e-05,0.0,4.0,0.0,14.0,3.0,0.0,0.0,0.0,0.0,2.0,1.0,0.0,0.0,0.0,44.0,4.0,1.0,1.0
41.443824768066406,9.999999747378752e-05,0.0,4.0,0.0,234.0,10.0,0.0,0.0,0.0,0.0,2.0,1.0,3.9274938106536865,0.0,0.0,44.0,4.0,1.0,1.0
55.492610931396484,9.999999747378752e-05,0.0,4.0,0.0,234.0,21.0,0.0,0.0,0.0,0.0,2.0,1.0,2.0835875272750854,0.0,0.0,44.0,4.0,1.0,1.0
60.38448715209961,9.999999747378752e-05,0.0,4.0,0.0,14.0,1.0,0.0,0.0,0.0,0.0,2.0,1.0,0.0,0.0,0.0,44.0,4.0,1.0,1.0
60.38448715209961,9.999999747378752e-05,0.0,4.0,0.0,14.0,3.0,0.0,0.0,0.0,0.0,2.0,1.0,0.0,0.0,0.0,28.0,3.0,0.0,0.5
60.38448715209961,9.999999747378752e-05,0.0,4.0,0.0,212.0,11.0,0.0,0.0,0.0,0.0,2.0,1.0,0.0,0.0,0.0,28.0,3.0,0.0,0.5
60.38448715209961,9.999999747378752e-05,0.0,4.0,0.0,212.0,22.0,0.0,0.0,0.0,0.0,2.0,1.0,0.0,0.0,0.0,28.0,3.0,0.0,0.5
60.38448715209961,9.999999747378752e-05,0.0,4.0,0.0,14.0,2.0,0.0,0.0,0.0,0.0,2.0,1.0,0.0,0.0,0.0,29.0,3.0,0.0,1.0
60.38448715209961,9.999999747378752e-05,0.0,4.0,0.0,212.0,11.0,0.0,0.0,0.0,0.0,2.0,1.0,0.0,0.0,0.0,29.0,3.0,0.0,1.0
60.38448715209961,9.999999747378752e-05,0.0,4.0,0.0,212.0,22.0,0.0,0.0,0.0,0.0,2.0,1.0,0.0,0.0,0.0,29.0,3.0,0.0,1.0
60.38448715209961,9.999999747378752e-05,0.0,4.0,0.0,14.0,2.0,0.0,0.0,0.0,0.0,2.0,1.0,0.0,0.0,0.0,36.0,4.0,0.0,0.0
60.38448715209961,9.999999747378752e-05,0.0,4.0,0.0,235.0,11.0,0.0,0.0,0.0,0.0,2.0,1.0,0.0,0.0,0.0,36.0,4.0,0.0,0.0
60.38448715209961,9.999999747378752e-05,0.0,4.0,0.0,235.0,22.0,0.0,0.0,0.0,0.0,2.0,1.0,0.0,0.0,0.0,36.0,4.0,0.0,0.0
60.38448715209961,9.999999747378752e-05,0.0,4.0,0.0,14.0,1.0,0.0,0.0,0.0,0.0,2.0,1.0,0.0,0.0,0.0,36.0,4.0,0.0,0.0
60.38448715209961,9.999999747378752e-05,0.0,4.0,0.0,14.0,3.0,0.0,0.0,0.0,0.0,2.0,1.0,0.0,0.0,0.0,11.0,1.0,0.0,1.0
60.38448715209961,9.999999747378752e-05,0.0,4.0,0.0,63.0,8.0,0.0,0.0,0.0,1.0,2.0,1.0,0.0,0.0,0.0,11.0,1.0,0.0,1.0
60.38448715209961,9.999999747378752e-05,0.0,4.0,0.0,63.0,18.0,0.0,0.0,0.0,0.0,2.0,1.0,0.0,0.0,0.0,11.0,1.0,0.0,1.0
60.38448715209961,9.999999747378752e-05,0.0,4.0,0.0,63.0,29.0,0.0,0.0,0.0,0.0,2.0,1.0,0.0,0.0,0.0,11.0,1.0,0.0,1.0
60.38448715209961,9.999999747378752e-05,0.0,4.0,0.0,63.0,40.0,0.0,0.0,0.0,0.0,2.0,1.0,0.0,0.0,0.0,11.0,1.0,0.0,1.0
60.38448715209961,9.999999747378752e-05,0.0,4.0,0.0,63.0,51.0,0.0,0.0,0.0,0.0,2.0,1.0,0.0,0.0,0.0,11.0,1.0,0.0,1.0
60.38448715209961,9.999999747378752e-05,0.0,4.0,0.0,14.0,2.0,0.0,0.0,0.0,0.0,2.0,1.0,0.0,0.0,0.0,18.0,2.0,0.0,0.0
67.38227081298828,9.999999747378752e-05,0.0,4.0,0.0,349.0,11.0,0.0,0.0,0.0,0.0,2.0,1.0,-0.000631332368357107,0.0,0.0,18.0,2.0,0.0,0.0
40.494415283203125,9.999999747378752e-05,0.0,4.0,0.0,349.0,22.0,0.0,0.0,0.0,0.0,2.0,1.0,-6.431943655014038,0.0,0.0,18.0,2.0,0.0,0.0
15.609582901000977,9.999999747378752e-05,0.0,4.0,0.0,349.0,33.0,0.0,0.0,0.0,0.0,2.0,1.0,-2.944106936454773,0.0,0.0,18.0,2.0,0.0,0.0
5.358049392700195,9.999999747378752e-05,0.0,4.0,0.0,349.0,44.0,0.0,0.0,0.0,0.0,2.0,1.0,-1.370597779750824,0.0,0.0,18.0,2.0,0.0,0.0
0.24858668446540833,9.999999747378752e-05,0.0,4.0,0.0,349.0,55.0,0.0,0.0,0.0,0.0,2.0,1.0,-0.6046600043773651,0.0,0.0,18.0,2.0,0.0,0.0
-1.5128649473190308,9.999999747378752e-05,0.0,4.0,0.0,349.0,66.0,0.0,0.0,0.0,0.0,2.0,1.0,-0.12693022936582565,0.0,0.0,18.0,2.0,0.0,0.0
-1.511499285697937,9.999999747378752e-05,0.0,4.0,0.0,349.0,77.0,0.0,0.0,0.0,0.0,2.0,1.0,0.06256866082549095,0.0,0.0,18.0,2.0,0.0,0.0
-1.4457186460494995,9.999999747378752e-05,0.0,4.0,0.0,14.0,2.0,0.0,0.0,0.0,0.0,2.0,1.0,0.0,0.0,0.0,38.0,4.0,0.0,1.0
-24.26003646850586,9.999999747378752e-05,0.0,4.0,0.0,233.0,10.0,0.0,0.0,0.0,0.0,2.0,1.0,-3.145877718925476,0.0,0.0,38.0,4.0,0.0,1.0
-33.972572326660156,9.999999747378752e-05,0.0,4.0,1.0,233.0,21.0,0.0,0.0,0.0,0.0,2.0,1.0,-0.8382873237133026,0.0,0.0,38.0,4.0,0.0,1.0
-35.396644592285156,9.999999747378752e-05,0.0,4.0,1.0,14.0,1.0,0.0,0.0,0.0,0.0,2.0,1.0,0.0,0.0,0.0,38.0,4.0,0.0,1.0
-35.396644592285156,9.999999747378752e-05,0.0,4.0,1.0,14.0,3.0,0.0,0.0,0.0,0.0,2.0,1.0,0.0,0.0,0.0,13.0,1.0,0.5,0.5
-35.396644592285156,9.999999747378752e-05,0.0,4.0,1.0,44.0,11.0,0.0,0.0,0.0,0.0,2.0,1.0,0.0,0.0,0.0,13.0,1.0,0.5,0.5
-35.396644592285156,9.999999747378752e-05,0.0,4.0,1.0,14.0,1.0,0.0,0.0,0.0,0.0,2.0,1.0,0.0,0.0,0.0,13.0,1.0,0.5,0.5
-35.396644592285156,9.999999747378752e-05,0.0,4.0,1.0,14.0,3.0,0.0,0.0,0.0,0.0,2.0,1.0,0.0,0.0,0.0,20.0,2.0,0.0,1.0
-25.698850631713867,9.999999747378752e-05,0.0,4.0,0.0,349.0,11.0,0.0,0.0,0.0,0.0,2.0,1.0,-0.000631332368357107,0.0,0.0,20.0,2.0,0.0,1.0
-51.68671417236328,9.999999747378752e-05,0.0,4.0,0.0,349.0,22.0,0.0,0.0,0.0,0.0,2.0,1.0,-6.431943655014038,0.0,0.0,20.0,2.0,0.0,1.0
-76.571533203125,9.999999747378752e-05,0.0,4.0,0.0,349.0,33.0,0.0,0.0,0.0,0.0,2.0,1.0,-2.9441070556640625,0.0,0.0,20.0,2.0,0.0,1.0
-85.5656967163086,0.0,0.0,4.0,0.0,349.0,44.0,0.0,0.0,0.0,0.0,2.0,1.0,-1.3705978393554688,0.0,0.0,20.0,2.0,0.0,1.0
-85.5656967163086,0.0,0.0,4.0,0.0,349.0,55.0,0.0,0.0,0.0,0.0,2.0,1.0,-0.6046600341796875,0.0,0.0,20.0,2.0,0.0,1.0
-85.62916564941406,9.999999747378752e-05,0.0,4.0,0.0,349.0,66.0,0.0,0.0,0.0,0.0,2.0,1.0,-0.12693023681640625,0.0,0.0,20.0,2.0,0.0,1.0
-85.51542663574219,9.999999747378752e-05,0.0,4.0,0.0,349.0,77.0,0.0,0.0,0.0,0.0,2.0,1.0,0.06256866455078125,0.0,0.0,20.0,2.0,0.0,1.0
-85.44964599609375,9.999999747378752e-05,0.0,4.0,0.0,14.0,2.0,0.0,0.0,0.0,0.0,2.0,1.0,0.0,0.0,0.0,38.0,4.0,0.0,1.0
-85.5656967163086,0.0,0.0,4.0,0.0,233.0,10.0,0.0,0.0,0.0,0.0,2.0,1.0,-3.1458778381347656,0.0,0.0,38.0,4.0,0.0,1.0
-85.5656967163086,0.0,0.0,4.0,1.0,233.0,21.0,0.0,0.0,0.0,0.0,2.0,1.0,-0.838287353515625,0.0,0.0,38.0,4.0,0.0,1.0
-85.63438415527344,9.999999747378752e-05,0.0,4.0,1.0,14.0,1.0,0.0,0.0,0.0,0.0,2.0,1.0,0.0,0.0,0.0,38.0,4.0,0.0,1.0
-85.63438415527344,9.999999747378752e-05,0.0,4.0,1.0,14.0,3.0,0.0,0.0,0.0,0.0,2.0,1.0,0.0,0.0,0.0,9.0,1.0,0.0,0.0
-85.63438415527344,9.999999747378752e-05,0.0,4.0,1.0,64.0,11.0,0.0,0.0,0.0,0.0,2.0,1.0,0.0,0.0,0.0,9.0,1.0,0.0,0.0
-85.63438415527344,9.999999747378752e-05,0.0,4.0,1.0,64.0,22.0,0.0,0.0,0.0,0.0,2.0,1.0,0.0,0.0,0.0,9.0,1.0,0.0,0.0
-85.63438415527344,9.999999747378752e-05,0.0,4.0,1.0,64.0,33.0,0.0,0.0,0.0,0.0,2.0,1.0,0.0,0.0,0.0,9.0,1.0,0.0,0.0
-85.63438415527344,9.999999747378752e-05,0.0,4.0,1.0,64.0,44.0,0.0,0.0,0.0,0.0,2.0,1.0,0.0,0.0,0.0,9.0,1.0,0.0,0.0
-85.63438415527344,9.999999747378752e-05,0.0,4.0,1.0,14.0,2.0,0.0,0.0,0.0,0.0,2.0,1.0,0.0,0.0,0.0,18.0,2.0,0.0,0.0
-75.93657684326172,9.999999747378752e-05,0.0,4.0,0.0,349.0,11.0,0.0,0.0,0.0,0.0,2.0,1.0,-0.0006313323974609375,0.0,0.0,18.0,2.0,0.0,0.0
-91.15498352050781,-1.299899935722351,0.0,4.0,0.0,35.0,5.0,0.0,0.0,0.0,0.0,0.0,0.0,-1.0800000429153442,-0.5199999809265137,1.0,18.0,2.0,0.0,0.0
-102.37498474121094,-15.599899291992188,0.0,4.0,0.0,35.0,8.0,0.0,0.0,0.0,0.0,0.0,0.0,-0.970000147819519,-1.9499999284744263,1.0,18.0,2.0,0.0,0.0
-112.3849868774414,-44.48991012573242,0.0,4.0,0.0,35.0,3.0,0.0,0.0,0.0,0.0,0.0,0.0,-0.8600002527236938,-2.9000000953674316,1.0,18.0,2.0,0.0,0.0
-60.0,10.0,0.0,4.0,1.0,322.0,-1.0,0.0,0.0,0.0,0.0,1.0,0.0,0.0,0.0,0.0,51.0,5.0,1.0,0.0
-60.0,10.494123458862305,0.0,4.0,1.0,323.0,9.0,0.0,0.0,0.0,0.0,1.0,0.0,0.0,0.0,0.0,51.0,5.0,1.0,0.0
-60.0,11.207858085632324,0.0,4.0,1.0,323.0,22.0,0.0,0.0,0.0,0.0,1.0,0.0,0.0,0.0,0.0,51.0,5.0,1.0,0.0
-60.0,11.372566223144531,0.0,4.0,1.0,324.0,-1.0,0.0,0.0,0.0,0.0,1.0,0.0,0.0,0.0,0.0,51.0,5.0,1.0,0.0
-60.0,10.658831596374512,0.0,4.0,1.0,324.0,-1.0,0.0,0.0,0.0,0.0,1.0,0.0,0.0,0.0,0.0,51.0,5.0,1.0,0.0
-60.0,9.664901733398438,0.0,4.0,1.0,29.0,2.0,0.0,0.0,0.0,0.0,1.0,0.0,0.0,-0.25999999046325684,0.0,51.0,5.0,1.0,0.0
-60.0,9.999999747378752e-05,0.0,4.0,1.0,42.0,2.0,0.0,0.0,0.0,0.0,2.0,1.0,0.0,0.0,0.0,51.0,5.0,1.0,0.0
-59.625,9.999999747378752e-05,0.0,4.0,1.0,39.0,7.0,0.0,0.0,0.0,0.0,2.0,1.0,0.0,0.0,0.0,51.0,5.0,1.0,0.0
-59.625,9.999999747378752e-05,0.0,4.0,1.0,41.0,1.0,0.0,0.0,0.0,0.0,2.0,1.0,0.0,0.0,0.0,51.0,5.0,1.0,0.0
-59.25,9.999999747378752e-05,0.0,4.0,1.0,41.0,1.0,0.0,0.0,0.0,0.0,2.0,1.0,0.0,0.0,0.0,51.0,5.0,1.0,0.0
-58.875,9.999999747378752e-05,0.0,4.0,1.0,41.0,1.0,0.0,0.0,0.0,0.0,2.0,1.0,0.0,0.0,0.0,51.0,5.0,1.0,0.0
-58.5,9.999999747378752e-05,0.0,4.0,1.0,41.0,1.0,0.0,0.0,0.0,0.0,2.0,1.0,0.0,0.0,0.0,51.0,5.0,1.0,0.0
-58.125,9.999999747378752e-05,0.0,4.0,1.0,41.0,1.0,0.0,0.0,0.0,0.0,2.0,1.0,0.0,0.0,0.0,51.0,5.0,1.0,0.0
-57.75,9.999999747378752e-05,0.0,4.0,1.0,41.0,1.0,0.0,0.0,0.0,0.0,2.0,1.0,0.0,0.0,0.0,51.0,5.0,1.0,0.0
-57.375,9.999999747378752e-05,0.0,4.0,1.0,41.0,1.0,0.0,0.0,0.0,0.0,2.0,1.0,0.0,0.0,0.0,51.0,5.0,1.0,0.0
-57.0,9.999999747378752e-05,0.0,4.0,1.0,41.0,1.0,0.0,0.0,0.0,0.0,2.0,1.0,0.0,0.0,0.0,51.0,5.0,1.0,0.0
-56.625,9.999999747378752e-05,0.0,4.0,1.0,41.0,1.0,0.0,0.0,0.0,0.0,2.0,1.0,0.0,0.0,0.0,51.0,5.0,1.0,0.0
-56.25,9.999999747378752e-05,0.0,4.0,1.0,41.0,1.0,0.0,0.0,0.0,0.0,2.0,1.0,0.0,0.0,0.0,51.0,5.0,1.0,0.0
-55.875,9.999999747378752e-05,0.0,4.0,1.0,41.0,1.0,0.0,0.0,0.0,0.0,2.0,1.0,0.0,0.0,0.0,51.0,5.0,1.0,0.0
-55.5,9.999999747378752e-05,0.0,4.0,1.0,41.0,1.0,0.0,0.0,0.0,0.0,2.0,1.0,0.0,0.0,0.0,51.0,5.0,1.0,0.0
-55.125,9.999999747378752e-05,0.0,4.0,1.0,41.0,1.0,0.0,0.0,0.0,0.0,2.0,1.0,0.0,0.0,0.0,51.0,5.0,1.0,0.0
-54.75,9.999999747378752e-05,0.0,4.0,1.0,41.0,1.0,0.0,0.0,0.0,0.0,2.0,1.0,0.0,0.0,0.0,51.0,5.0,1.0,0.0
-54.375,9.999999747378752e-05,0.0,4.0,1.0,41.0,1.0,0.0,0.0,0.0,0.0,2.0,1.0,0.0,0.0,0.0,51.0,5.0,1.0,0.0
-54.0,9.999999747378752e-05,0.0,4.0,1.0,41.0,1.0,0.0,0.0,0.0,0.0,2.0,1.0,0.0,0.0,0.0,51.0,5.0,1.0,0.0
-53.625,9.999999747378752e-05,0.0,4.0,1.0,41.0,1.0,0.0,0.0,0.0,0.0,2.0,1.0,0.0,0.0,0.0,51.0,5.0,1.0,0.0
-53.25,9.999999747378752e-05,0.0,4.0,1.0,41.0,1.0,0.0,0.0,0.0,0.0,2.0,1.0,0.0,0.0,0.0,51.0,5.0,1.0,0.0
-52.875,9.999999747378752e-05,0.0,4.0,1.0,41.0,1.0,0.0,0.0,0.0,0.0,2.0,1.0,0.0,0.0,0.0,51.0,5.0,1.0,0.0
-52.5,9.999999747378752e-05,0.0,4.0,1.0,41.0,1.0,0.0,0.0,0.0,0.0,2.0,1.0,0.0,0.0,0.0,51.0,5.0,1.0,0.0
-52.125,9.999999747378752e-05,0.0,4.0,1.0,41.0,1.0,0.0,0.0,0.0,0.0,2.0,1.0,0.0,0.0,0.0,44.0,4.0,1.0,1.0
-26.564367294311523,9.999999747378752e-05,0.0,4.0,1.0,233.0,12.0,0.0,0.0,0.0,0.0,2.0,1.0,2.6171683073043823,0.0,0.0,51.0,5.0,1.0,0.0
-18.545991897583008,9.999999747378752e-05,0.0,4.0,0.0,233.0,25.0,0.0,0.0,0.0,0.0,2.0,1.0,0.36299894750118256,0.0,0.0,51.0,5.0,1.0,0.0
-18.1740665435791,9.999999747378752e-05,0.0,4.0,0.0,39.0,7.0,0.0,0.0,0.0,0.0,2.0,1.0,0.0,0.0,0.0,51.0,5.0,1.0,0.0
-18.1740665435791,9.999999747378752e-05,0.0,4.0,0.0,41.0,1.0,0.0,0.0,0.0,0.0,2.0,1.0,0.0,0.0,0.0,51.0,5.0,1.0,0.0
-18.1740665435791,9.999999747378752e-05,0.0,4.0,0.0,39.0,4.0,0.0,0.0,0.0,0.0,2.0,1.0,0.0,0.0,0.0,51.0,5.0,1.0,0.0
-18.1740665435791,9.999999747378752e-05,0.0,4.0,0.0,41.0,1.0,0.0,0.0,0.0,0.0,2.0,1.0,0.0,0.0,0.0,51.0,5.0,1.0,0.0
-18.1740665435791,9.999999747378752e-05,0.0,4.0,0.0,39.0,4.0,0.0,0.0,0.0,0.0,2.0,1.0,0.0,0.0,0.0,51.0,5.0,1.0,0.0
-18.1740665435791,9.999999747378752e-05,0.0,4.0,0.0,41.0,1.0,0.0,0.0,0.0,0.0,2.0,1.0,0.0,0.0,0.0,51.0,5.0,1.0,0.0
-18.1740665435791,9.999999747378752e-05,0.0,4.0,0.0,39.0,4.0,0.0,0.0,0.0,0.0,2.0,1.0,0.0,0.0,0.0,8.0,0.0,1.0,1.0
-11.341066360473633,23.220094680786133,0.0,4.0,0.0,26.0,9.0,0.0,0.0,0.0,0.0,1.0,0.0,0.7739999890327454,2.0599989891052246,0.0,51.0,5.0,1.0,0.0
-1.1590654850006104,38.170082092285156,0.0,4.0,0.0,26.0,22.0,0.0,0.0,0.0,0.0,1.0,0.0,0.7739999890327454,0.3699990510940552,0.0,51.0,5.0,1.0,0.0
9.022933959960938,3.500080108642578,0.0,4.0,0.0,26.0,35.0,0.0,0.0,0.0,0.0,1.0,0.0,0.7739999890327454,-3.5,0.0,51.0,5.0,1.0,0.0
14.0469331741333,9.999999747378752e-05,0.0,4.0,0.0,41.0,1.0,0.0,0.0,0.0,0.0,2.0,1.0,0.0,0.0,0.0,51.0,5.0,1.0,0.0
14.0469331741333,9.999999747378752e-05,0.0,4.0,0.0,39.0,4.0,0.0,0.0,0.0,0.0,2.0,1.0,0.0,0.0,0.0,51.0,5.0,1.0,0.0
14.0469331741333,9.999999747378752e-05,0.0,4.0,0.0,41.0,1.0,0.0,0.0,0.0,0.0,2.0,1.0,0.0,0.0,0.0,51.0,5.0,1.0,0.0
14.0469331741333,9.999999747378752e-05,0.0,4.0,0.0,39.0,4.0,0.0,0.0,0.0,0.0,2.0,1.0,0.0,0.0,0.0,51.0,5.0,1.0,0.0
14.0469331741333,9.999999747378752e-05,0.0,4.0,0.0,41.0,1.0,0.0,0.0,0.0,0.0,2.0,1.0,0.0,0.0,0.0,51.0,5.0,1.0,0.0
14.0469331741333,9.999999747378752e-05,0.0,4.0,0.0,39.0,4.0,0.0,0.0,0.0,0.0,2.0,1.0,0.0,0.0,0.0,51.0,5.0,1.0,0.0
14.0469331741333,9.999999747378752e-05,0.0,4.0,0.0,41.0,1.0,0.0,0.0,0.0,0.0,2.0,1.0,0.0,0.0,0.0,51.0,5.0,1.0,0.0
14.0469331741333,9.999999747378752e-05,0.0,4.0,0.0,39.0,4.0,0.0,0.0,0.0,0.0,2.0,1.0,0.0,0.0,0.0,51.0,5.0,1.0,0.0
14.0469331741333,9.999999747378752e-05,0.0,4.0,0.0,41.0,1.0,0.0,0.0,0.0,0.0,2.0,1.0,0.0,0.0,0.0,51.0,5.0,1.0,0.0
14.0469331741333,9.999999747378752e-05,0.0,4.0,0.0,39.0,4.0,0.0,0.0,0.0,0.0,2.0,1.0,0.0,0.0,0.0,51.0,5.0,1.0,0.0
14.0469331741333,9.999999747378752e-05,0.0,4.0,0.0,41.0,1.0,0.0,0.0,0.0,0.0,2.0,1.0,0.0,0.0,0.0,51.0,5.0,1.0,0.0
14.0469331741333,9.999999747378752e-05,0.0,4.0,0.0,39.0,4.0,0.0,0.0,0.0,0.0,2.0,1.0,0.0,0.0,0.0,51.0,5.0,1.0,0.0
14.0469331741333,9.999999747378752e-05,0.0,4.0,0.0,41.0,1.0,0.0,0.0,0.0,0.0,2.0,1.0,0.0,0.0,0.0,51.0,5.0,1.0,0.0
14.0469331741333,9.999999747378752e-05,0.0,4.0,0.0,39.0,4.0,0.0,0.0,0.0,0.0,2.0,1.0,0.0,0.0,0.0,51.0,5.0,1.0,0.0
14.0469331741333,9.999999747378752e-05,0.0,4.0,0.0,41.0,1.0,0.0,0.0,0.0,0.0,2.0,1.0,0.0,0.0,0.0,51.0,5.0,1.0,0.0
14.0469331741333,9.999999747378752e-05,0.0,4.0,0.0,39.0,4.0,0.0,0.0,0.0,0.0,2.0,1.0,0.0,0.0,0.0,51.0,5.0,1.0,0.0
14.0469331741333,9.999999747378752e-05,0.0,4.0,0.0,41.0,1.0,0.0,0.0,0.0,0.0,2.0,1.0,0.0,0.0,0.0,51.0,5.0,1.0,0.0
14.0469331741333,9.999999747378752e-05,0.0,4.0,0.0,39.0,4.0,0.0,0.0,0.0,0.0,2.0,1.0,0.0,0.0,0.0,51.0,5.0,1.0,0.0
14.0469331741333,9.999999747378752e-05,0.0,4.0,0.0,41.0,1.0,0.0,0.0,0.0,0.0,2.0,1.0,0.0,0.0,0.0,51.0,5.0,1.0,0.0
14.0469331741333,9.999999747378752e-05,0.0,4.0,0.0,39.0,4.0,0.0,0.0,0.0,0.0,2.0,1.0,0.0,0.0,0.0,51.0,5.0,1.0,0.0
14.0469331741333,9.999999747378752e-05,0.0,4.0,0.0,41.0,1.0,0.0,0.0,0.0,0.0,2.0,1.0,0.0,0.0,0.0,34.0,3.0,1.0,0.5
9.54457950592041,9.999999747378752e-05,0.0,4.0,1.0,60.0,10.0,0.0,0.0,0.0,0.0,2.0,1.0,0.0,0.0,0.0,29.0,3.0,0.0,1.0
28.230457305908203,9.999999747378752e-05,0.0,4.0,1.0,60.0,23.0,0.0,0.0,0.0,0.0,2.0,1.0,-3.534957766532898,0.0,0.0,51.0,5.0,1.0,0.0
28.29427719116211,9.999999747378752e-05,0.0,4.0,1.0,60.0,36.0,0.0,0.0,0.0,0.0,2.0,1.0,-0.02087783720344305,0.0,0.0,51.0,5.0,1.0,0.0
28.390226364135742,9.999999747378752e-05,0.0,4.0,1.0,60.0,49.0,0.0,0.0,0.0,0.0,2.0,1.0,0.03405952267348766,0.0,0.0,51.0,5.0,1.0,0.0
28.471284866333008,9.999999747378752e-05,0.0,4.0,1.0,39.0,3.0,0.0,0.0,0.0,0.0,2.0,1.0,0.0,0.0,0.0,51.0,5.0,1.0,0.0
28.471284866333008,9.999999747378752e-05,0.0,4.0,1.0,41.0,1.0,0.0,0.0,0.0,0.0,2.0,1.0,0.0,0.0,0.0,51.0,5.0,1.0,0.0
28.846284866333008,9.999999747378752e-05,0.0,4.0,1.0,41.0,1.0,0.0,0.0,0.0,0.0,2.0,1.0,0.0,0.0,0.0,51.0,5.0,1.0,0.0
29.221284866333008,9.999999747378752e-05,0.0,4.0,1.0,41.0,1.0,0.0,0.0,0.0,0.0,2.0,1.0,0.0,0.0,0.0,51.0,5.0,1.0,0.0
29.596284866333008,9.999999747378752e-05,0.0,4.0,1.0,41.0,1.0,0.0,0.0,0.0,0.0,2.0,1.0,0.0,0.0,0.0,51.0,5.0,1.0,0.0
29.971284866333008,9.999999747378752e-05,0.0,4.0,1.0,41.0,1.0,0.0,0.0,0.0,0.0,2.0,1.0,0.0,0.0,0.0,51.0,5.0,1.0,0.0
30.346284866333008,9.999999747378752e-05,0.0,4.0,1.0,41.0,1.0,0.0,0.0,0.0,0.0,2.0,1.0,0.0,0.0,0.0,51.0,5.0,1.0,0.0
30.721284866333008,9.999999747378752e-05,0.0,4.0,1.0,41.0,1.0,0.0,0.0,0.0,0.0,2.0,1.0,0.0,0.0,0.0,51.0,5.0,1.0,0.0
31.096284866333008,9.999999747378752e-05,0.0,4.0,1.0,41.0,1.0,0.0,0.0,0.0,0.0,2.0,1.0,0.0,0.0,0.0,51.0,5.0,1.0,0.0
31.471284866333008,9.999999747378752e-05,0.0,4.0,1.0,41.0,1.0,0.0,0.0,0.0,0.0,2.0,1.0,0.0,0.0,0.0,51.0,5.0,1.0,0.0
31.846284866333008,9.999999747378752e-05,0.0,4.0,1.0,41.0,1.0,0.0,0.0,0.0,0.0,2.0,1.0,0.0,0.0,0.0,51.0,5.0,1.0,0.0
32.221282958984375,9.999999747378752e-05,0.0,4.0,1.0,41.0,1.0,0.0,0.0,0.0,0.0,2.0,1.0,0.0,0.0,0.0,51.0,5.0,1.0,0.0
32.596282958984375,9.999999747378752e-05,0.0,4.0,1.0,41.0,1.0,0.0,0.0,0.0,0.0,2.0,1.0,0.0,0.0,0.0,51.0,5.0,1.0,0.0
32.971282958984375,9.999999747378752e-05,0.0,4.0,1.0,41.0,1.0,0.0,0.0,0.0,0.0,2.0,1.0,0.0,0.0,0.0,51.0,5.0,1.0,0.0
33.346282958984375,9.999999747378752e-05,0.0,4.0,1.0,41.0,1.0,0.0,0.0,0.0,0.0,2.0,1.0,0.0,0.0,0.0,51.0,5.0,1.0,0.0
33.721282958984375,9.999999747378752e-05,0.0,4.0,1.0,41.0,1.0,0.0,0.0,0.0,0.0,2.0,1.0,0.0,0.0,0.0,51.0,5.0,1.0,0.0
34.096282958984375,9.999999747378752e-05,0.0,4.0,1.0,41.0,1.0,0.0,0.0,0.0,0.0,2.0,1.0,0.0,0.0,0.0,51.0,5.0,1.0,0.0
34.471282958984375,9.999999747378752e-05,0.0,4.0,1.0,41.0,1.0,0.0,0.0,0.0,0.0,2.0,1.0,0.0,0.0,0.0,51.0,5.0,1.0,0.0
34.846282958984375,9.999999747378752e-05,0.0,4.0,1.0,41.0,1.0,0.0,0.0,0.0,0.0,2.0,1.0,0.0,0.0,0.0,51.0,5.0,1.0,0.0
35.221282958984375,9.999999747378752e-05,0.0,4.0,1.0,41.0,1.0,0.0,0.0,0.0,0.0,2.0,1.0,0.0,0.0,0.0,51.0,5.0,1.0,0.0
35.596282958984375,9.999999747378752e-05,0.0,4.0,1.0,41.0,1.0,0.0,0.0,0.0,0.0,2.0,1.0,0.0,0.0,0.0,51.0,5.0,1.0,0.0
35.971282958984375,9.999999747378752e-05,0.0,4.0,1.0,41.0,1.0,0.0,0.0,0.0,0.0,2.0,1.0,0.0,0.0,0.0,51.0,5.0,1.0,0.0
36.346282958984375,9.999999747378752e-05,0.0,4.0,1.0,41.0,1.0,0.0,0.0,0.0,0.0,2.0,1.0,0.0,0.0,0.0,51.0,5.0,1.0,0.0
36.721282958984375,9.999999747378752e-05,0.0,4.0,1.0,41.0,1.0,0.0,0.0,0.0,0.0,2.0,1.0,0.0,0.0,0.0,51.0,5.0,1.0,0.0
37.096282958984375,9.999999747378752e-05,0.0,4.0,1.0,41.0,1.0,0.0,0.0,0.0,0.0,2.0,1.0,0.0,0.0,0.0,51.0,5.0,1.0,0.0
37.471282958984375,9.999999747378752e-05,0.0,4.0,1.0,41.0,1.0,0.0,0.0,0.0,0.0,2.0,1.0,0.0,0.0,0.0,51.0,5.0,1.0,0.0
37.846282958984375,9.999999747378752e-05,0.0,4.0,1.0,41.0,1.0,0.0,0.0,0.0,0.0,2.0,1.0,0.0,0.0,0.0,47.0,5.0,0.0,1.0
31.013277053833008,23.220094680786133,0.0,4.0,1.0,26.0,9.0,0.0,0.0,0.0,0.0,1.0,0.0,-0.7739999890327454,2.0599989891052246,0.0,51.0,5.0,1.0,0.0
25.28127670288086,38.170082092285156,0.0,4.0,1.0,26.0,22.0,0.0,0.0,0.0,0.0,1.0,0.0,-0.18800003826618195,0.3699990510940552,0.0,51.0,5.0,1.0,0.0
27.147275924682617,3.500080108642578,0.0,4.0,1.0,26.0,35.0,0.0,0.0,0.0,0.0,1.0,0.0,0.3779999911785126,-3.5,0.0,51.0,5.0,1.0,0.0
29.217273712158203,9.999999747378752e-05,0.0,4.0,1.0,41.0,1.0,0.0,0.0,0.0,0.0,2.0,1.0,0.0,0.0,0.0,51.0,5.0,1.0,0.0
29.592273712158203,9.999999747378752e-05,0.0,4.0,1.0,41.0,1.0,0.0,0.0,0.0,0.0,2.0,1.0,0.0,0.0,0.0,51.0,5.0,1.0,0.0
29.967273712158203,9.999999747378752e-05,0.0,4.0,1.0,41.0,1.0,0.0,0.0,0.0,0.0,2.0,1.0,0.0,0.0,0.0,51.0,5.0,1.0,0.0
30.342273712158203,9.999999747378752e-05,0.0,4.0,1.0,41.0,1.0,0.0,0.0,0.0,0.0,2.0,1.0,0.0,0.0,0.0,51.0,5.0,1.0,0.0
