-95.76448059082031,-142.02987670898438,0.0,0.0,0.0,0.0,-1.0,0.0,0.0,0.0,0.0,0.0,0.0,0.0,0.0,1.0,9.794013977050781,53.86033248901367,0.0,1.0,0.0,354.0,30.0,0.0,0.0,0.0,0.0,0.0,0.0,-0.5131989121437073,1.0894737243652344,0.0,21.0
-95.76448059082031,-142.02987670898438,0.0,0.0,0.0,0.0,-1.0,0.0,0.0,0.0,0.0,0.0,0.0,0.0,0.0,1.0,9.794013977050781,53.86033248901367,0.0,1.0,0.0,354.0,30.0,0.0,0.0,0.0,0.0,0.0,0.0,-0.5131989121437073,1.0894737243652344,0.0,27.0
-95.76448059082031,-142.02987670898438,0.0,0.0,0.0,0.0,-1.0,0.0,0.0,0.0,0.0,0.0,0.0,0.0,0.0,1.0,9.794013977050781,53.86033248901367,0.0,1.0,0.0,354.0,30.0,0.0,0.0,0.0,0.0,0.0,0.0,-0.5131989121437073,1.0894737243652344,0.0,3.0
60.0,10.1098051071167,0.0,4.0,0.0,323.0,2.0,0.0,0.0,0.0,0.0,1.0,0.0,0.0,0.0,0.0,-60.0,10.384318351745605,0.0,4.0,1.0,323.0,7.0,0.0,0.0,0.0,0.0,1.0,0.0,0.0,0.0,0.0,42.0
60.0,10.823539733886719,0.0,4.0,0.0,323.0,15.0,0.0,0.0,0.0,0.0,1.0,0.0,0.0,0.0,0.0,-60.0,11.098052978515625,0.0,4.0,1.0,323.0,20.0,0.0,0.0,0.0,0.0,1.0,0.0,0.0,0.0,0.0,42.0
60.0,11.537274360656738,0.0,4.0,0.0,323.0,28.0,0.0,0.0,0.0,0.0,1.0,0.0,0.0,0.0,0.0,-60.0,11.48237133026123,0.0,4.0,1.0,324.0,-1.0,0.0,0.0,0.0,0.0,1.0,0.0,0.0,0.0,0.0,3.0
60.0,11.043149948120117,0.0,4.0,0.0,324.0,-1.0,0.0,0.0,0.0,0.0,1.0,0.0,0.0,0.0,0.0,-60.0,10.768636703491211,0.0,4.0,1.0,324.0,-1.0,0.0,0.0,0.0,0.0,1.0,0.0,0.0,0.0,0.0,26.0
60.0,10.329416275024414,0.0,4.0,0.0,324.0,-1.0,0.0,0.0,0.0,0.0,1.0,0.0,0.0,0.0,0.0,-60.0,10.054903030395508,0.0,4.0,1.0,324.0,-1.0,0.0,0.0,0.0,0.0,1.0,0.0,0.0,0.0,0.0,39.0
60.0,5.374902725219727,0.0,4.0,0.0,29.0,8.0,0.0,0.0,0.0,0.0,1.0,0.0,0.0,-1.0399999618530273,0.0,-60.0,-1.775097131729126,0.0,4.0,1.0,29.0,5.0,0.0,0.0,0.0,0.0,1.0,0.0,0.0,-1.6899999380111694,0.0,3.0
60.0,9.999999747378752e-05,0.0,4.0,0.0,41.0,1.0,0.0,0.0,0.0,0.0,2.0,1.0,0.0,0.0,0.0,-60.0,9.999999747378752e-05,0.0,4.0,1.0,178.0,-1.0,0.0,0.0,5.0,0.0,2.0,1.0,0.0,0.0,0.0,10.0
64.50235748291016,9.999999747378752e-05,0.0,4.0,0.0,60.0,10.0,0.0,0.0,0.0,0.0,2.0,1.0,0.0,0.0,0.0,-60.0,9.999999747378752e-05,0.0,4.0,1.0,235.0,13.0,0.0,0.0,6.0,0.0,2.0,1.0,0.0,0.0,0.0,10.0
45.816490173339844,9.999999747378752e-05,0.0,4.0,0.0,60.0,23.0,0.0,0.0,0.0,0.0,2.0,1.0,3.534957766532898,0.0,0.0,-60.0,9.999999747378752e-05,0.0,4.0,1.0,235.0,26.0,0.0,0.0,6.0,0.0,2.0,1.0,0.0,0.0,0.0,42.0
45.75266647338867,9.999999747378752e-05,0.0,4.0,0.0,60.0,36.0,0.0,0.0,0.0,0.0,2.0,1.0,0.02087783720344305,0.0,0.0,-60.0,9.999999747378752e-05,0.0,4.0,1.0,18.0,7.0,0.0,0.0,0.0,0.0,2.0,1.0,0.0,0.0,0.0,42.0
45.65671157836914,9.999999747378752e-05,0.0,4.0,0.0,60.0,49.0,0.0,0.0,0.0,0.0,2.0,1.0,-0.03405952267348766,0.0,0.0,-87.3800277709961,9.999999747378752e-05,0.0,4.0,0.0,29.0,1.0,0.0,0.0,0.0,0.0,1.0,0.0,-1.1200000047683716,0.0,1.0,26.0
45.57564926147461,9.999999747378752e-05,0.0,4.0,0.0,18.0,3.0,0.0,0.0,0.0,0.0,2.0,1.0,0.0,0.0,0.0,-97.61002349853516,-42.12989807128906,0.0,4.0,0.0,29.0,6.0,0.0,0.0,0.0,0.0,1.0,0.0,-0.5340002775192261,-3.5,1.0,33.0
45.57564926147461,9.999999747378752e-05,0.0,4.0,1.0,212.0,13.0,0.0,0.0,0.0,0.0,2.0,1.0,0.0,0.0,0.0,-100.24202728271484,-87.62989807128906,0.0,4.0,0.0,67.0,13.0,0.0,0.0,0.0,0.0,1.0,0.0,0.03199978917837143,-3.5,1.0,47.0
45.57564926147461,9.999999747378752e-05,0.0,4.0,1.0,212.0,26.0,0.0,0.0,0.0,0.0,2.0,1.0,0.0,0.0,0.0,-95.51602935791016,-133.12989807128906,0.0,4.0,0.0,67.0,26.0,0.0,0.0,0.0,0.0,1.0,0.0,0.5979998111724854,-3.5,1.0,22.0
45.57564926147461,9.999999747378752e-05,0.0,4.0,1.0,14.0,9.0,0.0,0.0,0.0,0.0,2.0,1.0,0.0,0.0,0.0,-94.35002899169922,-140.12989807128906,0.0,3.0,0.0,0.0,-1.0,0.0,0.0,0.0,0.0,1.0,0.0,0.0,0.0,1.0,47.0
38.742645263671875,23.220094680786133,0.0,4.0,1.0,26.0,9.0,0.0,0.0,0.0,0.0,1.0,0.0,-0.7739999890327454,2.0599989891052246,0.0,-94.35002899169922,-140.12989807128906,0.0,3.0,0.0,0.0,-1.0,0.0,0.0,0.0,0.0,1.0,0.0,0.0,0.0,1.0,7.0
52.99263381958008,47.66008758544922,0.0,4.0,1.0,27.0,13.0,0.0,0.0,0.0,0.0,0.0,0.0,1.1100000143051147,1.0999993085861206,0.0,-94.35002899169922,-140.12989807128906,0.0,3.0,0.0,0.0,-1.0,0.0,0.0,0.0,0.0,1.0,0.0,0.0,0.0,1.0,47.0
63.0926399230957,50.13008117675781,0.0,4.0,1.0,27.0,26.0,0.0,0.0,0.0,0.0,0.0,0.0,0.5240002870559692,-0.5900006294250488,0.0,-94.35002899169922,-140.12989807128906,0.0,3.0,0.0,0.0,-1.0,0.0,0.0,0.0,0.0,1.0,0.0,0.0,0.0,1.0,21.0
64.65912628173828,53.739784240722656,0.0,4.0,1.0,359.0,13.0,0.0,0.0,0.0,0.0,0.0,0.0,0.24607038497924805,-0.023047924041748047,0.0,16.0,109.4000015258789,0.0,3.0,0.0,12.0,4.0,0.0,0.0,0.0,0.0,1.0,0.0,0.0,-1.1500000953674316,0.0,12.0
77.65159606933594,14.647397994995117,0.0,4.0,1.0,359.0,26.0,0.0,0.0,0.0,0.0,0.0,0.0,1.225423812866211,-3.8174819946289062,0.0,16.0,94.44998931884766,0.0,3.0,0.0,12.0,17.0,0.0,0.0,0.0,0.0,1.0,0.0,0.0,-1.1499998569488525,0.0,40.0
85.57112121582031,9.999999747378752e-05,0.0,4.0,1.0,360.0,8.0,0.0,0.0,0.0,0.0,2.0,1.0,0.0,0.0,0.0,16.0,79.49996948242188,0.0,3.0,0.0,12.0,30.0,0.0,0.0,0.0,0.0,1.0,0.0,0.0,-1.1499990224838257,0.0,12.0
85.57112121582031,9.999999747378752e-05,0.0,4.0,1.0,360.0,21.0,0.0,0.0,0.0,0.0,2.0,1.0,0.0,0.0,0.0,16.0,64.54995727539062,0.0,3.0,0.0,12.0,43.0,0.0,0.0,0.0,0.0,1.0,0.0,0.0,-1.1499977111816406,0.0,3.0
85.57112121582031,9.999999747378752e-05,0.0,4.0,1.0,360.0,34.0,0.0,0.0,0.0,0.0,2.0,1.0,0.0,0.0,0.0,16.0,49.5999870300293,0.0,3.0,0.0,12.0,56.0,0.0,0.0,0.0,0.0,1.0,0.0,0.0,-1.1499969959259033,0.0,10.0
85.57112121582031,9.999999747378752e-05,0.0,4.0,1.0,18.0,3.0,0.0,0.0,0.0,0.0,2.0,1.0,0.0,0.0,0.0,13.89799976348877,39.14999771118164,0.0,3.0,0.0,29.0,1.0,0.0,0.0,0.0,0.0,1.0,0.0,-0.37400004267692566,-1.1699999570846558,0.0,44.0
85.5656967163086,0.0,0.0,4.0,1.0,233.0,12.0,0.0,0.0,0.0,0.0,2.0,1.0,2.617168426513672,0.0,0.0,12.331510543823242,42.759700775146484,0.0,3.0,0.0,359.0,13.0,0.0,0.0,0.0,0.0,1.0,0.0,-0.24607038497924805,-0.023047924041748047,0.0,29.0
85.5656967163086,0.0,0.0,4.0,0.0,233.0,25.0,0.0,0.0,0.0,0.0,2.0,1.0,0.36299896240234375,0.0,0.0,-0.6609368324279785,3.667318344116211,0.0,3.0,0.0,359.0,26.0,0.0,0.0,0.0,0.0,1.0,0.0,-1.225423812866211,-3.8174819946289062,0.0,19.0
82.54425048828125,9.999999747378752e-05,0.0,4.0,0.0,14.0,1.0,0.0,0.0,-1.0,0.0,2.0,1.0,-0.9982777833938599,0.0,0.0,-5.638908386230469,9.999999747378752e-05,0.0,3.0,0.0,360.0,11.0,0.0,0.0,0.0,0.0,2.0,1.0,0.0,0.0,0.0,43.0
85.5656967163086,0.0,0.0,4.0,0.0,234.0,12.0,0.0,0.0,0.0,0.0,2.0,1.0,3.231128692626953,0.0,0.0,-5.638908386230469,9.999999747378752e-05,0.0,3.0,0.0,360.0,24.0,0.0,0.0,0.0,0.0,2.0,1.0,0.0,0.0,0.0,6.0
85.5656967163086,0.0,0.0,4.0,0.0,234.0,25.0,0.0,0.0,0.0,0.0,2.0,1.0,1.2895355224609375,0.0,0.0,-5.638908386230469,9.999999747378752e-05,0.0,3.0,0.0,360.0,37.0,0.0,0.0,0.0,0.0,2.0,1.0,0.0,0.0,0.0,21.0
85.590576171875,9.999999747378752e-05,0.0,4.0,0.0,39.0,7.0,0.0,0.0,0.0,0.0,2.0,1.0,0.0,0.0,0.0,-5.638908386230469,9.999999747378752e-05,0.0,3.0,0.0,39.0,6.0,0.0,0.0,0.0,0.0,2.0,1.0,0.0,0.0,0.0,26.0
88.00763702392578,0.013088906183838844,0.0,4.0,0.0,353.0,13.0,0.0,0.0,0.0,0.0,1.0,0.0,0.0,0.0009842673316597939,1.0,17.14108657836914,9.999999747378752e-05,0.0,3.0,1.0,20.0,11.0,0.0,0.0,0.0,0.0,2.0,1.0,4.43999981880188,0.0,0.0,49.0
84.87992858886719,40.730857849121094,0.0,4.0,0.0,353.0,26.0,0.0,0.0,0.0,0.0,0.0,0.0,-0.24059629440307617,1.5610313415527344,0.0,7.443928241729736,9.999999747378752e-05,0.0,3.0,1.0,349.0,13.0,0.0,0.0,0.0,0.0,2.0,1.0,0.0006294250197242945,0.0,0.0,26.0
84.15461730957031,48.496070861816406,0.0,4.0,0.0,353.0,39.0,0.0,0.0,0.0,0.0,0.0,0.0,-0.24059629440307617,-0.3149833679199219,0.0,44.699729919433594,9.999999747378752e-05,0.0,3.0,1.0,349.0,26.0,0.0,0.0,0.0,0.0,2.0,1.0,5.1566808223724365,0.0,0.0,12.0
81.02688598632812,33.043701171875,0.0,4.0,0.0,353.0,52.0,0.0,0.0,0.0,0.0,0.0,0.0,-0.24059677124023438,-1.65423583984375,0.0,64.70950317382812,9.999999747378752e-05,0.0,3.0,1.0,349.0,39.0,0.0,0.0,0.0,0.0,2.0,1.0,1.8140258193016052,0.0,0.0,48.0
77.9091567993164,12.835281372070312,0.0,4.0,0.0,35.0,1.0,0.0,0.0,0.0,0.0,0.0,0.0,-0.23059676587581635,-1.386290431022644,0.0,72.68219757080078,9.999999747378752e-05,0.0,3.0,1.0,349.0,52.0,0.0,0.0,0.0,0.0,2.0,1.0,0.7849654853343964,0.0,0.0,27.0
77.28321075439453,9.999999747378752e-05,0.0,4.0,0.0,43.0,9.0,0.0,0.0,0.0,0.0,2.0,1.0,0.0,0.0,0.0,72.97489929199219,9.999999747378752e-05,0.0,3.0,1.0,349.0,65.0,0.0,0.0,0.0,0.0,2.0,1.0,0.1584625169634819,0.0,0.0,42.0
78.7832260131836,9.999999747378752e-05,0.0,4.0,0.0,43.0,22.0,0.0,0.0,0.0,0.0,2.0,1.0,0.0,0.0,0.0,71.50423431396484,9.999999747378752e-05,0.0,3.0,1.0,349.0,78.0,0.0,0.0,0.0,0.0,2.0,1.0,-0.06549834832549095,0.0,0.0,25.0
78.7832260131836,9.999999747378752e-05,0.0,4.0,0.0,18.0,5.0,0.0,0.0,0.0,0.0,2.0,1.0,0.0,0.0,0.0,71.47120666503906,9.999999747378752e-05,0.0,3.0,1.0,41.0,1.0,0.0,0.0,0.0,0.0,2.0,1.0,0.0,0.0,0.0,13.0
78.7832260131836,9.999999747378752e-05,0.0,4.0,1.0,44.0,13.0,0.0,0.0,0.0,0.0,2.0,1.0,0.0,0.0,0.0,71.47120666503906,9.999999747378752e-05,0.0,3.0,1.0,18.0,4.0,0.0,0.0,0.0,0.0,2.0,1.0,0.0,0.0,0.0,8.0
84.0482177734375,18.970096588134766,0.0,4.0,1.0,25.0,7.0,0.0,0.0,0.0,0.0,1.0,0.0,0.7739999890327454,2.3199992179870605,0.0,61.731201171875,23.220094680786133,0.0,3.0,1.0,26.0,9.0,0.0,0.0,0.0,0.0,1.0,0.0,-1.1100000143051147,2.0599989891052246,0.0,45.0
89.78022003173828,37.30008316040039,0.0,4.0,1.0,25.0,20.0,0.0,0.0,0.0,0.0,1.0,0.0,0.18800003826618195,0.629999041557312,1.0,51.63119888305664,38.170082092285156,0.0,3.0,1.0,66.0,13.0,0.0,0.0,0.0,0.0,1.0,0.0,-0.5240002870559692,0.3699990510940552,0.0,8.0
99.78819274902344,61.74007797241211,0.0,4.0,1.0,27.0,13.0,0.0,0.0,0.0,0.0,0.0,0.0,0.7739999890327454,1.0999993085861206,1.0,45.72919464111328,31.150068283081055,0.0,3.0,1.0,66.0,26.0,0.0,0.0,0.0,0.0,1.0,0.0,-0.39400041103363037,-1.3200008869171143,0.0,33.0
109.97015380859375,64.21007537841797,0.0,4.0,1.0,66.0,13.0,0.0,0.0,0.0,0.0,0.0,0.0,0.7739999890327454,-0.5900006294250488,1.0,41.517189025878906,2.27005672454834,0.0,3.0,1.0,66.0,39.0,0.0,0.0,0.0,0.0,1.0,0.0,-0.2640005350112915,-2.9000000953674316,0.0,40.0
119.12215423583984,44.71006774902344,0.0,4.0,1.0,66.0,26.0,0.0,0.0,0.0,0.0,0.0,0.0,0.6440001130104065,-2.280000686645508,1.0,41.517189025878906,2.27005672454834,0.0,3.0,0.0,351.0,13.0,0.0,0.0,0.0,0.0,0.0,0.0,0.0,0.0,0.0,47.0
123.16415405273438,8.190065383911133,0.0,4.0,1.0,66.0,39.0,0.0,0.0,0.0,0.0,0.0,0.0,0.058000124990940094,-2.9000000953674316,1.0,18.5533504486084,2.27005672454834,0.0,3.0,0.0,351.0,26.0,0.0,0.0,0.0,0.0,0.0,0.0,-2.0173511505126953,0.0,0.0,22.0
123.30415344238281,-29.509933471679688,0.0,4.0,0.0,348.0,13.0,0.0,0.0,0.0,0.0,0.0,0.0,0.0,-2.9000000953674316,1.0,-1.4342041015625,9.999999747378752e-05,0.0,3.0,0.0,43.0,1.0,0.0,0.0,0.0,0.0,2.0,1.0,-2.3244094848632812,-0.5000000596046448,0.0,3.0
123.30415344238281,-67.20995330810547,0.0,4.0,0.0,348.0,26.0,0.0,0.0,0.0,0.0,0.0,0.0,0.0,-2.9000000953674316,1.0,-7.300662040710449,9.999999747378752e-05,0.0,3.0,0.0,43.0,20.0,0.0,0.0,0.0,0.0,2.0,1.0,0.0,0.0,0.0,21.0
123.30415344238281,-104.90997314453125,0.0,4.0,0.0,348.0,39.0,0.0,0.0,0.0,0.0,0.0,0.0,0.0,-2.9000000953674316,1.0,-7.300662040710449,9.999999747378752e-05,0.0,3.0,0.0,178.0,-1.0,0.0,0.0,6.0,0.0,2.0,1.0,0.0,0.0,0.0,25.0
118.34123229980469,-133.90997314453125,0.0,4.0,0.0,348.0,52.0,0.0,0.0,0.0,0.0,0.0,0.0,-1.5184416770935059,0.0,1.0,-34.046791076660156,9.999999747378752e-05,0.0,3.0,0.0,233.0,13.0,0.0,0.0,0.0,0.0,2.0,1.0,-2.371005892753601,0.0,0.0,48.0
106.75108337402344,-134.03997802734375,0.0,4.0,0.0,348.0,65.0,0.0,0.0,0.0,0.0,0.0,0.0,-0.5482801198959351,-0.12999999523162842,1.0,-41.01689529418945,9.999999747378752e-05,0.0,3.0,1.0,233.0,26.0,0.0,0.0,0.0,0.0,2.0,1.0,-0.2744903415441513,0.0,0.0,0.0
105.5105209350586,-141.03997802734375,0.0,3.0,0.0,0.0,-1.0,0.0,0.0,0.0,0.0,0.0,0.0,0.0,0.0,1.0,-41.2515754699707,9.999999747378752e-05,0.0,3.0,0.0,18.0,8.0,0.0,0.0,0.0,0.0,2.0,1.0,0.0,0.0,0.0,27.0
105.5105209350586,-141.03997802734375,0.0,3.0,0.0,0.0,-1.0,0.0,0.0,0.0,0.0,0.0,0.0,0.0,0.0,1.0,-50.948726654052734,9.999999747378752e-05,0.0,3.0,1.0,349.0,13.0,0.0,0.0,0.0,0.0,2.0,1.0,0.0006294250197242945,0.0,0.0,48.0
105.5105209350586,-141.03997802734375,0.0,3.0,0.0,0.0,-1.0,0.0,0.0,0.0,0.0,0.0,0.0,0.0,0.0,1.0,-13.692922592163086,9.999999747378752e-05,0.0,3.0,1.0,349.0,26.0,0.0,0.0,0.0,0.0,2.0,1.0,5.1566808223724365,0.0,0.0,27.0
105.5105209350586,-141.03997802734375,0.0,3.0,0.0,0.0,-1.0,0.0,0.0,0.0,0.0,0.0,0.0,0.0,0.0,1.0,6.3168559074401855,9.999999747378752e-05,0.0,3.0,1.0,349.0,39.0,0.0,0.0,0.0,0.0,2.0,1.0,1.8140258193016052,0.0,0.0,36.0
-50.0,109.39998626708984,0.0,3.0,1.0,12.0,4.0,0.0,0.0,0.0,0.0,1.0,0.0,0.0,-1.149999737739563,0.0,14.289576530456543,9.999999747378752e-05,0.0,3.0,1.0,349.0,52.0,0.0,0.0,0.0,0.0,2.0,1.0,0.7849654853343964,0.0,0.0,42.0
-50.0,94.4499740600586,0.0,3.0,1.0,12.0,17.0,0.0,0.0,0.0,0.0,1.0,0.0,0.0,-1.1499994993209839,0.0,16.98232078552246,9.999999747378752e-05,0.0,3.0,1.0,349.0,65.0,0.0,0.0,0.0,0.0,2.0,1.0,0.1584625169634819,0.0,0.0,30.0
-50.0,79.49995422363281,0.0,3.0,1.0,12.0,30.0,0.0,0.0,0.0,0.0,1.0,0.0,0.0,-1.1499985456466675,0.0,17.01167106628418,9.999999747378752e-05,0.0,3.0,1.0,349.0,78.0,0.0,0.0,0.0,0.0,2.0,1.0,-0.06549834832549095,0.0,0.0,40.0
-50.0,64.54995727539062,0.0,3.0,1.0,12.0,43.0,0.0,0.0,0.0,0.0,1.0,0.0,0.0,-1.1499977111816406,0.0,10.929638862609863,21.16009521484375,0.0,3.0,1.0,26.0,8.0,0.0,0.0,0.0,0.0,1.0,0.0,-0.7739999890327454,2.1899991035461426,0.0,46.0
-50.0,49.5999870300293,0.0,3.0,1.0,12.0,56.0,0.0,0.0,0.0,0.0,1.0,0.0,0.0,-1.1499969959259033,0.0,-3.3203611373901367,45.6000862121582,0.0,3.0,1.0,28.0,13.0,0.0,0.0,0.0,0.0,0.0,0.0,-1.1100000143051147,1.0999993085861206,0.0,24.0
-47.89799499511719,39.14999771118164,0.0,3.0,1.0,29.0,1.0,0.0,0.0,0.0,0.0,1.0,0.0,0.37400004267692566,-1.1699999570846558,0.0,-13.420364379882812,48.07007598876953,0.0,3.0,1.0,66.0,13.0,0.0,0.0,0.0,0.0,0.0,0.0,-0.5240002870559692,-0.5900006294250488,0.0,7.0
-33.648006439208984,63.58999252319336,0.0,3.0,1.0,27.0,13.0,0.0,0.0,0.0,0.0,0.0,0.0,1.1100000143051147,1.0999993085861206,0.0,-15.922367095947266,2.5700759887695312,0.0,3.0,1.0,66.0,26.0,0.0,0.0,0.0,0.0,0.0,0.0,0.041999779641628265,-3.5,0.0,16.0
-19.097997665405273,66.05998229980469,0.0,3.0,1.0,66.0,13.0,0.0,0.0,0.0,0.0,0.0,0.0,1.1100000143051147,-0.5900006294250488,0.0,-15.868368148803711,9.999999747378752e-05,0.0,3.0,1.0,71.0,18.0,0.0,0.0,0.0,0.0,2.0,1.0,0.0,0.0,0.0,3.0
-5.577996253967285,20.559982299804688,0.0,3.0,1.0,66.0,26.0,0.0,0.0,0.0,0.0,0.0,0.0,0.9800001382827759,-3.5,0.0,-13.945704460144043,9.999999747378752e-05,0.0,3.0,1.0,14.0,1.0,0.0,0.0,0.0,0.0,2.0,1.0,0.6638562381267548,0.0,0.0,44.0
4.302006721496582,9.999999747378752e-05,0.0,3.0,1.0,71.0,21.0,0.0,0.0,0.0,0.0,2.0,1.0,0.7000006139278412,0.0,0.0,-23.642868041992188,9.999999747378752e-05,0.0,3.0,1.0,349.0,13.0,0.0,0.0,0.0,0.0,2.0,1.0,0.0006294250197242945,0.0,0.0,43.0
27.686325073242188,9.999999747378752e-05,0.0,3.0,1.0,233.0,10.0,0.0,0.0,0.0,0.0,2.0,1.0,3.145877718925476,0.0,0.0,13.612936019897461,9.999999747378752e-05,0.0,3.0,1.0,349.0,26.0,0.0,0.0,0.0,0.0,2.0,1.0,5.1566808223724365,0.0,0.0,30.0
38.037689208984375,9.999999747378752e-05,0.0,3.0,0.0,233.0,23.0,0.0,0.0,0.0,0.0,2.0,1.0,0.5763930976390839,0.0,0.0,32.4227180480957,9.999999747378752e-05,0.0,3.0,1.0,349.0,39.0,0.0,0.0,0.0,0.0,2.0,1.0,1.8140258193016052,0.0,0.0,13.0
40.32292175292969,9.999999747378752e-05,0.0,3.0,0.0,14.0,5.0,0.0,0.0,0.0,0.0,2.0,1.0,0.0,0.0,0.0,36.49544906616211,9.999999747378752e-05,0.0,3.0,1.0,349.0,52.0,0.0,0.0,0.0,0.0,2.0,1.0,0.7849654853343964,0.0,0.0,42.0
40.622920989990234,9.999999747378752e-05,0.0,3.0,0.0,235.0,13.0,0.0,0.0,0.0,0.0,2.0,1.0,0.0,0.0,0.0,35.288204193115234,9.999999747378752e-05,0.0,3.0,1.0,349.0,65.0,0.0,0.0,0.0,0.0,2.0,1.0,0.1584625169634819,0.0,0.0,38.0
40.622920989990234,9.999999747378752e-05,0.0,3.0,0.0,235.0,26.0,0.0,0.0,0.0,0.0,2.0,1.0,0.0,0.0,0.0,33.217559814453125,9.999999747378752e-05,0.0,3.0,1.0,349.0,78.0,0.0,0.0,0.0,0.0,2.0,1.0,-0.06549834832549095,0.0,0.0,24.0
40.02292251586914,9.999999747378752e-05,0.0,3.0,0.0,39.0,7.0,0.0,0.0,0.0,0.0,2.0,1.0,0.0,0.0,0.0,57.43657302856445,9.999999747378752e-05,0.0,3.0,1.0,233.0,11.0,0.0,0.0,0.0,0.0,2.0,1.0,2.87545382976532,0.0,0.0,40.0
40.02292251586914,9.999999747378752e-05,0.0,3.0,0.0,180.0,0.0,0.0,0.0,12.0,0.0,2.0,1.0,0.0,0.0,0.0,66.58202362060547,9.999999747378752e-05,0.0,3.0,0.0,233.0,24.0,0.0,0.0,0.0,0.0,2.0,1.0,0.4636230170726776,0.0,0.0,21.0
40.02292251586914,9.999999747378752e-05,0.0,3.0,0.0,235.0,13.0,0.0,0.0,13.0,0.0,2.0,1.0,0.0,0.0,0.0,67.13544464111328,9.999999747378752e-05,0.0,3.0,0.0,178.0,-1.0,0.0,0.0,5.0,0.0,2.0,1.0,0.0,0.0,0.0,12.0
40.02292251586914,9.999999747378752e-05,0.0,3.0,0.0,235.0,26.0,0.0,0.0,13.0,0.0,2.0,1.0,0.0,0.0,0.0,67.13544464111328,9.999999747378752e-05,0.0,3.0,0.0,235.0,13.0,0.0,0.0,6.0,0.0,2.0,1.0,0.0,0.0,0.0,26.0
40.02292251586914,9.999999747378752e-05,0.0,3.0,0.0,18.0,7.0,0.0,0.0,0.0,0.0,2.0,1.0,0.0,0.0,0.0,67.13544464111328,9.999999747378752e-05,0.0,3.0,0.0,235.0,26.0,0.0,0.0,6.0,0.0,2.0,1.0,0.0,0.0,0.0,19.0
49.72007369995117,9.999999747378752e-05,0.0,3.0,0.0,349.0,13.0,0.0,0.0,0.0,0.0,2.0,1.0,-0.0006294250197242945,0.0,0.0,67.13544464111328,9.999999747378752e-05,0.0,3.0,0.0,39.0,7.0,0.0,0.0,0.0,0.0,2.0,1.0,0.0,0.0,0.0,42.0
12.464269638061523,9.999999747378752e-05,0.0,3.0,0.0,349.0,26.0,0.0,0.0,0.0,0.0,2.0,1.0,-5.1566808223724365,0.0,0.0,61.78371810913086,9.999999747378752e-05,0.0,3.0,0.0,357.0,13.0,0.0,0.0,0.0,0.0,2.0,1.0,-5.35172438621521,0.0,0.0,27.0
-7.54550838470459,9.999999747378752e-05,0.0,3.0,0.0,349.0,39.0,0.0,0.0,0.0,0.0,2.0,1.0,-1.8140258193016052,0.0,0.0,26.997520446777344,9.999999747378752e-05,0.0,3.0,0.0,357.0,26.0,0.0,0.0,0.0,0.0,2.0,1.0,-5.351722478866577,0.0,0.0,21.0
-15.518229484558105,9.999999747378752e-05,0.0,3.0,0.0,349.0,52.0,0.0,0.0,0.0,0.0,2.0,1.0,-0.7849654853343964,0.0,0.0,-7.788687705993652,9.999999747378752e-05,0.0,3.0,0.0,357.0,39.0,0.0,0.0,0.0,0.0,2.0,1.0,-5.351730108261108,0.0,0.0,36.0
-20.010971069335938,9.999999747378752e-05,0.0,3.0,0.0,349.0,65.0,0.0,0.0,0.0,0.0,2.0,1.0,-0.1584625169634819,0.0,0.0,-23.824682235717773,9.999999747378752e-05,0.0,3.0,0.0,358.0,13.0,0.0,0.0,0.0,0.0,2.0,1.0,-1.2079992294311523,0.0,0.0,47.0
-18.84032440185547,9.999999747378752e-05,0.0,3.0,0.0,349.0,78.0,0.0,0.0,0.0,0.0,2.0,1.0,0.06549834832549095,0.0,0.0,-26.160676956176758,9.999999747378752e-05,0.0,3.0,0.0,358.0,26.0,0.0,0.0,0.0,0.0,2.0,1.0,0.0,0.0,0.0,3.0
-18.807292938232422,9.999999747378752e-05,0.0,3.0,0.0,41.0,1.0,0.0,0.0,0.0,0.0,2.0,1.0,0.0,0.0,0.0,-26.160676956176758,9.999999747378752e-05,0.0,3.0,0.0,41.0,1.0,0.0,0.0,0.0,0.0,2.0,1.0,0.0,0.0,0.0,27.0
-18.807292938232422,9.999999747378752e-05,0.0,3.0,0.0,64.0,13.0,0.0,0.0,0.0,0.0,2.0,1.0,0.0,0.0,0.0,-26.160676956176758,9.999999747378752e-05,0.0,3.0,0.0,63.0,8.0,0.0,0.0,0.0,0.0,2.0,1.0,0.0,0.0,0.0,3.0
-18.807292938232422,9.999999747378752e-05,0.0,3.0,0.0,64.0,19.0,0.0,2.0,0.0,0.0,2.0,1.0,0.0,0.0,0.0,-26.160676956176758,9.999999747378752e-05,18.0,3.0,1.0,80.0,1.0,0.0,2.0,29.0,0.0,1.0,0.0,-1.569007158279419,1.5151727199554443,0.0,3.0
-18.807292938232422,9.999999747378752e-05,0.0,3.0,0.0,64.0,31.0,0.0,0.0,0.0,0.0,2.0,1.0,0.0,0.0,0.0,-42.127227783203125,5.278822898864746,18.0,3.0,1.0,80.0,13.0,0.0,0.0,17.0,0.0,1.0,0.0,-1.1287715435028076,-0.4699580669403076,0.0,30.0
-18.807292938232422,9.999999747378752e-05,0.0,3.0,0.0,64.0,44.0,0.0,0.0,0.0,0.0,2.0,1.0,0.0,0.0,0.0,-53.0296630859375,9.999999747378752e-05,18.0,3.0,1.0,42.0,5.0,0.0,0.0,0.0,0.0,2.0,1.0,-0.47859451174736023,0.0,0.0,10.0
-14.304938316345215,9.999999747378752e-05,0.0,3.0,0.0,60.0,10.0,0.0,0.0,0.0,0.0,2.0,1.0,0.0,0.0,0.0,-79.30265045166016,9.999999747378752e-05,18.0,3.0,0.0,20.0,12.0,0.0,0.0,0.0,0.0,2.0,1.0,-4.440000057220459,0.0,0.0,19.0
-32.990814208984375,9.999999747378752e-05,0.0,3.0,0.0,60.0,23.0,0.0,0.0,0.0,0.0,2.0,1.0,3.534957766532898,0.0,0.0,-96.212646484375,-5.849899768829346,18.0,3.0,0.0,29.0,2.0,0.0,0.0,0.0,0.0,1.0,0.0,-1.03000009059906,-1.1699999570846558,1.0,3.0
-33.05463790893555,9.999999747378752e-05,0.0,3.0,0.0,60.0,36.0,0.0,0.0,0.0,0.0,2.0,1.0,0.02087783720344305,0.0,0.0,-106.22061920166016,18.590089797973633,18.0,3.0,0.0,27.0,13.0,0.0,0.0,0.0,0.0,0.0,0.0,-0.7739999890327454,1.0999993085861206,1.0,12.0
-33.15059280395508,9.999999747378752e-05,0.0,3.0,0.0,60.0,49.0,0.0,0.0,0.0,0.0,2.0,1.0,-0.03405952267348766,0.0,0.0,-111.95262145996094,21.060081481933594,18.0,3.0,0.0,67.0,13.0,0.0,0.0,0.0,0.0,0.0,0.0,-0.18800003826618195,-0.5900006294250488,1.0,3.0
-33.23165512084961,9.999999747378752e-05,0.0,3.0,0.0,39.0,3.0,0.0,0.0,0.0,0.0,2.0,1.0,0.0,0.0,0.0,-119.78660583496094,1.5600738525390625,18.0,3.0,0.0,67.0,26.0,0.0,0.0,0.0,0.0,0.0,0.0,-0.8980000615119934,-2.280000686645508,1.0,19.0
-23.53449249267578,9.999999747378752e-05,0.0,3.0,0.0,349.0,13.0,0.0,0.0,0.0,0.0,2.0,1.0,-0.0006294250197242945,0.0,0.0,-127.13059997558594,-34.959930419921875,18.0,3.0,0.0,29.0,4.0,0.0,0.0,0.0,0.0,0.0,0.0,-0.31200021505355835,-2.9000000953674316,1.0,3.0
-60.7902946472168,9.999999747378752e-05,0.0,3.0,0.0,349.0,26.0,0.0,0.0,0.0,0.0,2.0,1.0,-5.1566808223724365,0.0,0.0,-126.87660217285156,-72.65995025634766,18.0,3.0,0.0,67.0,13.0,0.0,0.0,0.0,0.0,0.0,0.0,0.25399982929229736,-2.9000000953674316,1.0,0.0
-80.80005645751953,9.999999747378752e-05,0.0,3.0,0.0,349.0,39.0,0.0,0.0,0.0,0.0,2.0,1.0,-1.81402587890625,0.0,0.0,-119.35660552978516,-110.35997009277344,18.0,3.0,0.0,67.0,26.0,0.0,0.0,0.0,0.0,0.0,0.0,0.7739999890327454,-2.9000000953674316,1.0,10.0
-85.5656967163086,0.0,0.0,3.0,0.0,349.0,52.0,0.0,0.0,0.0,0.0,2.0,1.0,-0.7849655151367188,0.0,0.0,-112.3006362915039,-141.85997009277344,0.0,2.0,0.0,0.0,-1.0,0.0,0.0,0.0,0.0,0.0,0.0,0.0,0.0,1.0,6.0
-85.5656967163086,0.0,0.0,3.0,0.0,349.0,65.0,0.0,0.0,0.0,0.0,2.0,1.0,-0.1584625244140625,0.0,0.0,-112.3006362915039,-141.85997009277344,0.0,2.0,0.0,0.0,-1.0,0.0,0.0,0.0,0.0,0.0,0.0,0.0,0.0,1.0,53.0
-85.48268127441406,9.999999747378752e-05,0.0,3.0,0.0,349.0,78.0,0.0,0.0,0.0,0.0,2.0,1.0,0.06549835205078125,0.0,0.0,-112.3006362915039,-141.85997009277344,0.0,2.0,0.0,0.0,-1.0,0.0,0.0,0.0,0.0,0.0,0.0,0.0,0.0,1.0,52.0
-62.66961669921875,9.999999747378752e-05,0.0,3.0,1.0,20.0,11.0,0.0,0.0,0.0,0.0,2.0,1.0,4.43999981880188,0.0,0.0,-112.3006362915039,-141.85997009277344,0.0,2.0,0.0,0.0,-1.0,0.0,0.0,0.0,0.0,0.0,0.0,0.0,0.0,1.0,2.0
-52.39961242675781,23.220094680786133,0.0,3.0,1.0,26.0,9.0,0.0,0.0,0.0,0.0,1.0,0.0,0.17399992048740387,2.0599989891052246,0.0,-112.3006362915039,-141.85997009277344,0.0,2.0,0.0,0.0,-1.0,0.0,0.0,0.0,0.0,0.0,0.0,0.0,0.0,1.0,19.0
-52.39961242675781,23.220094680786133,0.0,3.0,0.0,351.0,13.0,0.0,0.0,0.0,0.0,0.0,0.0,0.0,0.0,0.0,16.0,102.49999237060547,0.0,2.0,0.0,12.0,10.0,0.0,0.0,0.0,0.0,1.0,0.0,0.0,-1.149999976158142,0.0,25.0
-75.36344909667969,23.220094680786133,0.0,3.0,0.0,351.0,26.0,0.0,0.0,0.0,0.0,0.0,0.0,-2.0173511505126953,0.0,0.0,16.0,87.54997253417969,0.0,2.0,0.0,12.0,23.0,0.0,0.0,0.0,0.0,1.0,0.0,0.0,-1.1499993801116943,0.0,3.0
-95.35099792480469,20.470094680786133,0.0,3.0,0.0,351.0,39.0,0.0,0.0,0.0,0.0,0.0,0.0,-1.1622047424316406,-0.5000000596046448,1.0,16.0,72.5999526977539,0.0,2.0,0.0,12.0,36.0,0.0,0.0,0.0,0.0,1.0,0.0,0.0,-1.1499981880187988,0.0,5.0
-105.85931396484375,9.42009449005127,0.0,3.0,0.0,351.0,52.0,0.0,0.0,-1.0,0.0,0.0,0.0,-0.5410041809082031,-1.149999976158142,1.0,16.0,57.64997100830078,0.0,2.0,0.0,12.0,49.0,0.0,0.0,0.0,0.0,1.0,0.0,0.0,-1.1499974727630615,0.0,21.0
-109.92974853515625,-10.079900741577148,0.0,3.0,0.0,351.0,65.0,0.0,0.0,-1.0,0.0,0.0,0.0,-0.153778076171875,-1.7999993562698364,1.0,16.0,44.6099967956543,0.0,2.0,0.0,29.0,2.0,0.0,0.0,0.0,0.0,1.0,0.0,0.0,-0.25999999046325684,0.0,42.0
-110.60360717773438,-38.029884338378906,0.0,3.0,0.0,351.0,78.0,0.0,0.0,-2.0,0.0,0.0,0.0,-0.000461578369140625,-2.4499988555908203,1.0,5.991997718811035,69.04998779296875,0.0,2.0,0.0,27.0,13.0,0.0,0.0,0.0,0.0,0.0,0.0,-0.7739999890327454,1.0999993085861206,0.0,42.0
-106.89618682861328,-82.5298843383789,0.0,3.0,0.0,35.0,4.0,0.0,0.0,0.0,0.0,0.0,0.0,0.519648015499115,-3.5,1.0,4.425512790679932,72.65967559814453,0.0,2.0,0.0,359.0,13.0,0.0,0.0,0.0,0.0,0.0,0.0,-0.24607038497924805,-0.023047924041748047,0.0,3.0
-101.0507583618164,-128.02987670898438,0.0,3.0,0.0,35.0,1.0,0.0,0.0,0.0,0.0,0.0,0.0,0.3896481394767761,-3.5,1.0,-8.566932678222656,33.567283630371094,0.0,2.0,0.0,359.0,26.0,0.0,0.0,0.0,0.0,0.0,0.0,-1.225423812866211,-3.8174819946289062,0.0,19.0
-100.0921630859375,-142.02987670898438,0.0,2.0,0.0,0.0,-1.0,0.0,0.0,0.0,0.0,0.0,0.0,0.0,0.0,1.0,-23.717443466186523,9.999999747378752e-05,0.0,2.0,0.0,360.0,1.0,0.0,0.0,0.0,0.0,2.0,1.0,-1.790847659111023,0.0,0.0,48.0
-100.0921630859375,-142.02987670898438,0.0,2.0,0.0,0.0,-1.0,0.0,0.0,0.0,0.0,0.0,0.0,0.0,0.0,1.0,-24.963716506958008,9.999999747378752e-05,0.0,2.0,0.0,360.0,14.0,0.0,0.0,0.0,0.0,2.0,1.0,0.0,0.0,0.0,3.0
-100.0921630859375,-142.02987670898438,0.0,2.0,0.0,0.0,-1.0,0.0,0.0,0.0,0.0,0.0,0.0,0.0,0.0,1.0,-24.963716506958008,9.999999747378752e-05,0.0,2.0,0.0,360.0,27.0,0.0,0.0,0.0,0.0,2.0,1.0,0.0,0.0,0.0,19.0
-100.0921630859375,-142.02987670898438,0.0,2.0,0.0,0.0,-1.0,0.0,0.0,0.0,0.0,0.0,0.0,0.0,0.0,1.0,-24.963716506958008,9.999999747378752e-05,0.0,2.0,0.0,360.0,40.0,0.0,0.0,0.0,0.0,2.0,1.0,0.0,0.0,0.0,19.0
-50.0,111.70000457763672,0.0,2.0,1.0,12.0,2.0,0.0,0.0,0.0,0.0,1.0,0.0,0.0,-1.1500000953674316,0.0,-24.963716506958008,9.999999747378752e-05,0.0,2.0,0.0,14.0,9.0,0.0,0.0,0.0,0.0,2.0,1.0,0.0,0.0,0.0,19.0
-50.0,96.74999237060547,0.0,2.0,1.0,12.0,15.0,0.0,0.0,0.0,0.0,1.0,0.0,0.0,-1.1499998569488525,0.0,-24.963716506958008,9.999999747378752e-05,0.0,2.0,0.0,63.0,8.0,0.0,0.0,0.0,0.0,2.0,1.0,0.0,0.0,0.0,4.0
-50.0,81.79997253417969,0.0,2.0,1.0,12.0,28.0,0.0,0.0,0.0,0.0,1.0,0.0,0.0,-1.1499992609024048,0.0,-24.963716506958008,9.999999747378752e-05,0.0,2.0,0.0,63.0,21.0,0.0,0.0,0.0,0.0,2.0,1.0,0.0,0.0,0.0,7.0
-50.0,66.84996032714844,0.0,2.0,1.0,12.0,41.0,0.0,0.0,0.0,0.0,1.0,0.0,0.0,-1.1499977111816406,0.0,-24.963716506958008,9.999999747378752e-05,0.0,2.0,0.0,63.0,34.0,0.0,0.0,0.0,0.0,2.0,1.0,0.0,0.0,0.0,50.0
-50.0,51.89998245239258,0.0,2.0,1.0,12.0,54.0,0.0,0.0,0.0,0.0,1.0,0.0,0.0,-1.1499972343444824,0.0,-24.963716506958008,9.999999747378752e-05,0.0,2.0,0.0,178.0,-1.0,0.0,0.0,7.0,0.0,2.0,1.0,0.0,0.0,0.0,8.0
-48.713993072509766,41.3599967956543,0.0,2.0,1.0,29.0,7.0,0.0,0.0,0.0,0.0,1.0,0.0,0.27800002694129944,-0.9099999666213989,0.0,-18.914716720581055,21.16009521484375,0.0,2.0,0.0,26.0,8.0,0.0,0.0,0.0,0.0,1.0,0.0,0.7739999890327454,2.1899991035461426,0.0,21.0
-47.14750289916992,44.96969985961914,0.0,2.0,1.0,359.0,13.0,0.0,0.0,0.0,0.0,1.0,0.0,0.24607038497924805,-0.023047924041748047,0.0,-8.732711791992188,37.80008316040039,0.0,2.0,0.0,67.0,13.0,0.0,0.0,0.0,0.0,1.0,0.0,0.7739999890327454,0.4999990463256836,0.0,21.0
-34.155059814453125,5.877317428588867,0.0,2.0,1.0,359.0,26.0,0.0,0.0,0.0,0.0,1.0,0.0,1.225423812866211,-3.8174819946289062,0.0,0.4192889928817749,32.470069885253906,0.0,2.0,0.0,67.0,26.0,0.0,0.0,0.0,0.0,1.0,0.0,0.6440001130104065,-1.1900008916854858,0.0,25.0
-27.951669692993164,9.999999747378752e-05,0.0,2.0,1.0,360.0,10.0,0.0,0.0,0.0,0.0,2.0,1.0,0.0,0.0,0.0,10.291289329528809,51.81006622314453,0.0,2.0,0.0,28.0,11.0,0.0,0.0,0.0,0.0,0.0,0.0,0.7739999890327454,1.3599992990493774,0.0,47.0
-27.951669692993164,9.999999747378752e-05,0.0,2.0,1.0,360.0,23.0,0.0,0.0,0.0,0.0,2.0,1.0,0.0,0.0,0.0,8.724800109863281,55.419769287109375,0.0,2.0,0.0,359.0,13.0,0.0,0.0,0.0,0.0,0.0,0.0,-0.24607038497924805,-0.023047924041748047,0.0,12.0
-27.951669692993164,9.999999747378752e-05,0.0,2.0,1.0,360.0,36.0,0.0,0.0,0.0,0.0,2.0,1.0,0.0,0.0,0.0,-4.267645835876465,16.327383041381836,0.0,2.0,0.0,359.0,26.0,0.0,0.0,0.0,0.0,0.0,0.0,-1.225423812866211,-3.8174819946289062,0.0,12.0
-27.951669692993164,9.999999747378752e-05,0.0,2.0,1.0,39.0,5.0,0.0,0.0,0.0,0.0,2.0,1.0,0.0,0.0,0.0,-13.94188404083252,9.999999747378752e-05,0.0,2.0,0.0,360.0,7.0,0.0,0.0,0.0,0.0,2.0,1.0,0.0,0.0,0.0,7.0
-18.2116641998291,23.220094680786133,0.0,2.0,1.0,25.0,9.0,0.0,0.0,0.0,0.0,1.0,0.0,1.1100000143051147,2.0599989891052246,0.0,-13.94188404083252,9.999999747378752e-05,0.0,2.0,0.0,360.0,20.0,0.0,0.0,0.0,0.0,2.0,1.0,0.0,0.0,0.0,9.0
-8.111661911010742,38.17007827758789,0.0,2.0,1.0,67.0,13.0,0.0,0.0,0.0,0.0,1.0,0.0,0.5240002870559692,0.3699990510940552,0.0,-13.94188404083252,9.999999747378752e-05,0.0,2.0,0.0,360.0,33.0,0.0,0.0,0.0,0.0,2.0,1.0,0.0,0.0,0.0,20.0
-5.609658718109131,31.150068283081055,0.0,2.0,1.0,67.0,26.0,0.0,0.0,0.0,0.0,1.0,0.0,-0.041999779641628265,-1.3200008869171143,0.0,-14.271883964538574,9.999999747378752e-05,0.0,2.0,0.0,14.0,1.0,0.0,0.0,0.0,0.0,2.0,1.0,-0.2500000149011612,0.0,0.0,4.0
-5.677657604217529,2.27005672454834,0.0,2.0,1.0,29.0,4.0,0.0,0.0,0.0,0.0,1.0,0.0,0.0,-2.9000000953674316,0.0,-14.31688404083252,23.220094680786133,0.0,2.0,0.0,25.0,9.0,0.0,0.0,0.0,0.0,1.0,0.0,0.0,2.0599989891052246,0.0,5.0
-5.677657604217529,26.71004867553711,0.0,2.0,1.0,27.0,13.0,0.0,0.0,0.0,0.0,0.0,0.0,0.0,1.0999993085861206,0.0,-15.883373260498047,26.829797744750977,0.0,2.0,0.0,359.0,13.0,0.0,0.0,0.0,0.0,1.0,0.0,-0.24607038497924805,-0.023047924041748047,0.0,13.0
-0.5355772972106934,32.36212921142578,15.0,2.0,0.0,86.0,5.0,0.0,0.0,21.0,0.0,0.0,0.0,1.2314263582229614,0.7114263772964478,0.0,-20.2978572845459,14.459784507751465,0.0,2.0,0.0,359.0,19.0,0.0,0.0,0.0,0.0,1.0,0.0,-1.225423812866211,-3.81748104095459,0.0,23.0
12.19128131866455,26.498992919921875,15.0,2.0,0.0,86.0,18.0,0.0,0.0,8.0,0.0,0.0,0.0,0.7626145482063293,-1.4473854899406433,0.0,-28.952089309692383,9.999999747378752e-05,0.0,2.0,0.0,360.0,8.0,0.0,0.0,0.0,0.0,2.0,1.0,0.0,0.0,0.0,21.0
18.823591232299805,9.989738464355469e-05,15.0,2.0,0.0,42.0,1.0,0.0,0.0,0.0,0.0,2.0,1.0,0.2938029170036316,-2.6061971783638,0.0,-28.952089309692383,9.999999747378752e-05,0.0,2.0,0.0,360.0,21.0,0.0,0.0,0.0,0.0,2.0,1.0,0.0,0.0,0.0,10.0
14.078237533569336,9.999999747378752e-05,15.0,2.0,0.0,14.0,1.0,0.0,0.0,-1.0,0.0,2.0,1.0,-1.2038493752479553,0.0,0.0,-28.952089309692383,9.999999747378752e-05,0.0,2.0,0.0,360.0,34.0,0.0,0.0,0.0,0.0,2.0,1.0,0.0,0.0,0.0,48.0
12.104763984680176,9.999999747378752e-05,15.0,2.0,0.0,41.0,1.0,0.0,0.0,0.0,0.0,2.0,1.0,0.0,0.0,0.0,-28.952089309692383,9.999999747378752e-05,0.0,2.0,0.0,178.0,-1.0,0.0,0.0,2.0,0.0,2.0,1.0,0.0,0.0,0.0,21.0
6.753039360046387,9.999999747378752e-05,15.0,2.0,0.0,357.0,13.0,0.0,0.0,0.0,0.0,2.0,1.0,-5.35172438621521,0.0,0.0,-55.698219299316406,9.999999747378752e-05,0.0,2.0,0.0,233.0,13.0,0.0,0.0,0.0,0.0,2.0,1.0,-2.371005892753601,0.0,0.0,39.0
-28.033166885375977,9.999999747378752e-05,15.0,2.0,0.0,357.0,26.0,0.0,0.0,0.0,0.0,2.0,1.0,-5.351722478866577,0.0,0.0,-62.6683235168457,9.999999747378752e-05,0.0,2.0,1.0,233.0,26.0,0.0,0.0,0.0,0.0,2.0,1.0,-0.2744903415441513,0.0,0.0,24.0
-62.21937561035156,9.999999747378752e-05,15.0,2.0,0.0,357.0,39.0,0.0,0.0,0.0,0.0,2.0,1.0,-5.351730108261108,0.0,0.0,-63.50300216674805,9.999999747378752e-05,0.0,2.0,1.0,41.0,1.0,0.0,0.0,0.0,0.0,2.0,1.0,0.0,0.0,0.0,42.0
-80.65538787841797,9.999999747378752e-05,15.0,2.0,0.0,358.0,13.0,0.0,0.0,0.0,0.0,2.0,1.0,-1.2079992294311523,0.0,0.0,-62.90300369262695,9.999999747378752e-05,0.0,2.0,1.0,63.0,8.0,0.0,0.0,0.0,0.0,2.0,1.0,0.0,0.0,0.0,3.0
-81.79138946533203,9.999999747378752e-05,15.0,2.0,0.0,358.0,26.0,0.0,0.0,0.0,0.0,2.0,1.0,0.0,0.0,0.0,-62.90300369262695,9.999999747378752e-05,0.0,2.0,1.0,63.0,21.0,0.0,0.0,0.0,0.0,2.0,1.0,0.0,0.0,0.0,10.0
-85.5656967163086,9.999999747378752e-05,15.0,2.0,0.0,245.0,1.0,0.0,0.0,-1.0,0.0,2.0,1.0,0.0,0.0,0.0,-62.90300369262695,9.999999747378752e-05,0.0,2.0,1.0,63.0,34.0,0.0,0.0,0.0,0.0,2.0,1.0,0.0,0.0,0.0,43.0
-67.24901580810547,9.999999747378752e-05,15.0,2.0,0.0,234.0,12.0,0.0,0.0,0.0,0.0,2.0,1.0,3.2311285734176636,0.0,0.0,-62.603004455566406,9.999999747378752e-05,0.0,2.0,1.0,41.0,1.0,0.0,0.0,0.0,0.0,2.0,1.0,0.0,0.0,0.0,40.0
-53.41607666015625,9.999999747378752e-05,15.0,2.0,0.0,234.0,25.0,0.0,0.0,0.0,0.0,2.0,1.0,1.2895354628562927,0.0,0.0,-62.90300369262695,9.999999747378752e-05,0.0,2.0,1.0,18.0,4.0,0.0,0.0,0.0,0.0,2.0,1.0,0.0,0.0,0.0,43.0
-51.70286560058594,9.999999747378752e-05,15.0,2.0,0.0,178.0,-1.0,0.0,0.0,6.0,0.0,2.0,1.0,0.0,0.0,0.0,-62.88832473754883,9.999994654208422e-05,0.0,2.0,0.0,353.0,13.0,0.0,0.0,0.0,0.0,0.0,1.0,0.0,0.0009842673316597939,0.0,21.0
-51.70286560058594,9.999999747378752e-05,15.0,2.0,0.0,235.0,13.0,0.0,0.0,7.0,0.0,2.0,1.0,0.0,0.0,0.0,-63.61369323730469,40.71786880493164,0.0,2.0,0.0,353.0,26.0,0.0,0.0,0.0,0.0,0.0,0.0,-0.24059629440307617,1.5610313415527344,0.0,19.0
-51.70286560058594,9.999999747378752e-05,15.0,2.0,0.0,235.0,26.0,0.0,0.0,7.0,0.0,2.0,1.0,0.0,0.0,0.0,-64.33901977539062,48.48308181762695,0.0,2.0,0.0,353.0,39.0,0.0,0.0,0.0,0.0,0.0,0.0,-0.24059629440307617,-0.3149833679199219,0.0,27.0
-51.70286560058594,9.999999747378752e-05,15.0,2.0,0.0,178.0,-1.0,0.0,0.0,6.0,0.0,2.0,1.0,0.0,0.0,0.0,-65.06434631347656,33.03071212768555,0.0,2.0,0.0,353.0,52.0,0.0,0.0,0.0,0.0,0.0,0.0,-0.24059677124023438,-1.65423583984375,0.0,21.0
-51.70286560058594,9.999999747378752e-05,15.0,2.0,0.0,235.0,13.0,0.0,0.0,7.0,0.0,2.0,1.0,0.0,0.0,0.0,-68.18207550048828,12.82229232788086,0.0,2.0,0.0,35.0,1.0,0.0,0.0,0.0,0.0,0.0,0.0,-0.23059676587581635,-1.386290431022644,0.0,27.0
-51.70286560058594,9.999999747378752e-05,15.0,2.0,0.0,235.0,26.0,0.0,0.0,7.0,0.0,2.0,1.0,0.0,0.0,0.0,-73.62783813476562,9.999999747378752e-05,0.0,2.0,0.0,43.0,6.0,0.0,0.0,0.0,0.0,2.0,1.0,-0.42919357120990753,0.0,0.0,43.0
-51.70286560058594,9.999999747378752e-05,15.0,2.0,0.0,178.0,-1.0,0.0,0.0,6.0,0.0,2.0,1.0,0.0,0.0,0.0,-73.81703186035156,9.999999747378752e-05,0.0,2.0,0.0,43.0,19.0,0.0,0.0,0.0,0.0,2.0,1.0,0.0,0.0,0.0,21.0
-51.70286560058594,9.999999747378752e-05,15.0,2.0,0.0,235.0,13.0,0.0,0.0,7.0,0.0,2.0,1.0,0.0,0.0,0.0,-73.81703186035156,9.999999747378752e-05,0.0,2.0,0.0,178.0,-1.0,0.0,0.0,1.0,0.0,2.0,1.0,0.0,0.0,0.0,42.0
-51.70286560058594,9.999999747378752e-05,15.0,2.0,0.0,235.0,26.0,0.0,0.0,7.0,0.0,2.0,1.0,0.0,0.0,0.0,-54.026763916015625,9.999999747378752e-05,0.0,2.0,0.0,234.0,13.0,0.0,0.0,0.0,0.0,2.0,1.0,2.9471930265426636,0.0,0.0,8.0
-52.30286407470703,9.999999747378752e-05,15.0,2.0,0.0,18.0,7.0,0.0,0.0,0.0,0.0,2.0,1.0,0.0,0.0,0.0,-41.12393569946289,9.999999747378752e-05,0.0,2.0,0.0,234.0,26.0,0.0,0.0,0.0,0.0,2.0,1.0,1.0869597792625427,0.0,0.0,35.0
-52.30286407470703,9.999999747378752e-05,15.0,2.0,1.0,216.0,4.0,0.0,0.0,0.0,0.0,2.0,1.0,0.0,0.0,0.0,-44.434757232666016,9.989738464355469e-05,0.0,2.0,0.0,227.0,7.0,0.0,0.0,4.0,0.0,2.0,1.0,0.0,0.0,0.0,8.0
-52.30286407470703,9.999999747378752e-05,15.0,2.0,1.0,219.0,11.0,0.0,2.0,0.0,0.0,2.0,1.0,0.0,0.0,0.0,-44.7509765625,-1.3362236022949219,5.0,2.0,1.0,239.0,11.0,0.0,2.0,0.0,0.0,2.0,1.0,0.0,0.0,0.0,12.0
-52.30286407470703,9.999999747378752e-05,15.0,2.0,1.0,219.0,23.0,0.0,0.0,0.0,0.0,2.0,1.0,0.0,0.0,0.0,-36.39714050292969,3.816298484802246,9.0,2.0,0.0,86.0,6.0,0.0,0.0,22.0,0.0,1.0,0.0,1.223344326019287,0.4433443546295166,0.0,12.0
-52.30286407470703,9.999999747378752e-05,15.0,2.0,1.0,219.0,36.0,0.0,0.0,0.0,0.0,2.0,1.0,0.0,0.0,0.0,-23.819284439086914,9.999999747378752e-05,9.0,2.0,0.0,42.0,2.0,0.0,0.0,0.0,0.0,2.0,1.0,0.710594892501831,0.0,0.0,21.0
-52.30286407470703,9.999999747378752e-05,15.0,2.0,1.0,41.0,1.0,0.0,0.0,0.0,0.0,2.0,1.0,0.0,0.0,0.0,-20.82333755493164,18.970096588134766,9.0,2.0,0.0,25.0,7.0,0.0,0.0,0.0,0.0,1.0,0.0,0.0,2.3199992179870605,0.0,8.0
-45.4698600769043,23.220094680786133,15.0,2.0,1.0,25.0,9.0,0.0,0.0,0.0,0.0,1.0,0.0,0.7739999890327454,2.0599989891052246,0.0,-20.82333755493164,37.30008316040039,9.0,2.0,0.0,69.0,13.0,0.0,0.0,0.0,0.0,1.0,0.0,0.0,0.629999041557312,0.0,26.0
-43.067466735839844,23.2200984954834,15.0,2.0,1.0,354.0,13.0,0.0,0.0,0.0,0.0,0.0,0.0,0.013371801935136318,0.005439376924186945,0.0,-25.133337020874023,33.660072326660156,9.0,2.0,0.0,69.0,26.0,0.0,0.0,0.0,0.0,1.0,0.0,-0.5660000443458557,-1.0600008964538574,0.0,3.0
-38.30681610107422,48.99394226074219,15.0,2.0,1.0,354.0,26.0,0.0,0.0,0.0,0.0,0.0,0.0,0.38213157653808594,1.4318256378173828,0.0,-34.853336334228516,9.999999747378752e-05,9.0,2.0,0.0,42.0,2.0,0.0,0.0,0.0,0.0,2.0,1.0,-1.4079999327659607,0.0,0.0,10.0
-36.617488861083984,60.04818344116211,15.0,2.0,1.0,354.0,39.0,0.0,0.0,0.0,0.0,0.0,0.0,0.4011726379394531,0.3780670166015625,0.0,-59.29965591430664,9.999999747378752e-05,9.0,2.0,0.0,233.0,10.0,0.0,0.0,0.0,0.0,2.0,1.0,-3.145877718925476,0.0,0.0,16.0
-27.94852066040039,56.07130813598633,15.0,2.0,1.0,354.0,52.0,0.0,0.0,0.0,0.0,0.0,0.0,0.4013700485229492,-1.1979713439941406,0.0,-69.6510238647461,9.999999747378752e-05,9.0,2.0,1.0,233.0,23.0,0.0,0.0,0.0,0.0,2.0,1.0,-0.5763930976390839,0.0,0.0,50.0
-22.84885597229004,36.04966354370117,15.0,2.0,1.0,35.0,1.0,0.0,0.0,0.0,0.0,0.0,0.0,0.3748171329498291,-1.5249403715133667,0.0,-70.4362564086914,9.999999747378752e-05,9.0,2.0,1.0,39.0,5.0,0.0,0.0,0.0,0.0,2.0,1.0,0.0,0.0,0.0,10.0
-23.36623191833496,4.950257301330566,15.0,2.0,1.0,35.0,6.0,0.0,0.0,0.0,0.0,0.0,0.0,-0.33518287539482117,-2.9000000953674316,0.0,-80.13343048095703,9.999999747378752e-05,9.0,2.0,1.0,349.0,13.0,0.0,0.0,0.0,0.0,2.0,1.0,0.000629425048828125,0.0,0.0,16.0
-24.086963653564453,9.999999747378752e-05,15.0,2.0,1.0,43.0,11.0,0.0,0.0,0.0,0.0,2.0,1.0,0.0,0.0,0.0,-42.877628326416016,9.999999747378752e-05,9.0,2.0,1.0,349.0,26.0,0.0,0.0,0.0,0.0,2.0,1.0,5.1566808223724365,0.0,0.0,33.0
-19.729076385498047,10.501558303833008,22.0,2.0,0.0,90.0,6.0,0.0,0.0,36.0,0.0,1.0,0.0,0.43593746423721313,2.159497857093811,0.0,-38.03308868408203,9.999999747378752e-05,9.0,2.0,1.0,350.0,8.0,0.0,0.0,0.0,0.0,2.0,1.0,0.6062502562999725,0.0,0.0,40.0
-14.773497581481934,22.15890884399414,22.0,2.0,0.0,90.0,19.0,0.0,0.0,23.0,0.0,1.0,0.0,0.33427926898002625,-0.18566226959228516,0.0,-35.60810089111328,9.999999747378752e-05,9.0,2.0,1.0,350.0,21.0,0.0,0.0,0.0,0.0,2.0,1.0,0.0,0.0,0.0,6.0
-11.139474868774414,8.819181442260742,22.0,2.0,0.0,90.0,32.0,0.0,0.0,10.0,0.0,1.0,0.0,0.23262102901935577,-1.4008221626281738,0.0,-35.60810089111328,9.999999747378752e-05,9.0,2.0,1.0,41.0,1.0,0.0,0.0,0.0,0.0,2.0,1.0,0.0,0.0,0.0,27.0
-9.313295364379883,9.999999747378752e-05,22.0,2.0,0.0,191.0,5.0,0.0,0.0,1.0,0.0,1.0,0.0,0.0,0.0,0.0,-30.256378173828125,9.999999747378752e-05,9.0,2.0,1.0,357.0,13.0,0.0,0.0,0.0,0.0,2.0,1.0,5.35172438621521,0.0,0.0,26.0
-9.313295364379883,9.999999747378752e-05,33.0,2.0,1.0,86.0,1.0,0.0,1.0,31.0,0.0,1.0,0.0,-0.4159565567970276,2.35900616645813,0.0,-8.849481582641602,9.999999747378752e-05,9.0,2.0,1.0,357.0,21.0,0.0,1.0,0.0,0.0,2.0,1.0,5.351726293563843,0.0,0.0,2.0
-13.914830207824707,14.266685485839844,33.0,2.0,1.0,86.0,14.0,0.0,0.0,18.0,0.0,1.0,0.0,-0.3008278012275696,0.016078591346740723,0.0,12.022241592407227,9.999999747378752e-05,9.0,2.0,1.0,357.0,34.0,0.0,0.0,0.0,0.0,2.0,1.0,4.281378149986267,0.0,0.0,24.0
-17.019689559936523,-0.7847832441329956,33.0,2.0,1.0,86.0,27.0,0.0,0.0,5.0,0.0,1.0,0.0,-0.18569904565811157,-1.8468483686447144,0.0,27.7490234375,9.999999747378752e-05,9.0,2.0,1.0,358.0,8.0,0.0,0.0,0.0,0.0,2.0,1.0,1.9391995668411255,0.0,0.0,42.0
-17.460493087768555,9.999999747378752e-05,33.0,2.0,1.0,178.0,-1.0,0.0,0.0,7.0,0.0,2.0,1.0,0.0,0.0,0.0,30.51302146911621,9.999999747378752e-05,9.0,2.0,1.0,358.0,21.0,0.0,0.0,0.0,0.0,2.0,1.0,0.0,0.0,0.0,25.0
-17.460493087768555,9.999999747378752e-05,33.0,2.0,1.0,180.0,12.0,0.0,0.0,20.0,0.0,2.0,1.0,0.0,0.0,0.0,31.5657958984375,9.999999747378752e-05,9.0,2.0,1.0,14.0,1.0,0.0,0.0,0.0,0.0,2.0,1.0,0.49559177458286285,0.0,0.0,22.0
-17.460493087768555,9.999999747378752e-05,33.0,2.0,1.0,14.0,10.0,0.0,0.0,24.0,0.0,2.0,1.0,0.0,0.0,0.0,21.868633270263672,9.999999747378752e-05,9.0,2.0,1.0,349.0,13.0,0.0,0.0,0.0,0.0,2.0,1.0,0.0006294250197242945,0.0,0.0,24.0
-27.157657623291016,9.999999747378752e-05,33.0,2.0,1.0,349.0,13.0,0.0,0.0,24.0,0.0,2.0,1.0,0.0006294250197242945,0.0,0.0,59.12443161010742,9.999999747378752e-05,9.0,2.0,1.0,349.0,26.0,0.0,0.0,0.0,0.0,2.0,1.0,5.1566808223724365,0.0,0.0,7.0
10.098146438598633,9.999999747378752e-05,33.0,2.0,1.0,349.0,26.0,0.0,0.0,24.0,0.0,2.0,1.0,5.1566808223724365,0.0,0.0,79.13419342041016,9.999999747378752e-05,9.0,2.0,1.0,349.0,39.0,0.0,0.0,0.0,0.0,2.0,1.0,1.81402587890625,0.0,0.0,45.0
30.107925415039062,9.999999747378752e-05,33.0,2.0,1.0,349.0,39.0,0.0,0.0,24.0,0.0,2.0,1.0,1.8140258193016052,0.0,0.0,85.5656967163086,0.0,9.0,2.0,1.0,349.0,52.0,0.0,0.0,0.0,0.0,2.0,1.0,0.7849655151367188,0.0,0.0,52.0
38.08064651489258,9.999999747378752e-05,33.0,2.0,1.0,349.0,52.0,0.0,0.0,24.0,0.0,2.0,1.0,0.7849654853343964,0.0,0.0,85.5656967163086,0.0,9.0,2.0,1.0,349.0,65.0,0.0,0.0,0.0,0.0,2.0,1.0,0.1584625244140625,0.0,0.0,52.0
40.77339172363281,9.999999747378752e-05,33.0,2.0,1.0,349.0,65.0,0.0,0.0,24.0,0.0,2.0,1.0,0.1584625169634819,0.0,0.0,85.48268127441406,9.999999747378752e-05,9.0,2.0,1.0,349.0,78.0,0.0,0.0,0.0,0.0,2.0,1.0,-0.06549835205078125,0.0,0.0,40.0
40.80274200439453,9.999999747378752e-05,33.0,2.0,1.0,349.0,78.0,0.0,0.0,24.0,0.0,2.0,1.0,-0.06549834832549095,0.0,0.0,85.44964599609375,9.999999747378752e-05,9.0,2.0,1.0,41.0,1.0,0.0,0.0,0.0,0.0,2.0,1.0,0.0,0.0,0.0,25.0
65.7706069946289,9.999999747378752e-05,33.0,2.0,1.0,20.0,12.0,0.0,0.0,0.0,0.0,2.0,1.0,4.43999981880188,0.0,0.0,85.44964599609375,9.999999747378752e-05,9.0,2.0,1.0,63.0,8.0,0.0,0.0,0.0,0.0,2.0,1.0,0.0,0.0,0.0,35.0
83.7105941772461,9.999999747378752e-05,33.0,2.0,1.0,216.0,0.0,0.0,0.0,0.0,0.0,2.0,1.0,0.0,0.0,0.0,91.57870483398438,-0.6100932359695435,9.0,2.0,0.0,224.0,0.0,0.0,0.0,0.0,0.0,1.0,0.0,0.0,0.0,1.0,8.0
83.7105941772461,9.999999747378752e-05,33.0,2.0,1.0,219.0,11.0,0.0,2.0,0.0,0.0,2.0,1.0,0.0,0.0,0.0,91.26248168945312,-1.3362236022949219,13.0,2.0,1.0,239.0,11.0,0.0,2.0,0.0,0.0,1.0,0.0,0.0,0.0,1.0,19.0
83.7105941772461,9.999999747378752e-05,33.0,2.0,1.0,219.0,23.0,0.0,0.0,0.0,0.0,2.0,1.0,0.0,0.0,0.0,102.17256927490234,1.336223840713501,17.0,2.0,0.0,86.0,6.0,0.0,0.0,23.0,0.0,1.0,0.0,1.6263083219528198,0.06155836582183838,1.0,21.0
83.7105941772461,9.999999747378752e-05,33.0,2.0,1.0,219.0,36.0,0.0,0.0,0.0,0.0,2.0,1.0,0.0,0.0,0.0,119.19274139404297,-11.826427459716797,17.0,2.0,0.0,86.0,19.0,0.0,0.0,10.0,0.0,1.0,0.0,1.0374733209609985,-1.9331433773040771,1.0,28.0
83.7105941772461,9.999999747378752e-05,33.0,2.0,1.0,180.0,0.0,0.0,0.0,9.0,0.0,2.0,1.0,0.0,0.0,0.0,128.5580596923828,-22.710205078125,17.0,2.0,0.0,27.0,4.0,0.0,0.0,0.0,0.0,0.0,0.0,0.4486390948295593,2.5021549463272095,1.0,19.0
83.7105941772461,9.999999747378752e-05,33.0,2.0,1.0,180.0,13.0,0.0,0.0,22.0,0.0,2.0,1.0,0.0,0.0,0.0,125.16754913330078,-3.9955506324768066,17.0,2.0,0.0,66.0,13.0,0.0,0.0,0.0,0.0,0.0,0.0,-0.7099999785423279,0.5799993276596069,1.0,3.0
83.7105941772461,9.999999747378752e-05,33.0,2.0,1.0,235.0,13.0,0.0,0.0,23.0,0.0,2.0,1.0,0.0,0.0,0.0,115.01158142089844,-8.28555965423584,17.0,2.0,0.0,66.0,26.0,0.0,0.0,0.0,0.0,0.0,0.0,-0.7739999890327454,-1.1100006103515625,1.0,33.0
83.7105941772461,9.999999747378752e-05,33.0,2.0,1.0,235.0,26.0,0.0,0.0,23.0,0.0,2.0,1.0,0.0,0.0,0.0,105.85958099365234,-34.545570373535156,17.0,2.0,0.0,66.0,39.0,0.0,0.0,0.0,0.0,0.0,0.0,-0.6440001130104065,-2.8000011444091797,1.0,3.0
83.7105941772461,9.999999747378752e-05,33.0,2.0,1.0,39.0,7.0,0.0,0.0,0.0,0.0,2.0,1.0,0.0,0.0,0.0,101.81758117675781,-72.24559020996094,17.0,2.0,0.0,67.0,13.0,0.0,0.0,0.0,0.0,0.0,0.0,-0.058000124990940094,-2.9000000953674316,1.0,8.0
90.5435791015625,23.220094680786133,33.0,2.0,1.0,25.0,9.0,0.0,0.0,0.0,0.0,1.0,0.0,0.7739999890327454,2.0599989891052246,1.0,95.673583984375,-109.94560241699219,17.0,2.0,0.0,67.0,26.0,0.0,0.0,0.0,0.0,0.0,0.0,-0.7680001258850098,-2.9000000953674316,1.0,21.0
92.11006927490234,26.829797744750977,33.0,2.0,1.0,359.0,13.0,0.0,0.0,0.0,0.0,1.0,0.0,0.24607038497924805,-0.023047924041748047,1.0,90.39358520507812,-141.8455810546875,0.0,1.0,0.0,0.0,-1.0,0.0,0.0,0.0,0.0,0.0,0.0,0.0,0.0,1.0,7.0
105.1025390625,-12.262579917907715,33.0,2.0,1.0,359.0,26.0,0.0,0.0,0.0,0.0,1.0,0.0,1.225423812866211,-3.8174819946289062,1.0,90.39358520507812,-141.8455810546875,0.0,1.0,0.0,0.0,-1.0,0.0,0.0,0.0,0.0,0.0,0.0,0.0,0.0,1.0,16.0
120.4830551147461,-52.71503448486328,33.0,2.0,1.0,361.0,10.0,0.0,0.0,0.0,0.0,1.0,0.0,1.1254239082336426,-2.9000000953674316,1.0,90.39358520507812,-141.8455810546875,0.0,1.0,0.0,0.0,-1.0,0.0,0.0,0.0,0.0,0.0,0.0,0.0,0.0,1.0,27.0
134.2035675048828,-90.41505432128906,33.0,2.0,1.0,361.0,23.0,0.0,0.0,0.0,0.0,1.0,0.0,0.9954240322113037,-2.9000000953674316,1.0,90.39358520507812,-141.8455810546875,0.0,1.0,0.0,0.0,-1.0,0.0,0.0,0.0,0.0,0.0,0.0,0.0,0.0,1.0,12.0
146.2340850830078,-128.1150665283203,33.0,2.0,1.0,29.0,7.0,0.0,0.0,0.0,0.0,1.0,0.0,0.8654241561889648,-2.9000000953674316,1.0,90.39358520507812,-141.8455810546875,0.0,1.0,0.0,0.0,-1.0,0.0,0.0,0.0,0.0,0.0,0.0,0.0,0.0,1.0,8.0
156.24205017089844,-103.6750717163086,33.0,2.0,1.0,27.0,13.0,0.0,0.0,0.0,0.0,0.0,0.0,0.7739999890327454,1.0999993085861206,1.0,16.0,104.79999542236328,0.0,1.0,0.0,12.0,8.0,0.0,0.0,0.0,0.0,1.0,0.0,0.0,-1.149999976158142,0.0,5.0
165.39405822753906,-101.205078125,33.0,2.0,1.0,27.0,26.0,0.0,0.0,0.0,0.0,0.0,0.0,0.6440001130104065,-0.5900006294250488,1.0,16.0,89.8499755859375,0.0,1.0,0.0,12.0,21.0,0.0,0.0,0.0,0.0,1.0,0.0,0.0,-1.1499994993209839,0.0,8.0
175.44003295898438,-120.70508575439453,33.0,2.0,1.0,27.0,39.0,0.0,0.0,0.0,0.0,0.0,0.0,0.7739999890327454,-2.280000686645508,1.0,16.0,74.89995574951172,0.0,1.0,0.0,12.0,34.0,0.0,0.0,0.0,0.0,1.0,0.0,0.0,-1.149998426437378,0.0,38.0
179.90403747558594,-142.72506713867188,0.0,1.0,1.0,0.0,-1.0,0.0,0.0,0.0,0.0,0.0,0.0,0.0,0.0,1.0,16.0,59.94996643066406,0.0,1.0,0.0,12.0,47.0,0.0,0.0,0.0,0.0,1.0,0.0,0.0,-1.1499974727630615,0.0,12.0
179.90403747558594,-142.72506713867188,0.0,1.0,1.0,0.0,-1.0,0.0,0.0,0.0,0.0,0.0,0.0,0.0,0.0,1.0,16.0,45.0,0.0,1.0,0.0,12.0,60.0,0.0,0.0,0.0,0.0,1.0,0.0,0.0,-1.149993896484375,0.0,12.0
179.90403747558594,-142.72506713867188,0.0,1.0,1.0,0.0,-1.0,0.0,0.0,0.0,0.0,0.0,0.0,0.0,0.0,1.0,30.25000762939453,69.43999481201172,0.0,1.0,0.0,28.0,13.0,0.0,0.0,0.0,0.0,0.0,0.0,1.1100000143051147,1.0999993085861206,0.0,16.0
179.90403747558594,-142.72506713867188,0.0,1.0,1.0,0.0,-1.0,0.0,0.0,0.0,0.0,0.0,0.0,0.0,0.0,1.0,39.2700080871582,71.90998840332031,0.0,1.0,0.0,28.0,26.0,0.0,0.0,0.0,0.0,0.0,0.0,0.3800000548362732,-0.5900006294250488,0.0,46.0
179.90403747558594,-142.72506713867188,0.0,1.0,1.0,0.0,-1.0,0.0,0.0,0.0,0.0,0.0,0.0,0.0,0.0,1.0,37.70351791381836,75.5196762084961,0.0,1.0,0.0,359.0,13.0,0.0,0.0,0.0,0.0,0.0,0.0,-0.24607038497924805,-0.023047924041748047,0.0,8.0
-50.0,101.3499984741211,0.0,1.0,1.0,12.0,11.0,0.0,0.0,0.0,0.0,1.0,0.0,0.0,-1.149999976158142,0.0,24.711076736450195,36.427284240722656,0.0,1.0,0.0,359.0,26.0,0.0,0.0,0.0,0.0,0.0,0.0,-1.225423812866211,-3.8174819946289062,0.0,21.0
-50.0,86.39997863769531,0.0,1.0,1.0,12.0,24.0,0.0,0.0,0.0,0.0,1.0,0.0,0.0,-1.1499994993209839,0.0,9.33056640625,0.00010013580322265625,0.0,1.0,0.0,360.0,0.0,0.0,0.0,0.0,0.0,2.0,1.0,-2.250847816467285,-2.9000000953674316,0.0,8.0
-50.0,71.44995880126953,0.0,1.0,1.0,12.0,37.0,0.0,0.0,0.0,0.0,1.0,0.0,0.0,-1.149998426437378,0.0,7.2288713455200195,9.999999747378752e-05,0.0,1.0,0.0,360.0,13.0,0.0,0.0,0.0,0.0,2.0,1.0,0.0,0.0,0.0,7.0
-50.0,56.49997329711914,0.0,1.0,1.0,12.0,50.0,0.0,0.0,0.0,0.0,1.0,0.0,0.0,-1.149997353553772,0.0,7.2288713455200195,9.999999747378752e-05,0.0,1.0,0.0,360.0,26.0,0.0,0.0,0.0,0.0,2.0,1.0,0.0,0.0,0.0,8.0
-49.769996643066406,44.21999740600586,0.0,1.0,1.0,29.0,3.0,0.0,0.0,0.0,0.0,1.0,0.0,0.0860000029206276,-0.38999998569488525,0.0,7.2288713455200195,9.999999747378752e-05,0.0,1.0,0.0,360.0,39.0,0.0,0.0,0.0,0.0,2.0,1.0,0.0,0.0,0.0,6.0
-39.761993408203125,68.65998840332031,0.0,1.0,1.0,27.0,13.0,0.0,0.0,0.0,0.0,0.0,0.0,0.7739999890327454,1.0999993085861206,0.0,4.335529327392578,9.999999747378752e-05,0.0,1.0,0.0,14.0,1.0,0.0,0.0,0.0,0.0,2.0,1.0,-0.7791407108306885,0.0,0.0,39.0
-30.6099910736084,71.1299819946289,0.0,1.0,1.0,27.0,26.0,0.0,0.0,0.0,0.0,0.0,0.0,0.6440001130104065,-0.5900006294250488,0.0,-5.361629009246826,9.999999747378752e-05,0.0,1.0,1.0,349.0,13.0,0.0,0.0,0.0,0.0,2.0,1.0,0.0006294250197242945,0.0,0.0,44.0
-20.563987731933594,51.629974365234375,0.0,1.0,1.0,27.0,39.0,0.0,0.0,0.0,0.0,0.0,0.0,0.7739999890327454,-2.280000686645508,0.0,31.894176483154297,9.999999747378752e-05,0.0,1.0,1.0,349.0,26.0,0.0,0.0,0.0,0.0,2.0,1.0,5.1566808223724365,0.0,0.0,8.0
-10.381982803344727,15.109966278076172,0.0,1.0,1.0,32.0,2.0,0.0,0.0,0.0,0.0,0.0,0.0,0.7739999890327454,-2.9000000953674316,0.0,51.903953552246094,9.999999747378752e-05,0.0,1.0,1.0,349.0,39.0,0.0,0.0,0.0,0.0,2.0,1.0,1.8140258193016052,0.0,0.0,7.0
0.9412224888801575,9.999999747378752e-05,0.0,1.0,1.0,14.0,1.0,0.0,0.0,1.0,0.0,2.0,1.0,1.3786644339561462,0.0,0.0,59.87667465209961,9.999999747378752e-05,0.0,1.0,1.0,349.0,52.0,0.0,0.0,0.0,0.0,2.0,1.0,0.7849654853343964,0.0,0.0,20.0
10.63838005065918,9.999999747378752e-05,0.0,1.0,0.0,349.0,13.0,0.0,0.0,1.0,0.0,2.0,1.0,-0.0006294250197242945,0.0,0.0,62.569419860839844,9.999999747378752e-05,0.0,1.0,1.0,349.0,65.0,0.0,0.0,0.0,0.0,2.0,1.0,0.1584625169634819,0.0,0.0,0.0
-26.6174259185791,9.999999747378752e-05,0.0,1.0,0.0,349.0,26.0,0.0,0.0,1.0,0.0,2.0,1.0,-5.1566808223724365,0.0,0.0,62.59877014160156,9.999999747378752e-05,0.0,1.0,1.0,349.0,78.0,0.0,0.0,0.0,0.0,2.0,1.0,-0.06549834832549095,0.0,0.0,24.0
-46.62720489501953,9.999999747378752e-05,0.0,1.0,0.0,349.0,39.0,0.0,0.0,1.0,0.0,2.0,1.0,-1.8140258193016052,0.0,0.0,39.785743713378906,9.999999747378752e-05,0.0,1.0,0.0,20.0,11.0,0.0,0.0,0.0,0.0,2.0,1.0,-4.43999981880188,0.0,0.0,7.0
-54.59992599487305,9.999999747378752e-05,0.0,1.0,0.0,349.0,52.0,0.0,0.0,1.0,0.0,2.0,1.0,-0.7849654853343964,0.0,0.0,18.20574378967285,9.999999747378752e-05,0.0,1.0,0.0,20.0,24.0,0.0,0.0,0.0,0.0,2.0,1.0,-2.3599992990493774,0.0,0.0,31.0
-57.29267120361328,9.999999747378752e-05,0.0,1.0,0.0,349.0,65.0,0.0,0.0,1.0,0.0,2.0,1.0,-0.1584625169634819,0.0,0.0,10.145745277404785,9.999999747378752e-05,0.0,1.0,0.0,214.0,13.0,0.0,0.0,0.0,0.0,2.0,1.0,-0.2799995541572571,0.0,0.0,21.0
-57.322021484375,9.999999747378752e-05,0.0,1.0,0.0,349.0,78.0,0.0,0.0,1.0,0.0,2.0,1.0,0.06549834832549095,0.0,0.0,10.085745811462402,9.999999747378752e-05,0.0,1.0,0.0,214.0,26.0,0.0,0.0,0.0,0.0,2.0,1.0,0.0,0.0,0.0,21.0
-57.28899002075195,9.999999747378752e-05,0.0,1.0,0.0,41.0,1.0,0.0,0.0,0.0,0.0,2.0,1.0,0.0,0.0,0.0,10.085745811462402,9.999999747378752e-05,0.0,1.0,0.0,214.0,39.0,0.0,0.0,0.0,0.0,2.0,1.0,0.0,0.0,0.0,41.0
-57.28899002075195,21.16009521484375,0.0,1.0,0.0,25.0,8.0,0.0,0.0,0.0,0.0,1.0,0.0,0.0,2.1899991035461426,0.0,-14.99424934387207,9.999999747378752e-05,0.0,1.0,0.0,20.0,12.0,0.0,0.0,0.0,0.0,2.0,1.0,-4.43999981880188,0.0,0.0,12.0
-57.28899002075195,37.800079345703125,0.0,1.0,0.0,69.0,13.0,0.0,0.0,0.0,0.0,1.0,0.0,0.0,0.4999990463256836,0.0,-36.57424545288086,9.999999747378752e-05,0.0,1.0,0.0,214.0,13.0,0.0,0.0,0.0,0.0,2.0,1.0,-2.3599992990493774,0.0,0.0,31.0
-57.28899002075195,32.47006607055664,0.0,1.0,0.0,69.0,26.0,0.0,0.0,0.0,0.0,1.0,0.0,0.0,-1.1900008916854858,0.0,-44.63424301147461,9.999999747378752e-05,0.0,1.0,0.0,214.0,26.0,0.0,0.0,0.0,0.0,2.0,1.0,-0.2799995541572571,0.0,0.0,44.0
-52.97898864746094,5.170053005218506,0.0,1.0,0.0,69.0,39.0,0.0,0.0,0.0,0.0,1.0,0.0,0.5660000443458557,-2.8800015449523926,0.0,-44.694244384765625,9.999999747378752e-05,0.0,1.0,0.0,214.0,39.0,0.0,0.0,0.0,0.0,2.0,1.0,0.0,0.0,0.0,14.0
-51.00497817993164,9.999999747378752e-05,0.0,1.0,0.0,73.0,21.0,0.0,0.0,0.0,0.0,2.0,1.0,0.0,0.0,0.0,-43.49424743652344,9.999999747378752e-05,0.0,1.0,0.0,14.0,12.0,0.0,0.0,0.0,0.0,2.0,1.0,0.0,0.0,0.0,53.0
-51.00497817993164,9.999999747378752e-05,0.0,1.0,1.0,18.0,9.0,0.0,0.0,0.0,0.0,2.0,1.0,0.0,0.0,0.0,-50.32725143432617,23.220094680786133,0.0,1.0,0.0,25.0,9.0,0.0,0.0,0.0,0.0,1.0,0.0,-0.7739999890327454,2.0599989891052246,0.0,21.0
-45.653255462646484,9.999999747378752e-05,0.0,1.0,1.0,357.0,13.0,0.0,0.0,0.0,0.0,2.0,1.0,5.35172438621521,0.0,0.0,-51.893741607666016,26.829797744750977,0.0,1.0,0.0,359.0,13.0,0.0,0.0,0.0,0.0,1.0,0.0,-0.24607038497924805,-0.023047924041748047,0.0,4.0
-10.86705207824707,9.999999747378752e-05,0.0,1.0,1.0,357.0,26.0,0.0,0.0,0.0,0.0,2.0,1.0,5.351722478866577,0.0,0.0,-64.16618347167969,9.999999747378752e-05,0.0,1.0,0.0,360.0,2.0,0.0,0.0,0.0,0.0,2.0,1.0,-1.4908456802368164,0.0,0.0,7.0
23.91915512084961,9.999999747378752e-05,0.0,1.0,1.0,357.0,39.0,0.0,0.0,0.0,0.0,2.0,1.0,5.351730108261108,0.0,0.0,-64.96244812011719,9.999999747378752e-05,0.0,1.0,0.0,360.0,15.0,0.0,0.0,0.0,0.0,2.0,1.0,0.0,0.0,0.0,4.0
41.755149841308594,9.999999747378752e-05,0.0,1.0,1.0,358.0,13.0,0.0,0.0,0.0,0.0,2.0,1.0,1.2079992294311523,0.0,0.0,-64.96244812011719,9.999999747378752e-05,0.0,1.0,0.0,360.0,28.0,0.0,0.0,0.0,0.0,2.0,1.0,0.0,0.0,0.0,8.0
42.89114761352539,9.999999747378752e-05,0.0,1.0,1.0,358.0,26.0,0.0,0.0,0.0,0.0,2.0,1.0,0.0,0.0,0.0,-64.96244812011719,9.999999747378752e-05,0.0,1.0,0.0,360.0,41.0,0.0,0.0,0.0,0.0,2.0,1.0,0.0,0.0,0.0,21.0
42.89114761352539,9.999999747378752e-05,0.0,1.0,1.0,41.0,1.0,0.0,0.0,0.0,0.0,2.0,1.0,0.0,0.0,0.0,-64.96244812011719,9.999999747378752e-05,0.0,1.0,0.0,41.0,1.0,0.0,0.0,0.0,0.0,2.0,1.0,0.0,0.0,0.0,27.0
42.89114761352539,9.999999747378752e-05,0.0,1.0,1.0,64.0,13.0,0.0,0.0,0.0,0.0,2.0,1.0,0.0,0.0,0.0,-64.96244812011719,9.999999747378752e-05,0.0,1.0,0.0,44.0,13.0,0.0,0.0,0.0,0.0,2.0,1.0,0.0,0.0,0.0,5.0
42.89114761352539,9.999999747378752e-05,0.0,1.0,1.0,64.0,26.0,0.0,0.0,0.0,0.0,2.0,1.0,0.0,0.0,0.0,-70.22744750976562,18.970096588134766,0.0,1.0,0.0,25.0,7.0,0.0,0.0,0.0,0.0,1.0,0.0,-0.7739999890327454,2.3199992179870605,0.0,45.0
42.89114761352539,9.999999747378752e-05,0.0,1.0,1.0,64.0,39.0,0.0,0.0,0.0,0.0,2.0,1.0,0.0,0.0,0.0,-75.95945739746094,37.30008316040039,0.0,1.0,0.0,67.0,13.0,0.0,0.0,0.0,0.0,1.0,0.0,-0.18800003826618195,0.629999041557312,0.0,21.0
42.89114761352539,9.999999747378752e-05,0.0,1.0,1.0,41.0,1.0,0.0,0.0,0.0,0.0,2.0,1.0,0.0,0.0,0.0,-77.49345397949219,33.66006851196289,0.0,1.0,0.0,67.0,26.0,0.0,0.0,0.0,0.0,1.0,0.0,-0.05800002068281174,-1.0600008964538574,0.0,32.0
42.89114761352539,9.999999747378752e-05,0.0,1.0,1.0,63.0,8.0,0.0,0.0,0.0,0.0,2.0,1.0,0.0,0.0,0.0,-69.02547454833984,53.26006317138672,0.0,1.0,0.0,28.0,11.0,0.0,0.0,0.0,0.0,0.0,0.0,0.7739999890327454,1.3599992990493774,0.0,17.0
42.89114761352539,9.999999747378752e-05,0.0,1.0,1.0,63.0,21.0,0.0,0.0,0.0,0.0,2.0,1.0,0.0,0.0,0.0,-63.29347610473633,59.110050201416016,0.0,1.0,0.0,28.0,24.0,0.0,0.0,0.0,0.0,0.0,0.0,0.18800003826618195,-0.330000638961792,0.0,7.0
42.89114761352539,9.999999747378752e-05,0.0,1.0,1.0,63.0,34.0,0.0,0.0,0.0,0.0,2.0,1.0,0.0,0.0,0.0,-64.8599624633789,62.71975326538086,0.0,1.0,0.0,359.0,13.0,0.0,0.0,0.0,0.0,0.0,0.0,-0.24607038497924805,-0.023047924041748047,0.0,21.0
42.89114761352539,9.999999747378752e-05,0.0,1.0,1.0,41.0,1.0,0.0,0.0,0.0,0.0,2.0,1.0,0.0,0.0,0.0,-77.85243225097656,23.627368927001953,0.0,1.0,0.0,359.0,26.0,0.0,0.0,0.0,0.0,0.0,0.0,-1.225423812866211,-3.8174819946289062,0.0,25.0
68.47114562988281,9.999999747378752e-05,0.0,1.0,1.0,20.0,12.0,0.0,0.0,0.0,0.0,2.0,1.0,4.43999981880188,0.0,0.0,-93.23294830322266,-16.8250732421875,0.0,1.0,0.0,361.0,10.0,0.0,0.0,0.0,0.0,1.0,0.0,-1.1254239082336426,-2.9000000953674316,1.0,12.0
85.4461669921875,9.999999747378752e-05,0.0,1.0,1.0,50.0,13.0,0.0,0.0,0.0,0.0,2.0,1.0,2.6115379333496094,0.0,0.0,-106.95346069335938,-54.525081634521484,0.0,1.0,0.0,361.0,23.0,0.0,0.0,0.0,0.0,1.0,0.0,-0.9954240322113037,-2.9000000953674316,1.0,8.0
85.5656967163086,0.0,0.0,1.0,1.0,50.0,26.0,0.0,0.0,0.0,0.0,2.0,1.0,2.6115341186523438,0.0,0.0,-117.95797729492188,-92.22509765625,0.0,1.0,0.0,29.0,7.0,0.0,0.0,0.0,0.0,1.0,0.0,-0.6374242305755615,-2.9000000953674316,1.0,21.0
86.08855438232422,-0.12999999523162842,0.0,1.0,1.0,29.0,2.0,0.0,0.0,0.0,0.0,1.0,0.0,0.25642794370651245,-0.12999999523162842,1.0,-125.3344955444336,-129.92510986328125,0.0,1.0,0.0,68.0,13.0,0.0,0.0,0.0,0.0,1.0,0.0,-0.5074243545532227,-2.9000000953674316,1.0,7.0
90.2685546875,9.729998588562012,0.0,1.0,1.0,27.0,13.0,0.0,0.0,0.0,0.0,0.0,0.0,1.1200000047683716,2.2699995040893555,1.0,-126.76419067382812,-141.52508544921875,0.0,0.0,0.0,0.0,-1.0,0.0,0.0,0.0,0.0,1.0,0.0,0.0,0.0,1.0,21.0
90.2685546875,9.729998588562012,0.0,1.0,1.0,27.0,26.0,0.0,0.0,0.0,0.0,0.0,0.0,1.1200000047683716,2.2699995040893555,1.0,-126.76419067382812,-141.52508544921875,0.0,0.0,0.0,0.0,-1.0,0.0,0.0,0.0,0.0,1.0,0.0,0.0,0.0,1.0,22.0
90.2685546875,9.729998588562012,0.0,1.0,1.0,27.0,39.0,0.0,0.0,0.0,0.0,0.0,0.0,1.1200000047683716,2.2699995040893555,1.0,-126.76419067382812,-141.52508544921875,0.0,0.0,0.0,0.0,-1.0,0.0,0.0,0.0,0.0,1.0,0.0,0.0,0.0,1.0,44.0
