-42.2283821105957,9.999999747378752e-05,59.0,2.0,0.0,39.0,3.0,0.0,0.0,0.0,0.0,2.0,1.0,0.0,0.0,0.0,-246.90977478027344,36.27885437011719,0.0,0.0,1.0,1.0,-1.0,0.0,0.0,0.0,0.0,1.0,0.0,0.0,0.0,1.0,53.0
-42.2283821105957,9.999999747378752e-05,59.0,2.0,0.0,39.0,3.0,0.0,0.0,0.0,0.0,2.0,1.0,0.0,0.0,0.0,-246.90977478027344,36.27885437011719,0.0,0.0,1.0,1.0,-1.0,0.0,0.0,0.0,0.0,1.0,0.0,0.0,0.0,1.0,53.0
-42.2283821105957,9.999999747378752e-05,59.0,2.0,0.0,39.0,3.0,0.0,0.0,0.0,0.0,2.0,1.0,0.0,0.0,0.0,-246.90977478027344,36.27885437011719,0.0,0.0,1.0,1.0,-1.0,0.0,0.0,0.0,0.0,1.0,0.0,0.0,0.0,1.0,53.0
-60.0,10.0,0.0,4.0,1.0,322.0,-1.0,0.0,0.0,0.0,0.0,1.0,0.0,0.0,0.0,0.0,60.0,10.0,0.0,4.0,0.0,322.0,-1.0,0.0,0.0,0.0,0.0,1.0,0.0,0.0,0.0,0.0,53.0
-60.0,10.60392951965332,0.0,4.0,1.0,323.0,11.0,0.0,0.0,0.0,0.0,1.0,0.0,0.0,0.0,0.0,60.0,10.329416275024414,0.0,4.0,0.0,323.0,6.0,0.0,0.0,0.0,0.0,1.0,0.0,0.0,0.0,0.0,53.0
-60.0,11.317663192749023,0.0,4.0,1.0,323.0,24.0,0.0,0.0,0.0,0.0,1.0,0.0,0.0,0.0,0.0,60.0,11.043149948120117,0.0,4.0,0.0,323.0,19.0,0.0,0.0,0.0,0.0,1.0,0.0,0.0,0.0,0.0,53.0
-60.0,11.262761116027832,0.0,4.0,1.0,324.0,-1.0,0.0,0.0,0.0,0.0,1.0,0.0,0.0,0.0,0.0,60.0,11.537274360656738,0.0,4.0,0.0,324.0,-1.0,0.0,0.0,0.0,0.0,1.0,0.0,0.0,0.0,0.0,53.0
-60.0,10.549026489257812,0.0,4.0,1.0,324.0,-1.0,0.0,0.0,0.0,0.0,1.0,0.0,0.0,0.0,0.0,60.0,10.823539733886719,0.0,4.0,0.0,324.0,-1.0,0.0,0.0,0.0,0.0,1.0,0.0,0.0,0.0,0.0,53.0
-60.0,8.754901885986328,0.0,4.0,1.0,29.0,4.0,0.0,0.0,0.0,0.0,1.0,0.0,0.0,-0.5199999809265137,0.0,60.0,10.1098051071167,0.0,4.0,0.0,324.0,-1.0,0.0,0.0,0.0,0.0,1.0,0.0,0.0,0.0,0.0,53.0
-60.0,9.999999747378752e-05,0.0,4.0,1.0,42.0,4.0,0.0,0.0,0.0,0.0,2.0,1.0,0.0,0.0,0.0,60.0,-0.08509719371795654,0.0,4.0,0.0,29.0,4.0,0.0,0.0,0.0,0.0,1.0,0.0,0.0,-1.559999942779541,0.0,51.0
-60.0,9.999999747378752e-05,0.0,4.0,1.0,180.0,0.0,0.0,0.0,9.0,0.0,2.0,1.0,0.0,0.0,0.0,57.06576919555664,9.999999747378752e-05,0.0,4.0,0.0,16.0,9.0,0.0,0.0,0.0,0.0,2.0,1.0,-0.9596057236194611,0.0,0.0,54.0
-60.0,9.999999747378752e-05,0.0,4.0,1.0,235.0,13.0,0.0,0.0,10.0,0.0,2.0,1.0,0.0,0.0,0.0,49.979549407958984,9.999999747378752e-05,0.0,4.0,0.0,16.0,25.0,0.0,0.0,0.0,0.0,2.0,1.0,-1.1393491625785828,0.0,0.0,54.0
-60.0,9.999999747378752e-05,0.0,4.0,1.0,235.0,26.0,0.0,0.0,10.0,0.0,2.0,1.0,0.0,0.0,0.0,42.50392532348633,9.999999747378752e-05,0.0,4.0,0.0,16.0,4.0,0.0,0.0,0.0,0.0,2.0,1.0,-1.1541420817375183,0.0,0.0,54.0
-60.0,9.999999747378752e-05,0.0,4.0,1.0,39.0,7.0,0.0,0.0,0.0,0.0,2.0,1.0,0.0,0.0,0.0,34.996253967285156,9.999999747378752e-05,0.0,4.0,0.0,16.0,22.0,0.0,0.0,0.0,0.0,2.0,1.0,-1.1553594470024109,0.0,0.0,54.0
-60.0,9.999999747378752e-05,0.0,4.0,1.0,41.0,1.0,0.0,0.0,0.0,0.0,2.0,1.0,0.0,0.0,0.0,27.48594093322754,9.999999747378752e-05,0.0,4.0,0.0,16.0,1.0,0.0,0.0,0.0,0.0,2.0,1.0,-1.155459702014923,0.0,0.0,51.0
-60.0,9.999999747378752e-05,0.0,4.0,1.0,235.0,12.0,0.0,0.0,1.0,0.0,2.0,1.0,0.0,0.0,0.0,19.975412368774414,9.999999747378752e-05,0.0,4.0,0.0,16.0,19.0,0.0,0.0,0.0,0.0,2.0,1.0,-1.155467927455902,0.0,0.0,54.0
-60.0,9.999999747378752e-05,0.0,4.0,1.0,235.0,25.0,0.0,0.0,1.0,0.0,2.0,1.0,0.0,0.0,0.0,12.46487045288086,9.999999747378752e-05,0.0,4.0,0.0,16.0,38.0,0.0,0.0,0.0,0.0,2.0,1.0,-1.1554685235023499,0.0,0.0,54.0
-60.0,9.999999747378752e-05,0.0,4.0,1.0,39.0,6.0,0.0,0.0,0.0,0.0,2.0,1.0,0.0,0.0,0.0,4.954328536987305,9.999999747378752e-05,0.0,4.0,0.0,16.0,16.0,0.0,0.0,0.0,0.0,2.0,1.0,-1.1554685235023499,0.0,0.0,54.0
-60.0,9.999999747378752e-05,0.0,4.0,1.0,41.0,1.0,0.0,0.0,0.0,0.0,2.0,1.0,0.0,0.0,0.0,-2.556216239929199,9.999999747378752e-05,0.0,4.0,0.0,16.0,35.0,0.0,0.0,0.0,0.0,2.0,1.0,-1.1554685235023499,0.0,0.0,51.0
-60.0,9.999999747378752e-05,0.0,4.0,1.0,235.0,12.0,0.0,0.0,1.0,0.0,2.0,1.0,0.0,0.0,0.0,-10.06675910949707,9.999999747378752e-05,0.0,4.0,0.0,16.0,13.0,0.0,0.0,0.0,0.0,2.0,1.0,-1.1554685235023499,0.0,0.0,54.0
-60.0,9.999999747378752e-05,0.0,4.0,1.0,235.0,25.0,0.0,0.0,1.0,0.0,2.0,1.0,0.0,0.0,0.0,-15.337303161621094,9.999999747378752e-05,0.0,4.0,0.0,14.0,7.0,0.0,0.0,0.0,0.0,2.0,1.0,-0.035468727350234985,0.0,0.0,54.0
-60.0,9.999999747378752e-05,0.0,4.0,1.0,39.0,6.0,0.0,0.0,0.0,0.0,2.0,1.0,0.0,0.0,0.0,-15.337303161621094,9.999999747378752e-05,0.0,4.0,0.0,14.0,20.0,0.0,0.0,0.0,0.0,2.0,1.0,0.0,0.0,0.0,40.0
-60.0,9.999999747378752e-05,0.0,4.0,1.0,212.0,13.0,0.0,0.0,0.0,0.0,2.0,1.0,0.0,0.0,0.0,-5.6395134925842285,9.999999747378752e-05,0.0,4.0,0.0,349.0,11.0,0.0,0.0,0.0,0.0,2.0,1.0,-0.000631332368357107,0.0,0.0,51.0
-60.0,9.999999747378752e-05,0.0,4.0,1.0,212.0,26.0,0.0,0.0,0.0,0.0,2.0,1.0,0.0,0.0,0.0,-37.580230712890625,9.999999747378752e-05,0.0,4.0,0.0,349.0,24.0,0.0,0.0,0.0,0.0,2.0,1.0,-5.793319463729858,0.0,0.0,25.0
-53.8403434753418,7.134120941162109,7.0,4.0,1.0,90.0,4.0,0.0,0.0,35.0,0.0,1.0,0.0,0.8413804173469543,2.1995030641555786,0.0,-47.13423538208008,9.999999747378752e-05,0.0,4.0,0.0,350.0,6.0,0.0,0.0,0.0,0.0,2.0,1.0,-0.6062500178813934,0.0,0.0,40.0
-44.3365478515625,19.48380470275879,7.0,4.0,1.0,90.0,17.0,0.0,0.0,22.0,0.0,1.0,0.0,0.6365020275115967,-0.1210472583770752,0.0,-50.165470123291016,9.999999747378752e-05,0.0,4.0,0.0,350.0,19.0,0.0,0.0,0.0,0.0,2.0,1.0,0.0,0.0,0.0,57.0
-37.49617004394531,5.026328086853027,7.0,4.0,1.0,90.0,30.0,0.0,0.0,9.0,0.0,1.0,0.0,0.4316238462924957,-1.5715978145599365,0.0,-50.165470123291016,9.999999747378752e-05,0.0,4.0,0.0,18.0,7.0,0.0,0.0,0.0,0.0,2.0,1.0,0.0,0.0,0.0,57.0
-34.92332077026367,9.999999747378752e-05,7.0,4.0,1.0,183.0,9.0,0.0,0.0,4.0,0.0,1.0,0.0,0.0,0.0,0.0,-50.165470123291016,9.999999747378752e-05,0.0,4.0,1.0,14.0,9.0,0.0,0.0,0.0,0.0,2.0,1.0,0.0,0.0,0.0,40.0
-34.92332077026367,9.999999747378752e-05,7.0,4.0,1.0,183.0,22.0,0.0,0.0,4.0,0.0,1.0,0.0,0.0,0.0,0.0,-49.64854431152344,9.999999747378752e-05,0.0,4.0,1.0,15.0,2.0,0.0,0.0,0.0,0.0,2.0,1.0,0.40007592737674713,0.0,0.0,38.0
-34.92332077026367,9.999999747378752e-05,7.0,4.0,1.0,187.0,9.0,0.0,0.0,4.0,0.0,2.0,1.0,0.0,0.0,0.0,-49.22371292114258,9.999999747378752e-05,0.0,4.0,1.0,14.0,12.0,0.0,0.0,0.0,0.0,2.0,1.0,0.0,0.0,0.0,19.0
-34.92332077026367,9.999999747378752e-05,7.0,4.0,1.0,187.0,19.0,0.0,2.0,4.0,0.0,2.0,1.0,0.0,0.0,0.0,-45.06623077392578,4.299312591552734,6.0,4.0,1.0,88.0,1.0,0.0,2.0,36.0,0.0,1.0,0.0,-1.9561809301376343,1.8890621662139893,0.0,57.0
-34.92332077026367,9.999999747378752e-05,7.0,4.0,1.0,187.0,31.0,0.0,0.0,4.0,0.0,2.0,1.0,0.0,0.0,0.0,-65.67887115478516,14.06470775604248,6.0,4.0,1.0,88.0,13.0,0.0,0.0,24.0,0.0,1.0,0.0,-1.515945315361023,-0.0960686206817627,0.0,57.0
-34.92332077026367,9.999999747378752e-05,7.0,4.0,1.0,187.0,44.0,0.0,0.0,4.0,0.0,2.0,1.0,0.0,0.0,0.0,-82.0477066040039,-1.5780951976776123,6.0,4.0,1.0,88.0,26.0,0.0,0.0,11.0,0.0,1.0,0.0,-1.0390233993530273,-1.8966271877288818,0.0,54.0
-34.92332077026367,9.999999747378752e-05,7.0,4.0,1.0,41.0,1.0,0.0,0.0,0.0,0.0,2.0,1.0,0.0,0.0,0.0,-83.09568786621094,15.500096321105957,6.0,4.0,1.0,27.0,7.0,0.0,0.0,0.0,0.0,0.0,0.0,0.7633492350578308,1.879999239848832,0.0,54.0
-34.92332077026367,9.999999747378752e-05,7.0,4.0,1.0,39.0,4.0,0.0,0.0,0.0,0.0,2.0,1.0,0.0,0.0,0.0,-70.58460235595703,28.11008644104004,6.0,4.0,1.0,27.0,20.0,0.0,0.0,0.0,0.0,0.0,0.0,0.9800001382827759,0.18999934196472168,0.0,57.0
-34.92332077026367,9.999999747378752e-05,7.0,4.0,1.0,41.0,1.0,0.0,0.0,0.0,0.0,2.0,1.0,0.0,0.0,0.0,-56.931461334228516,18.750080108642578,6.0,4.0,1.0,27.0,33.0,0.0,0.0,0.0,0.0,0.0,0.0,1.100000023841858,-1.5000005960464478,0.0,57.0
-34.92332077026367,9.999999747378752e-05,7.0,4.0,1.0,39.0,4.0,0.0,0.0,0.0,0.0,2.0,1.0,0.0,0.0,0.0,-43.91145706176758,9.999999747378752e-05,6.0,4.0,1.0,42.0,3.0,0.0,0.0,0.0,0.0,2.0,1.0,1.5000002980232239,0.0,0.0,59.0
-34.92332077026367,23.220094680786133,7.0,4.0,1.0,25.0,9.0,0.0,0.0,0.0,0.0,1.0,0.0,0.0,2.0599989891052246,0.0,-40.76145935058594,9.999999747378752e-05,6.0,4.0,1.0,42.0,16.0,0.0,0.0,0.0,0.0,2.0,1.0,0.0,0.0,0.0,59.0
-34.92332077026367,47.66008758544922,7.0,4.0,1.0,27.0,13.0,0.0,0.0,0.0,0.0,0.0,0.0,0.0,1.0999993085861206,0.0,-40.76145935058594,9.999999747378752e-05,6.0,4.0,1.0,44.0,5.0,0.0,0.0,0.0,0.0,2.0,1.0,0.0,0.0,0.0,54.0
-39.23332214355469,50.13008117675781,7.0,4.0,1.0,27.0,26.0,0.0,0.0,0.0,0.0,0.0,0.0,-0.5660000443458557,-0.5900006294250488,0.0,-40.76145935058594,9.999999747378752e-05,6.0,4.0,1.0,45.0,10.0,0.0,0.0,0.0,0.0,2.0,1.0,0.0,0.0,0.0,55.0
-51.497318267822266,30.63007164001465,7.0,4.0,1.0,27.0,39.0,0.0,0.0,0.0,0.0,0.0,0.0,-1.1100000143051147,-2.280000686645508,0.0,-40.76145935058594,9.999999747378752e-05,6.0,4.0,1.0,18.0,2.0,0.0,0.0,0.0,0.0,2.0,1.0,0.0,0.0,0.0,54.0
-64.19731140136719,9.999999747378752e-05,7.0,4.0,1.0,42.0,4.0,0.0,0.0,0.0,0.0,2.0,1.0,-1.2200003266334534,0.0,0.0,-40.76145935058594,9.999999747378752e-05,6.0,4.0,0.0,14.0,4.0,0.0,0.0,0.0,0.0,2.0,1.0,0.0,0.0,0.0,25.0
-68.6996841430664,9.999999747378752e-05,7.0,4.0,1.0,60.0,10.0,0.0,0.0,0.0,0.0,2.0,1.0,0.0,0.0,0.0,-40.76145935058594,9.999999747378752e-05,6.0,4.0,0.0,14.0,17.0,0.0,0.0,0.0,0.0,2.0,1.0,0.0,0.0,0.0,54.0
-54.67552185058594,9.999999747378752e-05,7.0,4.0,1.0,60.0,19.0,0.0,5.0,0.0,0.0,2.0,1.0,12.071132183074951,0.0,0.0,-42.16767501831055,9.999999747378752e-05,26.0,4.0,0.0,88.0,1.0,0.0,5.0,32.0,0.0,1.0,0.0,1.765457272529602,1.7048823833465576,0.0,40.0
-49.9539680480957,9.999999747378752e-05,7.0,4.0,1.0,60.0,28.0,0.0,0.0,0.0,0.0,2.0,1.0,0.24286650866270065,0.0,0.0,-27.929439544677734,7.899801254272461,26.0,4.0,0.0,88.0,10.0,0.0,0.0,23.0,0.0,1.0,0.0,1.4352805614471436,0.21603429317474365,0.0,40.0
-49.95528793334961,9.999999747378752e-05,7.0,4.0,1.0,60.0,41.0,0.0,0.0,0.0,0.0,2.0,1.0,0.011215209495276213,0.0,0.0,-12.609245300292969,-4.345663070678711,26.0,4.0,0.0,88.0,23.0,0.0,0.0,10.0,0.0,1.0,0.0,0.9583585262298584,-1.9345247745513916,0.0,54.0
-49.81098937988281,9.999999747378752e-05,7.0,4.0,1.0,60.0,54.0,0.0,0.0,0.0,0.0,2.0,1.0,0.002368927001953125,0.0,0.0,-5.303744316101074,9.999999747378752e-05,26.0,4.0,0.0,183.0,12.0,0.0,0.0,8.0,0.0,1.0,0.0,0.23698580265045166,0.0,0.0,40.0
-49.77298355102539,9.999999747378752e-05,7.0,4.0,1.0,178.0,-1.0,0.0,0.0,7.0,0.0,2.0,1.0,0.0,0.0,0.0,-4.8658013343811035,9.999999747378752e-05,26.0,4.0,0.0,183.0,25.0,0.0,0.0,8.0,0.0,2.0,1.0,0.0,0.0,0.0,40.0
-49.77298355102539,9.999999747378752e-05,7.0,4.0,1.0,180.0,12.0,0.0,0.0,20.0,0.0,2.0,1.0,0.0,0.0,0.0,-4.8658013343811035,9.999999747378752e-05,26.0,4.0,0.0,186.0,12.0,0.0,0.0,220.0,0.0,2.0,1.0,0.0,0.0,0.0,40.0
-49.77298355102539,9.999999747378752e-05,7.0,4.0,1.0,180.0,0.0,0.0,0.0,9.0,0.0,2.0,1.0,0.0,0.0,0.0,-4.8658013343811035,9.999999747378752e-05,26.0,4.0,0.0,186.0,25.0,0.0,0.0,220.0,0.0,2.0,1.0,0.0,0.0,0.0,40.0
-49.77298355102539,9.999999747378752e-05,7.0,4.0,1.0,180.0,13.0,0.0,0.0,22.0,0.0,2.0,1.0,0.0,0.0,0.0,-7.183155059814453,9.999999747378752e-05,26.0,4.0,0.0,16.0,9.0,0.0,0.0,0.0,0.0,2.0,1.0,-0.7643639743328094,0.0,0.0,54.0
-49.77298355102539,9.999999747378752e-05,7.0,4.0,1.0,235.0,13.0,0.0,0.0,23.0,0.0,2.0,1.0,0.0,0.0,0.0,-13.497098922729492,9.999999747378752e-05,26.0,4.0,0.0,16.0,23.0,0.0,0.0,0.0,0.0,2.0,1.0,-1.0932016968727112,0.0,0.0,54.0
-49.77298355102539,9.999999747378752e-05,7.0,4.0,1.0,235.0,26.0,0.0,0.0,23.0,0.0,2.0,1.0,0.0,0.0,0.0,-20.750255584716797,9.999999747378752e-05,26.0,4.0,0.0,16.0,1.0,0.0,0.0,0.0,0.0,2.0,1.0,-1.1156249642372131,0.0,0.0,54.0
-49.77298355102539,9.999999747378752e-05,7.0,4.0,1.0,39.0,7.0,0.0,0.0,0.0,0.0,2.0,1.0,0.0,0.0,0.0,-27.948692321777344,9.999999747378752e-05,26.0,4.0,0.0,16.0,19.0,0.0,0.0,0.0,0.0,2.0,1.0,-1.102343738079071,0.0,0.0,25.0
-54.275333404541016,9.999999747378752e-05,7.0,4.0,1.0,60.0,10.0,0.0,0.0,0.0,0.0,2.0,1.0,0.0,0.0,0.0,-34.787601470947266,9.999999747378752e-05,26.0,4.0,0.0,14.0,2.0,0.0,0.0,0.0,0.0,2.0,1.0,-0.7690626084804535,0.0,0.0,25.0
-40.25115966796875,9.999999747378752e-05,7.0,4.0,1.0,60.0,19.0,0.0,5.0,0.0,0.0,2.0,1.0,12.071132183074951,0.0,0.0,-39.65073013305664,4.299312591552734,44.0,4.0,0.0,88.0,1.0,0.0,5.0,43.0,0.0,1.0,0.0,2.3573708534240723,2.27648663520813,0.0,40.0
-35.529605865478516,9.999999747378752e-05,7.0,4.0,1.0,60.0,28.0,0.0,0.0,0.0,0.0,2.0,1.0,0.24286650866270065,0.0,0.0,-28.839008331298828,24.55824851989746,44.0,4.0,0.0,88.0,10.0,0.0,0.0,34.0,0.0,1.0,0.0,1.3339099884033203,1.31244695186615,0.0,40.0
-35.53092575073242,9.999999747378752e-05,7.0,4.0,1.0,60.0,41.0,0.0,0.0,0.0,0.0,2.0,1.0,0.011215209495276213,0.0,0.0,-13.694904327392578,25.701860427856445,44.0,4.0,0.0,88.0,23.0,0.0,0.0,21.0,0.0,1.0,0.0,1.0200915336608887,-0.9615806341171265,0.0,54.0
-35.386627197265625,9.999999747378752e-05,7.0,4.0,1.0,60.0,54.0,0.0,0.0,0.0,0.0,2.0,1.0,0.002368927001953125,0.0,0.0,-2.630448818206787,8.593137741088867,44.0,4.0,0.0,88.0,29.0,0.0,0.0,8.0,0.0,1.0,0.0,0.706272304058075,-1.585606336593628,0.0,35.0
-32.840328216552734,9.999999747378752e-05,7.0,4.0,1.0,14.0,1.0,0.0,0.0,0.0,0.0,2.0,1.0,0.7250775098800659,0.0,0.0,3.080274820327759,9.999999747378752e-05,44.0,4.0,0.0,191.0,8.0,0.0,0.0,2.0,0.0,1.0,0.0,0.11743268370628357,0.0,0.0,57.0
-32.1901741027832,9.999999747378752e-05,7.0,4.0,1.0,41.0,1.0,0.0,0.0,0.0,0.0,2.0,1.0,0.0,0.0,0.0,3.162140130996704,9.999999747378752e-05,44.0,4.0,0.0,191.0,21.0,0.0,0.0,2.0,0.0,1.0,0.0,0.0,0.0,0.0,35.0
-29.802453994750977,9.999994654208422e-05,7.0,4.0,1.0,353.0,13.0,0.0,0.0,0.0,0.0,0.0,1.0,0.0,0.0009842673316597939,0.0,3.162140130996704,9.999999747378752e-05,44.0,4.0,0.0,194.0,8.0,0.0,0.0,220.0,0.0,2.0,1.0,0.0,0.0,0.0,54.0
-29.077102661132812,40.71786880493164,7.0,4.0,1.0,353.0,26.0,0.0,0.0,0.0,0.0,0.0,0.0,0.24059629440307617,1.5610313415527344,0.0,3.162140130996704,9.999999747378752e-05,44.0,4.0,0.0,194.0,21.0,0.0,0.0,220.0,0.0,2.0,1.0,0.0,0.0,0.0,54.0
-28.351749420166016,48.48308181762695,7.0,4.0,1.0,353.0,39.0,0.0,0.0,0.0,0.0,0.0,0.0,0.24059629440307617,-0.3149833679199219,0.0,2.2437026500701904,9.999999747378752e-05,44.0,4.0,0.0,15.0,4.0,0.0,0.0,0.0,0.0,2.0,1.0,-0.5725933611392975,0.0,0.0,35.0
-22.821596145629883,33.03071212768555,7.0,4.0,1.0,353.0,52.0,0.0,0.0,0.0,0.0,0.0,0.0,0.24059677124023438,-1.65423583984375,0.0,-0.35929858684539795,9.999999747378752e-05,44.0,4.0,0.0,14.0,8.0,0.0,0.0,0.0,0.0,2.0,1.0,0.0,0.0,0.0,54.0
-22.455842971801758,12.82229232788086,7.0,4.0,1.0,35.0,1.0,0.0,0.0,0.0,0.0,0.0,0.0,-0.11900316923856735,-1.386290431022644,0.0,-0.35938557982444763,9.999999747378752e-05,44.0,4.0,0.0,347.0,2.0,0.0,0.0,0.0,0.0,2.0,1.0,-0.00012686591799138114,0.0,0.0,54.0
-24.406871795654297,9.999999747378752e-05,7.0,4.0,1.0,43.0,9.0,0.0,0.0,0.0,0.0,2.0,1.0,0.0,0.0,0.0,-0.36222684383392334,9.999999747378752e-05,44.0,4.0,0.0,347.0,15.0,0.0,0.0,0.0,0.0,2.0,1.0,-0.005856537958607078,0.0,0.0,57.0
-24.406871795654297,9.999999747378752e-05,7.0,4.0,1.0,43.0,22.0,0.0,0.0,0.0,0.0,2.0,1.0,0.0,0.0,0.0,-0.3778448700904846,9.999999747378752e-05,44.0,4.0,0.0,347.0,28.0,0.0,0.0,0.0,0.0,2.0,1.0,-4.40254807472229e-05,0.0,0.0,57.0
-24.406871795654297,9.999999747378752e-05,7.0,4.0,1.0,39.0,5.0,0.0,0.0,0.0,0.0,2.0,1.0,0.0,0.0,0.0,-0.36936837434768677,9.999999747378752e-05,44.0,4.0,0.0,347.0,41.0,0.0,0.0,0.0,0.0,2.0,1.0,0.0018579773022793233,0.0,0.0,40.0
-24.406871795654297,9.999999747378752e-05,30.0,4.0,1.0,88.0,1.0,0.0,9.0,40.0,0.0,1.0,0.0,-2.1765782833099365,2.1018974781036377,0.0,-0.36214035749435425,9.999999747378752e-05,44.0,4.0,0.0,347.0,53.0,0.0,9.0,0.0,0.0,2.0,1.0,0.0001428043469786644,0.0,0.0,57.0
-36.21815872192383,3.2243268489837646,30.0,4.0,1.0,88.0,6.0,0.0,0.0,35.0,0.0,1.0,0.0,-2.2783851623535156,0.9267995357513428,0.0,-8.105570793151855,9.999999747378752e-05,44.0,4.0,0.0,347.0,58.0,0.0,0.0,0.0,0.0,2.0,1.0,-2.9551810026168823,0.0,0.0,57.0
-62.02095413208008,0.8016343116760254,30.0,4.0,1.0,88.0,19.0,0.0,0.0,22.0,0.0,1.0,0.0,-1.7332111597061157,-1.1404987573623657,0.0,-12.654809951782227,9.999999747378752e-05,44.0,4.0,0.0,347.0,71.0,0.0,0.0,0.0,0.0,2.0,1.0,-0.0158958425745368,0.0,0.0,55.0
-79.96068572998047,9.999999747378752e-05,30.0,4.0,1.0,183.0,8.0,0.0,0.0,16.0,0.0,1.0,0.0,-1.037591814994812,-1.7834246079928562e-08,0.0,-12.69631576538086,9.999999747378752e-05,44.0,4.0,0.0,347.0,84.0,0.0,0.0,0.0,0.0,2.0,1.0,0.00030517578125,0.0,0.0,40.0
-88.80839538574219,-2.729900360107422,30.0,4.0,1.0,29.0,7.0,0.0,0.0,0.0,0.0,1.0,0.0,-0.3745918273925781,-0.7800000228666377,1.0,-12.68095588684082,9.999999747378752e-05,44.0,4.0,0.0,347.0,97.0,0.0,0.0,0.0,0.0,2.0,1.0,0.0014591215876862407,0.0,0.0,48.0
-90.43314361572266,-48.22990036010742,30.0,4.0,1.0,29.0,4.0,0.0,0.0,0.0,0.0,1.0,0.0,0.0,-3.5,1.0,-12.680488586425781,9.999999747378752e-05,44.0,4.0,0.0,14.0,11.0,0.0,0.0,0.0,0.0,2.0,1.0,0.0,0.0,0.0,61.0
-85.82313537597656,-93.72990417480469,30.0,4.0,1.0,29.0,1.0,0.0,0.0,0.0,0.0,1.0,0.0,0.6499999761581421,-3.5,1.0,-13.91090202331543,9.999999747378752e-05,44.0,4.0,0.0,15.0,6.0,0.0,0.0,0.0,0.0,2.0,1.0,-0.5116029977798462,0.0,0.0,34.0
-85.82313537597656,-93.72990417480469,30.0,4.0,1.0,351.0,13.0,0.0,0.0,0.0,0.0,0.0,0.0,0.0,0.0,1.0,-18.46981430053711,9.999999747378752e-05,44.0,4.0,0.0,16.0,20.0,0.0,0.0,0.0,0.0,2.0,1.0,-0.852747768163681,0.0,0.0,4.0
-81.71420288085938,-93.72990417480469,30.0,4.0,1.0,351.0,17.0,0.0,0.0,0.0,0.0,0.0,0.0,1.8295674324035645,0.0,1.0,-20.206510543823242,9.999999747378752e-05,44.0,4.0,0.0,14.0,1.0,0.0,0.0,0.0,0.0,2.0,1.0,-0.7668832242488861,0.0,0.0,55.0
-55.516929626464844,-93.7799072265625,30.0,4.0,1.0,351.0,30.0,0.0,0.0,0.0,0.0,0.0,0.0,1.72930908203125,-0.05000000074505806,1.0,-20.940279006958008,9.999999747378752e-05,44.0,4.0,1.0,14.0,2.0,0.0,0.0,0.0,0.0,2.0,1.0,0.0,0.0,0.0,40.0
-38.77000045776367,-98.97990417480469,30.0,4.0,1.0,351.0,43.0,0.0,0.0,0.0,0.0,0.0,0.0,0.9461517333984375,-0.7000001072883606,1.0,-20.940279006958008,9.999999747378752e-05,44.0,4.0,1.0,14.0,15.0,0.0,0.0,0.0,0.0,2.0,1.0,0.0,0.0,0.0,25.0
-30.566509246826172,-112.6299057006836,30.0,4.0,1.0,351.0,56.0,0.0,0.0,-1.0,0.0,0.0,0.0,0.396942138671875,-1.3499997854232788,1.0,-18.526752471923828,9.999999747378752e-05,44.0,4.0,1.0,15.0,12.0,0.0,0.0,0.0,0.0,2.0,1.0,0.6303106248378754,0.0,0.0,54.0
-27.865131378173828,-134.7299041748047,31.0,4.0,1.0,351.0,69.0,0.0,0.0,-1.0,0.0,0.0,0.0,0.08167266845703125,-1.9999991655349731,1.0,-13.271259307861328,9.999999747378752e-05,44.0,4.0,1.0,16.0,23.0,0.0,0.0,0.0,0.0,2.0,1.0,0.9585451185703278,0.0,0.0,54.0
-27.701927185058594,-141.0299072265625,0.0,3.0,1.0,0.0,-1.0,0.0,0.0,0.0,0.0,0.0,0.0,0.0,0.0,1.0,-10.43140983581543,9.999999747378752e-05,44.0,4.0,1.0,264.0,9.0,0.0,0.0,0.0,0.0,2.0,1.0,0.0,0.0,0.0,59.0
-27.701927185058594,-141.0299072265625,0.0,3.0,1.0,0.0,-1.0,0.0,0.0,0.0,0.0,0.0,0.0,0.0,0.0,1.0,-10.43140983581543,9.999999747378752e-05,44.0,4.0,1.0,264.0,22.0,0.0,0.0,0.0,0.0,2.0,1.0,0.0,0.0,0.0,59.0
-27.701927185058594,-141.0299072265625,0.0,3.0,1.0,0.0,-1.0,0.0,0.0,0.0,0.0,0.0,0.0,0.0,0.0,1.0,-10.43140983581543,9.999999747378752e-05,44.0,4.0,1.0,264.0,35.0,0.0,0.0,0.0,0.0,2.0,1.0,0.0,0.0,0.0,59.0
-27.701927185058594,-141.0299072265625,0.0,3.0,1.0,0.0,-1.0,0.0,0.0,0.0,0.0,0.0,0.0,0.0,0.0,1.0,-10.43140983581543,9.999999747378752e-05,44.0,4.0,1.0,264.0,48.0,0.0,0.0,0.0,0.0,2.0,1.0,0.0,0.0,0.0,59.0
16.0,110.55000305175781,0.0,3.0,0.0,12.0,3.0,0.0,0.0,0.0,0.0,1.0,0.0,0.0,-1.1500000953674316,0.0,-10.43140983581543,9.999999747378752e-05,44.0,4.0,1.0,14.0,1.0,0.0,0.0,0.0,0.0,2.0,1.0,0.0,0.0,0.0,57.0
16.0,95.59999084472656,0.0,3.0,0.0,12.0,16.0,0.0,0.0,0.0,0.0,1.0,0.0,0.0,-1.1499998569488525,0.0,-10.43140983581543,9.999999747378752e-05,44.0,4.0,1.0,14.0,14.0,0.0,0.0,0.0,0.0,2.0,1.0,0.0,0.0,0.0,57.0
16.0,80.64997100830078,0.0,3.0,0.0,12.0,29.0,0.0,0.0,0.0,0.0,1.0,0.0,0.0,-1.1499991416931152,0.0,-10.43140983581543,9.999999747378752e-05,44.0,4.0,1.0,14.0,27.0,0.0,0.0,0.0,0.0,2.0,1.0,0.0,0.0,0.0,57.0
16.0,65.69995880126953,0.0,3.0,0.0,12.0,42.0,0.0,0.0,0.0,0.0,1.0,0.0,0.0,-1.1499979496002197,0.0,-10.43140983581543,9.999999747378752e-05,44.0,4.0,1.0,14.0,40.0,0.0,0.0,0.0,0.0,2.0,1.0,0.0,0.0,0.0,37.0
16.0,50.74998474121094,0.0,3.0,0.0,12.0,55.0,0.0,0.0,0.0,0.0,1.0,0.0,0.0,-1.1499971151351929,0.0,-10.43140983581543,9.999999747378752e-05,44.0,4.0,1.0,14.0,53.0,0.0,0.0,0.0,0.0,2.0,1.0,0.0,0.0,0.0,37.0
13.909998893737793,40.31999588012695,0.0,3.0,0.0,29.0,8.0,0.0,0.0,0.0,0.0,1.0,0.0,-0.4099999964237213,-1.0399999618530273,0.0,-10.43140983581543,9.999999747378752e-05,44.0,4.0,1.0,14.0,6.0,0.0,0.0,0.0,0.0,2.0,1.0,0.0,0.0,0.0,57.0
9.489998817443848,0.00010013580322265625,0.0,3.0,0.0,42.0,1.0,0.0,0.0,0.0,0.0,2.0,1.0,-0.5600002408027649,-3.5,0.0,-10.114522933959961,9.999999747378752e-05,44.0,4.0,1.0,15.0,2.0,0.0,0.0,0.0,0.0,2.0,1.0,0.3487335592508316,0.0,0.0,38.0
9.129999160766602,9.999999747378752e-05,0.0,3.0,0.0,180.0,0.0,0.0,0.0,9.0,0.0,2.0,1.0,0.0,0.0,0.0,-6.247662544250488,9.999999747378752e-05,44.0,4.0,1.0,16.0,15.0,0.0,0.0,0.0,0.0,2.0,1.0,0.758920818567276,0.0,0.0,5.0
9.129999160766602,9.999999747378752e-05,0.0,3.0,0.0,24.0,3.0,0.0,0.0,0.0,0.0,2.0,1.0,0.0,0.0,0.0,-4.604724884033203,9.999999747378752e-05,44.0,4.0,1.0,16.0,19.0,0.0,0.0,0.0,0.0,2.0,1.0,0.8588896691799164,0.0,0.0,38.0
5.44399881362915,12.660099983215332,0.0,3.0,0.0,66.0,12.0,0.0,0.0,0.0,0.0,1.0,0.0,-0.518000066280365,0.3400000333786011,0.0,0.5910007357597351,9.999999747378752e-05,44.0,4.0,1.0,24.0,4.0,0.0,0.0,0.0,0.0,2.0,1.0,0.22048311680555344,0.0,0.0,42.0
3.535998582839966,12.410099029541016,0.0,3.0,0.0,66.0,17.0,0.0,0.0,0.0,0.0,1.0,0.0,-0.3160000443458557,-0.309999942779541,0.0,1.896122932434082,6.070099830627441,62.0,4.0,1.0,88.0,1.0,0.0,2.0,50.0,0.0,1.0,0.0,-3.23355770111084,2.0205509662628174,0.0,57.0
1.5619981288909912,9.999999747378752e-05,0.0,3.0,0.0,71.0,12.0,0.0,0.0,0.0,0.0,2.0,1.0,0.0,0.0,0.0,-33.53302764892578,18.068683624267578,62.0,4.0,1.0,88.0,13.0,0.0,0.0,38.0,0.0,1.0,0.0,-2.7145512104034424,0.13623952865600586,0.0,57.0
1.5619981288909912,9.999999747378752e-05,0.0,3.0,0.0,39.0,2.0,0.0,0.0,0.0,0.0,2.0,1.0,0.0,0.0,0.0,-64.88639068603516,6.210433006286621,62.0,4.0,1.0,88.0,26.0,0.0,0.0,25.0,0.0,1.0,0.0,-2.1522939205169678,-1.5550978183746338,0.0,40.0
1.5619981288909912,9.999999747378752e-05,0.0,3.0,0.0,212.0,13.0,0.0,0.0,0.0,0.0,2.0,1.0,0.0,0.0,0.0,-88.0424575805664,-0.1299000233411789,62.0,4.0,1.0,29.0,2.0,0.0,0.0,0.0,0.0,1.0,0.0,-1.4410412311553955,-0.13000001752443602,1.0,57.0
1.5619981288909912,9.999999747378752e-05,0.0,3.0,0.0,212.0,26.0,0.0,0.0,0.0,0.0,2.0,1.0,0.0,0.0,0.0,-88.95779418945312,22.950092315673828,62.0,4.0,1.0,27.0,12.0,0.0,0.0,0.0,0.0,0.0,0.0,0.34195876121520996,1.229999223563624,1.0,57.0
1.5619981288909912,9.999999747378752e-05,0.0,3.0,0.0,41.0,2.0,0.0,0.0,0.0,0.0,2.0,1.0,0.0,0.0,0.0,-79.87129211425781,27.110084533691406,62.0,4.0,1.0,27.0,25.0,0.0,0.0,0.0,0.0,0.0,0.0,1.0049587488174438,-0.46000065081539177,0.0,57.0
1.5619981288909912,9.999999747378752e-05,0.0,3.0,0.0,39.0,4.0,0.0,0.0,0.0,0.0,2.0,1.0,0.0,0.0,0.0,-65.38833618164062,9.300077438354492,62.0,4.0,1.0,27.0,38.0,0.0,0.0,0.0,0.0,0.0,0.0,1.1200000047683716,-2.15000057220459,0.0,57.0
1.5619981288909912,9.999999747378752e-05,0.0,3.0,0.0,41.0,1.0,0.0,0.0,0.0,0.0,2.0,1.0,0.0,0.0,0.0,-53.801490783691406,9.999999747378752e-05,62.0,4.0,1.0,16.0,6.0,0.0,0.0,0.0,0.0,2.0,1.0,1.1645668148994446,0.0,0.0,19.0
6.0643510818481445,9.999999747378752e-05,0.0,3.0,0.0,60.0,10.0,0.0,0.0,0.0,0.0,2.0,1.0,0.0,0.0,0.0,-46.2318115234375,9.999999747378752e-05,62.0,4.0,1.0,16.0,25.0,0.0,0.0,0.0,0.0,2.0,1.0,1.1645668148994446,0.0,0.0,54.0
-12.621528625488281,9.999999747378752e-05,0.0,3.0,0.0,60.0,23.0,0.0,0.0,0.0,0.0,2.0,1.0,3.534957766532898,0.0,0.0,-42.648555755615234,9.999999747378752e-05,62.0,4.0,1.0,234.0,2.0,0.0,0.0,0.0,0.0,2.0,1.0,0.00042100688733626157,0.0,0.0,57.0
-12.68535041809082,9.999999747378752e-05,0.0,3.0,0.0,60.0,36.0,0.0,0.0,0.0,0.0,2.0,1.0,0.02087783720344305,0.0,0.0,-65.04619598388672,9.999999747378752e-05,62.0,4.0,1.0,234.0,15.0,0.0,0.0,0.0,0.0,2.0,1.0,-2.507808566093445,0.0,0.0,57.0
-12.781305313110352,9.999999747378752e-05,0.0,3.0,0.0,60.0,49.0,0.0,0.0,0.0,0.0,2.0,1.0,-0.03405952267348766,0.0,0.0,-76.1219482421875,9.999999747378752e-05,62.0,4.0,1.0,234.0,28.0,0.0,0.0,0.0,0.0,2.0,1.0,-0.6769485473632812,0.0,0.0,57.0
-12.862370491027832,9.999999747378752e-05,0.0,3.0,0.0,39.0,3.0,0.0,0.0,0.0,0.0,2.0,1.0,0.0,0.0,0.0,-76.51181030273438,9.999999747378752e-05,62.0,4.0,1.0,14.0,10.0,0.0,0.0,0.0,0.0,2.0,1.0,0.0,0.0,0.0,57.0
-12.862370491027832,9.999999747378752e-05,0.0,3.0,0.0,41.0,1.0,0.0,0.0,0.0,0.0,2.0,1.0,0.0,0.0,0.0,-75.5328598022461,9.999999747378752e-05,62.0,4.0,1.0,15.0,5.0,0.0,0.0,0.0,0.0,2.0,1.0,0.48082786798477173,0.0,0.0,19.0
-8.360016822814941,9.999999747378752e-05,0.0,3.0,0.0,60.0,10.0,0.0,0.0,0.0,0.0,2.0,1.0,0.0,0.0,0.0,-71.11456298828125,9.999999747378752e-05,62.0,4.0,1.0,16.0,18.0,0.0,0.0,0.0,0.0,2.0,1.0,0.8339664041996002,0.0,0.0,38.0
-27.045894622802734,9.999999747378752e-05,0.0,3.0,0.0,60.0,23.0,0.0,0.0,0.0,0.0,2.0,1.0,3.534957766532898,0.0,0.0,-65.94646453857422,9.999999747378752e-05,62.0,4.0,1.0,14.0,5.0,0.0,0.0,0.0,0.0,2.0,1.0,0.2334483191370964,0.0,0.0,57.0
-27.10971450805664,9.999999747378752e-05,0.0,3.0,0.0,60.0,36.0,0.0,0.0,0.0,0.0,2.0,1.0,0.02087783720344305,0.0,0.0,-65.9244155883789,0.00010000000474974513,62.0,4.0,1.0,353.0,11.0,0.0,0.0,0.0,0.0,0.0,1.0,0.0,-0.00024421699345111847,0.0,57.0
-27.205663681030273,9.999999747378752e-05,0.0,3.0,0.0,60.0,49.0,0.0,0.0,0.0,0.0,2.0,1.0,-0.03405952267348766,0.0,0.0,-63.27787780761719,37.397640228271484,62.0,4.0,1.0,353.0,24.0,0.0,0.0,0.0,0.0,0.0,0.0,0.24059629440307617,1.9747314453125,0.0,57.0
-27.28672218322754,9.999999747378752e-05,0.0,3.0,0.0,39.0,3.0,0.0,0.0,0.0,0.0,2.0,1.0,0.0,0.0,0.0,-60.15011978149414,48.93376922607422,62.0,4.0,1.0,353.0,37.0,0.0,0.0,0.0,0.0,0.0,0.0,0.24059677124023438,0.054473876953125,0.0,53.0
-8.9700345993042,9.999999747378752e-05,0.0,3.0,0.0,234.0,12.0,0.0,0.0,0.0,0.0,2.0,1.0,3.2311285734176636,0.0,0.0,-57.022361755371094,36.30152893066406,62.0,4.0,1.0,353.0,50.0,0.0,0.0,0.0,0.0,0.0,0.0,0.24059677124023438,-1.5680389404296875,0.0,42.0
4.862919330596924,9.999999747378752e-05,0.0,3.0,0.0,234.0,25.0,0.0,0.0,0.0,0.0,2.0,1.0,1.2895354628562927,0.0,0.0,-53.89460372924805,15.464873313903809,62.0,4.0,1.0,353.0,63.0,0.0,0.0,0.0,0.0,0.0,0.0,0.24059581756591797,-1.3493776321411133,0.0,42.0
6.576130390167236,9.999999747378752e-05,0.0,3.0,0.0,178.0,-1.0,0.0,0.0,6.0,0.0,2.0,1.0,0.0,0.0,0.0,-48.82314682006836,9.999999747378752e-05,62.0,4.0,1.0,43.0,4.0,0.0,0.0,0.0,0.0,2.0,1.0,0.7419809997081757,0.0,0.0,54.0
6.576130390167236,9.999999747378752e-05,0.0,3.0,0.0,235.0,13.0,0.0,0.0,7.0,0.0,2.0,1.0,0.0,0.0,0.0,-48.13918685913086,9.999999747378752e-05,62.0,4.0,1.0,43.0,17.0,0.0,0.0,0.0,0.0,2.0,1.0,0.0,0.0,0.0,54.0
6.576130390167236,9.999999747378752e-05,0.0,3.0,0.0,235.0,26.0,0.0,0.0,7.0,0.0,2.0,1.0,0.0,0.0,0.0,-48.13918685913086,9.999999747378752e-05,62.0,4.0,1.0,43.0,30.0,0.0,0.0,0.0,0.0,2.0,1.0,0.0,0.0,0.0,57.0
6.576130390167236,9.999999747378752e-05,0.0,3.0,0.0,39.0,7.0,0.0,0.0,0.0,0.0,2.0,1.0,0.0,0.0,0.0,-48.63327407836914,9.999999747378752e-05,62.0,4.0,1.0,349.0,2.0,0.0,0.0,0.0,0.0,2.0,1.0,-6.203406095504761,0.0,0.0,57.0
6.576130390167236,9.999999747378752e-05,0.0,3.0,0.0,41.0,1.0,0.0,0.0,0.0,0.0,2.0,1.0,0.0,0.0,0.0,-53.43645477294922,9.999999747378752e-05,62.0,4.0,1.0,349.0,15.0,0.0,0.0,0.0,0.0,2.0,1.0,0.0006332397169899195,0.0,0.0,57.0
6.576130390167236,9.999999747378752e-05,0.0,3.0,0.0,39.0,4.0,0.0,0.0,0.0,0.0,2.0,1.0,0.0,0.0,0.0,-11.500711441040039,9.999999747378752e-05,62.0,4.0,1.0,349.0,28.0,0.0,0.0,0.0,0.0,2.0,1.0,4.5220372676849365,0.0,0.0,57.0
6.576130390167236,9.999999747378752e-05,6.0,3.0,0.0,41.0,2.0,0.0,0.0,0.0,0.0,2.0,1.0,0.0,0.0,0.0,-5.3314313888549805,9.999999747378752e-05,62.0,4.0,1.0,350.0,7.0,0.0,0.0,0.0,0.0,2.0,1.0,0.6062500178813934,0.0,0.0,57.0
6.576130390167236,9.999999747378752e-05,6.0,3.0,0.0,39.0,4.0,0.0,0.0,0.0,0.0,2.0,1.0,0.0,0.0,0.0,-2.603306531906128,9.999999747378752e-05,62.0,4.0,1.0,350.0,20.0,0.0,0.0,0.0,0.0,2.0,1.0,0.0,0.0,0.0,5.0
6.576130390167236,9.999999747378752e-05,6.0,3.0,0.0,24.0,4.0,0.0,0.0,0.0,0.0,2.0,1.0,0.0,0.0,0.0,-2.603306531906128,9.999999747378752e-05,62.0,4.0,1.0,350.0,24.0,0.0,0.0,0.0,0.0,2.0,1.0,0.0,0.0,0.0,57.0
7.6936211585998535,3.63452410697937,8.0,3.0,0.0,85.0,9.0,0.0,0.0,5.0,0.0,1.0,0.0,0.10702630877494812,-0.46493369340896606,0.0,-2.603306531906128,9.999999747378752e-05,62.0,4.0,1.0,44.0,11.0,0.0,0.0,0.0,0.0,2.0,1.0,0.0,0.0,0.0,57.0
8.139819145202637,9.999999747378752e-05,8.0,3.0,0.0,39.0,7.0,0.0,0.0,0.0,0.0,2.0,1.0,0.0,0.0,0.0,-2.603306531906128,9.999999747378752e-05,62.0,4.0,1.0,14.0,3.0,0.0,0.0,0.0,0.0,2.0,1.0,0.0,0.0,0.0,14.0
8.139819145202637,23.220094680786133,8.0,3.0,0.0,25.0,9.0,0.0,0.0,0.0,0.0,1.0,0.0,0.0,2.0599989891052246,0.0,-2.603306531906128,9.999999747378752e-05,62.0,4.0,1.0,14.0,16.0,0.0,0.0,0.0,0.0,2.0,1.0,0.0,0.0,0.0,57.0
8.139819145202637,38.170082092285156,8.0,3.0,0.0,25.0,22.0,0.0,0.0,0.0,0.0,1.0,0.0,0.0,0.3699990510940552,0.0,-2.603306531906128,9.999999747378752e-05,62.0,4.0,1.0,44.0,8.0,0.0,0.0,0.0,0.0,2.0,1.0,0.0,0.0,0.0,57.0
8.139819145202637,3.500080108642578,8.0,3.0,0.0,25.0,35.0,0.0,0.0,0.0,0.0,1.0,0.0,0.0,-3.5,0.0,1.1611266136169434,9.999999747378752e-05,62.0,4.0,1.0,46.0,5.0,0.0,0.0,0.0,0.0,2.0,1.0,7.52886700630188,0.0,0.0,59.0
13.970233917236328,12.504958152770996,16.0,3.0,0.0,85.0,9.0,0.0,0.0,11.0,0.0,0.0,0.0,0.6238823533058167,-0.18129992485046387,0.0,4.594550132751465,9.999999747378752e-05,62.0,4.0,1.0,47.0,2.0,0.0,0.0,0.0,0.0,2.0,1.0,0.0,0.0,0.0,33.0
21.306859970092773,2.999936819076538,17.0,3.0,0.0,84.0,4.0,0.0,0.0,3.0,0.0,0.0,0.0,0.4007388651371002,-0.09029990434646606,0.0,4.594550132751465,9.999999747378752e-05,62.0,4.0,1.0,48.0,8.0,0.0,0.0,0.0,0.0,2.0,1.0,0.0,0.0,0.0,42.0
25.095359802246094,9.999999747378752e-05,17.0,3.0,0.0,179.0,-1.0,0.0,0.0,2.0,0.0,2.0,1.0,0.0,0.0,0.0,4.594550132751465,9.999999747378752e-05,62.0,4.0,1.0,48.0,19.0,0.0,0.0,0.0,0.0,2.0,1.0,0.0,0.0,0.0,57.0
25.095359802246094,9.999999747378752e-05,17.0,3.0,0.0,235.0,13.0,0.0,0.0,3.0,0.0,2.0,1.0,0.0,0.0,0.0,4.594550132751465,9.999999747378752e-05,62.0,4.0,1.0,48.0,32.0,0.0,0.0,0.0,0.0,2.0,1.0,0.0,0.0,0.0,42.0
25.095359802246094,9.999999747378752e-05,17.0,3.0,0.0,235.0,26.0,0.0,0.0,3.0,0.0,2.0,1.0,0.0,0.0,0.0,4.594550132751465,9.999999747378752e-05,62.0,4.0,1.0,48.0,5.0,0.0,0.0,0.0,0.0,2.0,1.0,0.0,0.0,0.0,42.0
25.095359802246094,9.999999747378752e-05,17.0,3.0,0.0,178.0,-1.0,0.0,0.0,6.0,0.0,2.0,1.0,0.0,0.0,0.0,4.594550132751465,9.999999747378752e-05,62.0,4.0,1.0,14.0,3.0,0.0,0.0,0.0,0.0,2.0,1.0,0.0,0.0,0.0,57.0
25.095359802246094,9.999999747378752e-05,17.0,3.0,0.0,235.0,13.0,0.0,0.0,7.0,0.0,2.0,1.0,0.0,0.0,0.0,4.594550132751465,9.999999747378752e-05,62.0,4.0,1.0,14.0,16.0,0.0,0.0,0.0,0.0,2.0,1.0,0.0,0.0,0.0,57.0
25.095359802246094,9.999999747378752e-05,17.0,3.0,0.0,235.0,26.0,0.0,0.0,7.0,0.0,2.0,1.0,0.0,0.0,0.0,7.336452960968018,9.999999747378752e-05,62.0,4.0,1.0,15.0,14.0,0.0,0.0,0.0,0.0,2.0,1.0,0.6567511260509491,0.0,0.0,60.0
25.095359802246094,9.999999747378752e-05,17.0,3.0,0.0,39.0,7.0,0.0,0.0,0.0,0.0,2.0,1.0,0.0,0.0,0.0,12.75418472290039,9.999999747378752e-05,62.0,4.0,1.0,16.0,25.0,0.0,0.0,0.0,0.0,2.0,1.0,0.981230765581131,0.0,0.0,19.0
29.59771156311035,9.999999747378752e-05,17.0,3.0,0.0,60.0,10.0,0.0,0.0,0.0,0.0,2.0,1.0,0.0,0.0,0.0,19.56163215637207,9.999999747378752e-05,62.0,4.0,1.0,16.0,1.0,0.0,0.0,0.0,0.0,2.0,1.0,1.066483199596405,0.0,0.0,38.0
22.509092330932617,9.999999747378752e-05,17.0,3.0,0.0,60.0,18.0,0.0,4.0,0.0,0.0,2.0,1.0,-7.980415105819702,0.0,0.0,25.41051483154297,4.299312591552734,83.0,4.0,1.0,88.0,1.0,0.0,4.0,66.0,0.0,1.0,0.0,-3.590041399002075,3.466862916946411,0.0,37.0
11.751969337463379,9.999999747378752e-05,17.0,3.0,0.0,60.0,28.0,0.0,0.0,0.0,0.0,2.0,1.0,-0.24286650866270065,0.0,0.0,5.291799545288086,40.84302520751953,83.0,4.0,1.0,88.0,11.0,0.0,0.0,56.0,0.0,1.0,0.0,-2.1115915775299072,2.651992082595825,0.0,57.0
11.715112686157227,9.999999747378752e-05,17.0,3.0,0.0,60.0,45.0,0.0,0.0,0.0,0.0,2.0,1.0,-0.023992537520825863,0.0,0.0,-26.928016662597656,60.90467834472656,83.0,4.0,1.0,88.0,28.0,0.0,0.0,39.0,0.0,1.0,0.0,-1.7030091285705566,0.28730273246765137,0.0,57.0
11.593276023864746,9.999999747378752e-05,17.0,3.0,0.0,60.0,58.0,0.0,0.0,0.0,0.0,2.0,1.0,-0.018648146651685238,0.0,0.0,-46.8800163269043,60.546260833740234,83.0,4.0,1.0,88.0,29.0,0.0,0.0,26.0,0.0,1.0,0.0,-1.390563726425171,-0.29745960235595703,0.0,54.0
11.538926124572754,9.999999747378752e-05,17.0,3.0,0.0,41.0,1.0,0.0,0.0,0.0,0.0,2.0,1.0,0.0,0.0,0.0,-62.770225524902344,52.58592987060547,83.0,4.0,1.0,88.0,29.0,0.0,0.0,13.0,0.0,1.0,0.0,-1.078118920326233,-0.8822219371795654,0.0,57.0
11.538926124572754,9.999999747378752e-05,17.0,3.0,0.0,39.0,4.0,0.0,0.0,0.0,0.0,2.0,1.0,0.0,0.0,0.0,-74.53866577148438,37.02368927001953,83.0,4.0,1.0,38.0,1.0,0.0,0.0,0.0,0.0,1.0,0.0,-0.7056743539869785,-1.4669842720031738,0.0,14.0
11.538926124572754,23.220094680786133,17.0,3.0,0.0,25.0,9.0,0.0,0.0,0.0,0.0,1.0,0.0,0.0,2.0599989891052246,0.0,-76.06531524658203,13.85955810546875,83.0,4.0,1.0,38.0,14.0,0.0,0.0,0.0,0.0,1.0,0.0,0.38677018880844116,-2.0517468452453613,0.0,14.0
11.538926124572754,47.66008758544922,17.0,3.0,0.0,27.0,13.0,0.0,0.0,0.0,0.0,0.0,0.0,0.0,1.0999993085861206,0.0,-67.25666809082031,9.999999747378752e-05,83.0,4.0,1.0,183.0,5.0,0.0,0.0,0.0,0.0,1.0,0.0,0.0,0.0,0.0,54.0
7.228924751281738,50.13008117675781,17.0,3.0,0.0,27.0,26.0,0.0,0.0,0.0,0.0,0.0,0.0,-0.5660000443458557,-0.5900006294250488,0.0,-67.25666809082031,9.999999747378752e-05,83.0,4.0,1.0,183.0,18.0,0.0,0.0,0.0,0.0,1.0,0.0,0.0,0.0,0.0,54.0
-2.2930748462677,7.4100799560546875,17.0,3.0,0.0,27.0,39.0,0.0,0.0,0.0,0.0,0.0,0.0,-0.7739999890327454,-3.5,0.0,-67.25666809082031,9.999999747378752e-05,83.0,4.0,1.0,186.0,5.0,0.0,0.0,220.0,0.0,2.0,1.0,0.0,0.0,0.0,54.0
-8.885074615478516,9.999999747378752e-05,17.0,3.0,0.0,41.0,1.0,0.0,0.0,0.0,0.0,2.0,1.0,-0.1280001625418663,0.0,0.0,-67.25666809082031,9.999999747378752e-05,83.0,4.0,1.0,186.0,18.0,0.0,0.0,220.0,0.0,2.0,1.0,0.0,0.0,0.0,57.0
-8.885074615478516,9.999999747378752e-05,17.0,3.0,0.0,39.0,4.0,0.0,0.0,0.0,0.0,2.0,1.0,0.0,0.0,0.0,-67.09052276611328,9.999999747378752e-05,83.0,4.0,1.0,15.0,1.0,0.0,0.0,0.0,0.0,2.0,1.0,0.33228345215320587,0.0,0.0,19.0
-4.382721900939941,9.999999747378752e-05,17.0,3.0,0.0,60.0,10.0,0.0,0.0,0.0,0.0,2.0,1.0,0.0,0.0,0.0,-62.2635383605957,9.999999747378752e-05,83.0,4.0,1.0,16.0,15.0,0.0,0.0,0.0,0.0,2.0,1.0,0.9645459353923798,0.0,0.0,19.0
-23.068601608276367,9.999999747378752e-05,17.0,3.0,0.0,60.0,23.0,0.0,0.0,0.0,0.0,2.0,1.0,3.534957766532898,0.0,0.0,-59.27701187133789,9.999999747378752e-05,83.0,4.0,1.0,14.0,10.0,0.0,0.0,0.0,0.0,2.0,1.0,0.0,0.0,0.0,57.0
-23.132423400878906,9.999999747378752e-05,17.0,3.0,0.0,60.0,36.0,0.0,0.0,0.0,0.0,2.0,1.0,0.02087783720344305,0.0,0.0,-68.9745101928711,9.999999747378752e-05,83.0,4.0,1.0,349.0,12.0,0.0,0.0,0.0,0.0,2.0,1.0,0.0006332397169899195,0.0,0.0,57.0
-23.22837257385254,9.999999747378752e-05,17.0,3.0,0.0,60.0,49.0,0.0,0.0,0.0,0.0,2.0,1.0,-0.03405952267348766,0.0,0.0,-39.32453536987305,9.999999747378752e-05,83.0,4.0,1.0,350.0,2.0,0.0,0.0,0.0,0.0,2.0,1.0,0.6062500178813934,0.0,0.0,57.0
-23.244165420532227,9.999999747378752e-05,23.0,3.0,0.0,183.0,8.0,0.0,0.0,40.0,0.0,1.0,0.0,0.0,0.0,0.0,-36.5964241027832,9.999999747378752e-05,83.0,4.0,1.0,350.0,11.0,0.0,0.0,0.0,0.0,2.0,1.0,0.6062502562999725,0.0,0.0,40.0
-23.244165420532227,9.999999747378752e-05,23.0,3.0,0.0,183.0,21.0,0.0,0.0,40.0,0.0,1.0,0.0,0.0,0.0,0.0,-35.080806732177734,9.999999747378752e-05,83.0,4.0,1.0,350.0,24.0,0.0,0.0,0.0,0.0,2.0,1.0,0.0,0.0,0.0,40.0
-23.244165420532227,9.999999747378752e-05,23.0,3.0,0.0,187.0,8.0,0.0,0.0,40.0,0.0,2.0,1.0,0.0,0.0,0.0,-35.080806732177734,9.999999747378752e-05,83.0,4.0,1.0,14.0,13.0,0.0,0.0,0.0,0.0,2.0,1.0,0.0,0.0,0.0,19.0
-23.244165420532227,9.999999747378752e-05,23.0,3.0,0.0,187.0,19.0,0.0,3.0,40.0,0.0,2.0,1.0,0.0,0.0,0.0,-30.92332649230957,4.299312591552734,89.0,4.0,1.0,88.0,1.0,0.0,3.0,45.0,0.0,1.0,0.0,-2.447871208190918,2.363881826400757,0.0,57.0
-23.244165420532227,9.999999747378752e-05,23.0,3.0,0.0,187.0,30.0,0.0,0.0,40.0,0.0,2.0,1.0,0.0,0.0,0.0,-44.8986701965332,27.915267944335938,89.0,4.0,1.0,88.0,12.0,0.0,0.0,34.0,0.0,1.0,0.0,-1.3392910957336426,1.0765775442123413,0.0,57.0
-23.244165420532227,9.999999747378752e-05,23.0,3.0,0.0,187.0,43.0,0.0,0.0,40.0,0.0,2.0,1.0,0.0,0.0,0.0,-60.12233352661133,26.29743766784668,89.0,4.0,1.0,88.0,25.0,0.0,0.0,21.0,0.0,1.0,0.0,-1.0268456935882568,-0.9781849384307861,0.0,57.0
-23.244165420532227,9.999999747378752e-05,23.0,3.0,0.0,39.0,7.0,0.0,0.0,0.0,0.0,2.0,1.0,0.0,0.0,0.0,-71.28421020507812,9.487703323364258,89.0,4.0,1.0,88.0,29.0,0.0,0.0,8.0,0.0,1.0,0.0,-0.7144010066986084,-1.5629472732543945,0.0,40.0
-23.244165420532227,9.999999747378752e-05,23.0,3.0,0.0,44.0,13.0,0.0,0.0,0.0,0.0,2.0,1.0,0.0,0.0,0.0,-77.38302612304688,9.999999747378752e-05,89.0,4.0,1.0,191.0,7.0,0.0,0.0,1.0,0.0,1.0,0.0,-0.1531616449356079,-1.3375684559946421e-08,0.0,54.0
-23.244165420532227,9.999999747378752e-05,23.0,3.0,0.0,41.0,1.0,0.0,0.0,0.0,0.0,2.0,1.0,0.0,0.0,0.0,-77.53651428222656,9.999999747378752e-05,89.0,4.0,1.0,191.0,20.0,0.0,0.0,1.0,0.0,1.0,0.0,0.0,0.0,0.0,60.0
-23.244165420532227,9.999999747378752e-05,23.0,3.0,0.0,39.0,4.0,0.0,0.0,0.0,0.0,2.0,1.0,0.0,0.0,0.0,-77.53651428222656,9.999999747378752e-05,89.0,4.0,1.0,194.0,7.0,0.0,0.0,220.0,0.0,2.0,1.0,0.0,0.0,0.0,19.0
-18.7418155670166,9.999999747378752e-05,23.0,3.0,0.0,60.0,10.0,0.0,0.0,0.0,0.0,2.0,1.0,0.0,0.0,0.0,-77.53651428222656,9.999999747378752e-05,89.0,4.0,1.0,194.0,20.0,0.0,0.0,220.0,0.0,2.0,1.0,0.0,0.0,0.0,57.0
-37.427696228027344,9.999999747378752e-05,23.0,3.0,0.0,60.0,23.0,0.0,0.0,0.0,0.0,2.0,1.0,3.534957766532898,0.0,0.0,-77.0217056274414,9.999999747378752e-05,89.0,4.0,1.0,14.0,1.0,0.0,0.0,0.0,0.0,2.0,1.0,0.26866909861564636,0.0,0.0,19.0
-37.491519927978516,9.999999747378752e-05,23.0,3.0,0.0,60.0,36.0,0.0,0.0,0.0,0.0,2.0,1.0,0.02087783720344305,0.0,0.0,-76.97837829589844,0.00010000006295740604,89.0,4.0,1.0,353.0,4.0,0.0,0.0,0.0,0.0,0.0,1.0,-0.0036706537939608097,0.003273751586675644,0.0,57.0
-37.58747482299805,9.999999747378752e-05,23.0,3.0,0.0,60.0,49.0,0.0,0.0,0.0,0.0,2.0,1.0,-0.03405952267348766,0.0,0.0,-76.0196762084961,18.075641632080078,89.0,4.0,1.0,353.0,17.0,0.0,0.0,0.0,0.0,0.0,0.0,0.24059635400772095,3.9697952270507812,0.0,57.0
-37.66853713989258,9.999999747378752e-05,23.0,3.0,0.0,39.0,3.0,0.0,0.0,0.0,0.0,2.0,1.0,0.0,0.0,0.0,-72.8919677734375,45.32766342163086,89.0,4.0,1.0,353.0,30.0,0.0,0.0,0.0,0.0,0.0,0.0,0.24059629440307617,0.9420356750488281,0.0,53.0
-19.351848602294922,9.999999747378752e-05,23.0,3.0,0.0,234.0,12.0,0.0,0.0,0.0,0.0,2.0,1.0,3.2311285734176636,0.0,0.0,-69.76423645019531,45.648223876953125,89.0,4.0,1.0,353.0,43.0,0.0,0.0,0.0,0.0,0.0,0.0,0.24059629440307617,-0.9231605529785156,0.0,57.0
-5.518894195556641,9.999999747378752e-05,23.0,3.0,0.0,234.0,25.0,0.0,0.0,0.0,0.0,2.0,1.0,1.2895354628562927,0.0,0.0,-66.6364974975586,26.255126953125,89.0,4.0,1.0,353.0,56.0,0.0,0.0,0.0,0.0,0.0,0.0,0.24059581756591797,-1.695901870727539,0.0,42.0
-3.805683135986328,9.999999747378752e-05,23.0,3.0,0.0,178.0,-1.0,0.0,0.0,6.0,0.0,2.0,1.0,0.0,0.0,0.0,-63.31781768798828,5.977129936218262,89.0,4.0,1.0,35.0,5.0,0.0,0.0,0.0,0.0,0.0,0.0,0.37099045515060425,-1.9062904119491577,0.0,57.0
-3.805683135986328,9.999999747378752e-05,23.0,3.0,0.0,235.0,11.0,0.0,0.0,9.0,0.0,2.0,1.0,0.0,0.0,0.0,-59.19692611694336,9.999999747378752e-05,89.0,4.0,1.0,43.0,10.0,0.0,0.0,0.0,0.0,2.0,1.0,0.0,0.0,0.0,54.0
-3.805683135986328,9.999999747378752e-05,23.0,3.0,0.0,235.0,24.0,0.0,0.0,9.0,0.0,2.0,1.0,0.0,0.0,0.0,-59.19692611694336,9.999999747378752e-05,89.0,4.0,1.0,43.0,23.0,0.0,0.0,0.0,0.0,2.0,1.0,0.0,0.0,0.0,54.0
-3.805683135986328,9.999999747378752e-05,23.0,3.0,0.0,39.0,5.0,0.0,0.0,0.0,0.0,2.0,1.0,0.0,0.0,0.0,-57.191307067871094,9.999999747378752e-05,89.0,4.0,1.0,16.0,7.0,0.0,0.0,0.0,0.0,2.0,1.0,0.8728914558887482,0.0,0.0,19.0
0.6966701745986938,9.999999747378752e-05,23.0,3.0,0.0,60.0,10.0,0.0,0.0,0.0,0.0,2.0,1.0,0.0,0.0,0.0,-50.255882263183594,9.999999747378752e-05,89.0,4.0,1.0,16.0,23.0,0.0,0.0,0.0,0.0,2.0,1.0,1.1403046250343323,0.0,0.0,19.0
-17.989208221435547,9.999999747378752e-05,23.0,3.0,0.0,60.0,23.0,0.0,0.0,0.0,0.0,2.0,1.0,3.534957766532898,0.0,0.0,-44.1555061340332,9.999999747378752e-05,89.0,4.0,1.0,234.0,2.0,0.0,0.0,0.0,0.0,2.0,1.0,0.00042100688733626157,0.0,0.0,19.0
-18.053028106689453,9.999999747378752e-05,23.0,3.0,0.0,60.0,36.0,0.0,0.0,0.0,0.0,2.0,1.0,0.02087783720344305,0.0,0.0,-66.55314636230469,9.999999747378752e-05,89.0,4.0,1.0,234.0,15.0,0.0,0.0,0.0,0.0,2.0,1.0,-2.507808566093445,0.0,0.0,57.0
-18.148977279663086,9.999999747378752e-05,23.0,3.0,0.0,60.0,49.0,0.0,0.0,0.0,0.0,2.0,1.0,-0.03405952267348766,0.0,0.0,-77.62889099121094,9.999999747378752e-05,89.0,4.0,1.0,234.0,28.0,0.0,0.0,0.0,0.0,2.0,1.0,-0.6769485473632812,0.0,0.0,57.0
-18.23003578186035,9.999999747378752e-05,23.0,3.0,0.0,39.0,3.0,0.0,0.0,0.0,0.0,2.0,1.0,0.0,0.0,0.0,-78.01875305175781,9.999999747378752e-05,89.0,4.0,1.0,14.0,10.0,0.0,0.0,0.0,0.0,2.0,1.0,0.0,0.0,0.0,19.0
-13.727683067321777,9.999999747378752e-05,23.0,3.0,0.0,60.0,10.0,0.0,0.0,0.0,0.0,2.0,1.0,0.0,0.0,0.0,-77.03980255126953,9.999999747378752e-05,89.0,4.0,1.0,15.0,5.0,0.0,0.0,0.0,0.0,2.0,1.0,0.48082786798477173,0.0,0.0,19.0
-32.4135627746582,9.999999747378752e-05,23.0,3.0,0.0,60.0,23.0,0.0,0.0,0.0,0.0,2.0,1.0,3.534957766532898,0.0,0.0,-72.62150573730469,9.999999747378752e-05,89.0,4.0,1.0,16.0,18.0,0.0,0.0,0.0,0.0,2.0,1.0,0.8339664041996002,0.0,0.0,19.0
-32.477386474609375,9.999999747378752e-05,23.0,3.0,0.0,60.0,36.0,0.0,0.0,0.0,0.0,2.0,1.0,0.02087783720344305,0.0,0.0,-66.39414978027344,9.999999747378752e-05,89.0,4.0,1.0,14.0,2.0,0.0,0.0,0.0,0.0,2.0,1.0,0.7609606683254242,0.0,0.0,19.0
-32.573341369628906,9.999999747378752e-05,23.0,3.0,0.0,60.0,49.0,0.0,0.0,0.0,0.0,2.0,1.0,-0.03405952267348766,0.0,0.0,-65.67222595214844,9.999999747378752e-05,89.0,4.0,1.0,14.0,15.0,0.0,0.0,0.0,0.0,2.0,1.0,0.0,0.0,0.0,19.0
-33.214080810546875,9.999999747378752e-05,23.0,3.0,0.0,14.0,1.0,0.0,0.0,-1.0,0.0,2.0,1.0,-0.3356679677963257,0.0,0.0,-65.67194366455078,9.999999747378752e-05,89.0,4.0,1.0,347.0,4.0,0.0,0.0,0.0,0.0,2.0,1.0,0.00022110915597295389,0.0,0.0,19.0
-28.711729049682617,9.999999747378752e-05,23.0,3.0,0.0,60.0,10.0,0.0,0.0,-1.0,0.0,2.0,1.0,0.0,0.0,0.0,-65.66431427001953,9.999999747378752e-05,89.0,4.0,1.0,347.0,17.0,0.0,0.0,0.0,0.0,2.0,1.0,0.00470777484588325,0.0,0.0,57.0
-47.397605895996094,9.999999747378752e-05,23.0,3.0,0.0,60.0,23.0,0.0,0.0,-1.0,0.0,2.0,1.0,3.534957766532898,0.0,0.0,-65.65406036376953,9.999999747378752e-05,89.0,4.0,1.0,347.0,30.0,0.0,0.0,0.0,0.0,2.0,1.0,-0.0005031190521549433,0.0,0.0,19.0
-47.461429595947266,9.999999747378752e-05,23.0,3.0,0.0,60.0,36.0,0.0,0.0,-1.0,0.0,2.0,1.0,0.02087783720344305,0.0,0.0,-65.66398620605469,9.999999747378752e-05,89.0,4.0,1.0,347.0,43.0,0.0,0.0,0.0,0.0,2.0,1.0,-0.001803504244890064,0.0,0.0,19.0
-47.49432373046875,9.999999747378752e-05,47.0,3.0,0.0,88.0,1.0,0.0,7.0,54.0,0.0,1.0,0.0,2.9605865478515625,2.8590054512023926,0.0,-65.66931915283203,9.999999747378752e-05,89.0,4.0,1.0,347.0,52.0,0.0,7.0,0.0,0.0,2.0,1.0,-0.00041299591248389333,0.0,0.0,19.0
-39.89585876464844,18.13759994506836,47.0,3.0,0.0,88.0,8.0,0.0,0.0,47.0,0.0,1.0,0.0,2.278463363647461,2.079386830329895,0.0,-56.70094299316406,9.999999747378752e-05,89.0,4.0,1.0,347.0,59.0,0.0,0.0,0.0,0.0,2.0,1.0,2.450034022331238,0.0,0.0,57.0
-13.089125633239746,29.648534774780273,47.0,3.0,0.0,88.0,21.0,0.0,0.0,34.0,0.0,1.0,0.0,1.8765642642974854,-0.13791227340698242,0.0,-53.371280670166016,9.999999747378752e-05,89.0,4.0,1.0,347.0,72.0,0.0,0.0,0.0,0.0,2.0,1.0,0.010885237716138363,0.0,0.0,57.0
8.492910385131836,20.474584579467773,47.0,3.0,0.0,88.0,29.0,0.0,0.0,21.0,0.0,1.0,0.0,1.474664330482483,-0.9652118682861328,0.0,-53.33572769165039,9.999999747378752e-05,89.0,4.0,1.0,347.0,85.0,0.0,0.0,0.0,0.0,2.0,1.0,-0.0010089873685501516,0.0,0.0,57.0
24.85024642944336,4.235728740692139,47.0,3.0,0.0,88.0,29.0,0.0,0.0,8.0,0.0,1.0,0.0,1.0727643966674805,-1.4925121068954468,0.0,-53.35099792480469,9.999999747378752e-05,89.0,4.0,1.0,347.0,98.0,0.0,0.0,0.0,0.0,2.0,1.0,-0.000833511323435232,0.0,0.0,57.0
34.38307189941406,9.999999747378752e-05,47.0,3.0,0.0,191.0,10.0,0.0,0.0,4.0,0.0,1.0,0.0,0.4031028747558594,0.0,0.0,-53.35104751586914,9.999999747378752e-05,89.0,4.0,1.0,14.0,12.0,0.0,0.0,0.0,0.0,2.0,1.0,0.0,0.0,0.0,25.0
35.77679443359375,9.999999747378752e-05,47.0,3.0,0.0,191.0,23.0,0.0,0.0,4.0,0.0,2.0,1.0,0.0,0.0,0.0,-51.841861724853516,9.999999747378752e-05,89.0,4.0,1.0,15.0,7.0,0.0,0.0,0.0,0.0,2.0,1.0,0.5458295047283173,0.0,0.0,25.0
35.77679443359375,9.999999747378752e-05,47.0,3.0,0.0,195.0,10.0,0.0,0.0,4.0,0.0,2.0,1.0,0.0,0.0,0.0,-47.08246612548828,9.999999747378752e-05,89.0,4.0,1.0,16.0,20.0,0.0,0.0,0.0,0.0,2.0,1.0,0.8837986290454865,0.0,0.0,25.0
35.77679443359375,9.999999747378752e-05,47.0,3.0,0.0,195.0,23.0,0.0,0.0,4.0,0.0,2.0,1.0,0.0,0.0,0.0,-40.322837829589844,9.999999747378752e-05,89.0,4.0,1.0,16.0,36.0,0.0,0.0,0.0,0.0,2.0,1.0,1.1301998496055603,0.0,0.0,25.0
35.77679443359375,9.999999747378752e-05,47.0,3.0,0.0,195.0,36.0,0.0,0.0,4.0,0.0,2.0,1.0,0.0,0.0,0.0,-32.82788848876953,9.999999747378752e-05,89.0,4.0,1.0,16.0,14.0,0.0,0.0,0.0,0.0,2.0,1.0,1.1617080569267273,0.0,0.0,25.0
35.77679443359375,9.999999747378752e-05,47.0,3.0,0.0,195.0,49.0,0.0,0.0,4.0,0.0,2.0,1.0,0.0,0.0,0.0,-25.264419555664062,9.999999747378752e-05,89.0,4.0,1.0,16.0,33.0,0.0,0.0,0.0,0.0,2.0,1.0,1.1643289923667908,0.0,0.0,25.0
31.274442672729492,9.999999747378752e-05,47.0,3.0,1.0,60.0,10.0,0.0,0.0,4.0,0.0,2.0,1.0,0.0,0.0,0.0,-17.69525146484375,9.999999747378752e-05,89.0,4.0,1.0,16.0,12.0,0.0,0.0,0.0,0.0,2.0,1.0,1.1645469069480896,0.0,0.0,25.0
49.96031951904297,9.999999747378752e-05,47.0,3.0,1.0,60.0,23.0,0.0,0.0,4.0,0.0,2.0,1.0,-3.534957766532898,0.0,0.0,-10.1256103515625,9.999999747378752e-05,89.0,4.0,1.0,16.0,30.0,0.0,0.0,0.0,0.0,2.0,1.0,1.1645651459693909,0.0,0.0,19.0
50.02414321899414,9.999999747378752e-05,47.0,3.0,1.0,60.0,36.0,0.0,0.0,4.0,0.0,2.0,1.0,-0.02087783720344305,0.0,0.0,-8.289633750915527,9.999999747378752e-05,89.0,4.0,1.0,14.0,13.0,0.0,0.0,0.0,0.0,2.0,1.0,0.0,0.0,0.0,25.0
50.12009811401367,9.999999747378752e-05,47.0,3.0,1.0,60.0,49.0,0.0,0.0,4.0,0.0,2.0,1.0,0.03405952267348766,0.0,0.0,-8.289633750915527,9.999999747378752e-05,89.0,4.0,1.0,64.0,1.0,0.0,0.0,0.0,0.0,2.0,1.0,0.0,0.0,0.0,55.0
50.2011604309082,9.999999747378752e-05,47.0,3.0,1.0,18.0,3.0,0.0,0.0,0.0,0.0,2.0,1.0,0.0,0.0,0.0,-8.289633750915527,9.999999747378752e-05,89.0,4.0,1.0,64.0,14.0,0.0,0.0,0.0,0.0,2.0,1.0,0.0,0.0,0.0,55.0
32.02116394042969,9.999999747378752e-05,47.0,3.0,0.0,20.0,9.0,0.0,0.0,0.0,0.0,2.0,1.0,-4.43999981880188,0.0,0.0,-8.289633750915527,9.999999747378752e-05,89.0,4.0,1.0,64.0,27.0,0.0,0.0,0.0,0.0,2.0,1.0,0.0,0.0,0.0,9.0
8.451168060302734,23.220094680786133,47.0,3.0,0.0,25.0,9.0,0.0,0.0,0.0,0.0,1.0,0.0,-1.7699999809265137,2.0599989891052246,0.0,-8.289633750915527,9.999999747378752e-05,89.0,4.0,1.0,64.0,40.0,0.0,0.0,0.0,0.0,2.0,1.0,0.0,0.0,0.0,9.0
-1.556830883026123,47.66008758544922,47.0,3.0,0.0,27.0,13.0,0.0,0.0,0.0,0.0,0.0,0.0,-0.7739999890327454,1.0999993085861206,0.0,-8.289633750915527,9.999999747378752e-05,89.0,4.0,1.0,14.0,4.0,0.0,0.0,0.0,0.0,2.0,1.0,0.0,0.0,0.0,19.0
-15.276829719543457,50.13008117675781,47.0,3.0,0.0,66.0,13.0,0.0,0.0,0.0,0.0,0.0,0.0,-1.1100000143051147,-0.5900006294250488,0.0,-8.289633750915527,9.999999747378752e-05,89.0,4.0,1.0,18.0,4.0,0.0,0.0,0.0,0.0,2.0,1.0,0.0,0.0,0.0,42.0
-25.3768310546875,4.6300811767578125,47.0,3.0,0.0,66.0,26.0,0.0,0.0,0.0,0.0,0.0,0.0,-0.5240002870559692,-3.5,0.0,-8.289633750915527,9.999999747378752e-05,89.0,4.0,0.0,14.0,6.0,0.0,0.0,0.0,0.0,2.0,1.0,0.0,0.0,0.0,25.0
-27.164831161499023,9.999999747378752e-05,47.0,3.0,0.0,71.0,16.0,0.0,0.0,0.0,0.0,2.0,1.0,0.0,0.0,0.0,-8.289633750915527,9.999999747378752e-05,89.0,4.0,0.0,53.0,2.0,0.0,0.0,0.0,0.0,2.0,1.0,0.0,0.0,0.0,25.0
-25.584121704101562,1.7322356700897217,58.0,3.0,1.0,80.0,2.0,0.0,0.0,30.0,0.0,1.0,0.0,-1.419290542602539,1.7321356534957886,0.0,-8.289633750915527,9.999999747378752e-05,89.0,4.0,0.0,53.0,10.0,0.0,0.0,0.0,0.0,2.0,1.0,0.0,0.0,0.0,25.0
-41.22159957885742,8.728898048400879,58.0,3.0,1.0,80.0,15.0,0.0,0.0,17.0,0.0,1.0,0.0,-1.0173906087875366,-0.4851645231246948,0.0,-8.289633750915527,9.999999747378752e-05,89.0,4.0,0.0,53.0,23.0,0.0,0.0,0.0,0.0,2.0,1.0,0.0,0.0,0.0,35.0
-51.339866638183594,9.999999747378752e-05,58.0,3.0,1.0,42.0,4.0,0.0,0.0,0.0,0.0,2.0,1.0,-0.4682368338108063,0.0,0.0,-8.289633750915527,9.999999747378752e-05,89.0,4.0,0.0,14.0,7.0,0.0,0.0,0.0,0.0,2.0,1.0,0.0,0.0,0.0,19.0
-47.97869873046875,9.999999747378752e-05,58.0,3.0,0.0,60.0,10.0,0.0,0.0,0.0,0.0,2.0,1.0,0.0,0.0,0.0,-8.605554580688477,9.999999747378752e-05,89.0,4.0,0.0,15.0,2.0,0.0,0.0,0.0,0.0,2.0,1.0,-0.3474675863981247,0.0,0.0,19.0
-66.6645736694336,9.999999747378752e-05,58.0,3.0,0.0,60.0,23.0,0.0,0.0,0.0,0.0,2.0,1.0,3.534957766532898,0.0,0.0,-12.447697639465332,9.999999747378752e-05,89.0,4.0,0.0,16.0,17.0,0.0,0.0,0.0,0.0,2.0,1.0,-0.7535925805568695,0.0,0.0,19.0
-66.72838592529297,9.999999747378752e-05,58.0,3.0,0.0,60.0,36.0,0.0,0.0,0.0,0.0,2.0,1.0,0.02087783720344305,0.0,0.0,-8.923391342163086,9.999999747378752e-05,89.0,4.0,0.0,349.0,3.0,0.0,0.0,0.0,0.0,2.0,1.0,6.1600682735443115,0.0,0.0,15.0
-66.82432556152344,9.999999747378752e-05,58.0,3.0,0.0,60.0,49.0,0.0,0.0,0.0,0.0,2.0,1.0,-0.03405952267348766,0.0,0.0,-7.200552463531494,9.999999747378752e-05,89.0,4.0,0.0,349.0,16.0,0.0,0.0,0.0,0.0,2.0,1.0,-0.000631332368357107,0.0,0.0,15.0
-66.9053955078125,9.999999747378752e-05,58.0,3.0,0.0,39.0,3.0,0.0,0.0,0.0,0.0,2.0,1.0,0.0,0.0,0.0,-51.23870086669922,9.999999747378752e-05,89.0,4.0,0.0,349.0,29.0,0.0,0.0,0.0,0.0,2.0,1.0,-4.205451726913452,0.0,0.0,25.0
-61.41035079956055,15.031763076782227,64.0,3.0,1.0,90.0,6.0,0.0,0.0,44.0,0.0,1.0,0.0,1.072015643119812,2.6493247747421265,0.0,-55.608367919921875,9.999999747378752e-05,89.0,4.0,0.0,350.0,8.0,0.0,0.0,0.0,0.0,2.0,1.0,-0.6062502562999725,0.0,0.0,40.0
-48.908294677734375,33.2291259765625,64.0,3.0,1.0,90.0,19.0,0.0,0.0,31.0,0.0,1.0,0.0,0.8671373724937439,0.32877421379089355,0.0,-58.033355712890625,9.999999747378752e-05,89.0,4.0,0.0,350.0,21.0,0.0,0.0,0.0,0.0,2.0,1.0,0.0,0.0,0.0,40.0
-39.06965637207031,26.74933624267578,64.0,3.0,1.0,90.0,32.0,0.0,0.0,18.0,0.0,1.0,0.0,0.6622588634490967,-0.8617761135101318,0.0,-58.033355712890625,9.999999747378752e-05,89.0,4.0,1.0,18.0,9.0,0.0,0.0,0.0,0.0,2.0,1.0,0.0,0.0,0.0,57.0
-31.894441604614258,11.132391929626465,64.0,3.0,1.0,90.0,45.0,0.0,0.0,5.0,0.0,1.0,0.0,0.4573806822299957,-1.4923264980316162,0.0,-58.033355712890625,9.999999747378752e-05,89.0,4.0,1.0,14.0,11.0,0.0,0.0,0.0,0.0,2.0,1.0,0.0,0.0,0.0,57.0
-27.99603843688965,9.999999747378752e-05,64.0,3.0,1.0,191.0,5.0,0.0,0.0,0.0,0.0,1.0,0.0,0.024541981518268585,0.0,0.0,-57.054405212402344,9.999999747378752e-05,89.0,4.0,1.0,15.0,5.0,0.0,0.0,0.0,0.0,2.0,1.0,0.48082785308361053,0.0,0.0,53.0
-27.99603843688965,9.999999747378752e-05,64.0,3.0,1.0,191.0,18.0,0.0,0.0,0.0,0.0,1.0,0.0,0.0,0.0,0.0,-55.51017379760742,9.999999747378752e-05,89.0,4.0,1.0,14.0,9.0,0.0,0.0,0.0,0.0,2.0,1.0,0.0,0.0,0.0,55.0
-27.99604034423828,9.999999747378752e-05,64.0,3.0,1.0,197.0,5.0,0.0,0.0,0.0,0.0,2.0,1.0,-0.05532029829919338,0.0,0.0,-55.51017379760742,9.999999747378752e-05,89.0,4.0,1.0,64.0,8.0,0.0,0.0,0.0,0.0,2.0,1.0,0.0,0.0,0.0,55.0
-39.47010040283203,9.999999747378752e-05,64.0,3.0,1.0,197.0,18.0,0.0,0.0,0.0,0.0,2.0,1.0,-5.374622106552124,0.0,0.0,-55.51017379760742,9.999999747378752e-05,89.0,4.0,1.0,64.0,21.0,0.0,0.0,0.0,0.0,2.0,1.0,0.0,0.0,0.0,55.0
-59.520992279052734,9.999999747378752e-05,80.0,3.0,1.0,88.0,1.0,0.0,3.0,54.0,0.0,1.0,0.0,-2.9526784420013428,2.8513686656951904,0.0,-56.110172271728516,9.999999747378752e-05,89.0,4.0,1.0,64.0,29.0,0.0,3.0,0.0,0.0,2.0,1.0,0.0,0.0,0.0,55.0
-102.61798095703125,15.574716567993164,80.0,3.0,1.0,88.0,12.0,0.0,0.0,43.0,0.0,1.0,0.0,-2.891648530960083,0.6184695959091187,1.0,-56.110172271728516,9.999999747378752e-05,89.0,4.0,1.0,64.0,40.0,0.0,0.0,0.0,0.0,2.0,1.0,0.0,0.0,0.0,49.0
-136.42237854003906,9.412052154541016,80.0,3.0,1.0,88.0,25.0,0.0,0.0,30.0,0.0,1.0,0.0,-2.350644111633301,-1.2347826957702637,1.0,-56.110172271728516,9.999999747378752e-05,89.0,4.0,1.0,18.0,3.0,0.0,0.0,0.0,0.0,2.0,1.0,0.0,0.0,0.0,6.0
-145.40878295898438,4.178112506866455,80.0,3.0,1.0,88.0,29.0,0.0,0.0,26.0,0.0,1.0,0.0,-2.1841812133789062,-1.3527064323425293,1.0,-56.110172271728516,9.999999747378752e-05,89.0,4.0,1.0,18.0,7.0,0.0,0.0,0.0,0.0,2.0,1.0,0.0,0.0,0.0,52.0
-170.01612854003906,-16.08983612060547,80.0,3.0,1.0,88.0,29.0,0.0,0.0,13.0,0.0,1.0,0.0,-1.643176794052124,-1.7359585762023926,1.0,-56.110172271728516,9.999999747378752e-05,89.0,4.0,0.0,14.0,9.0,0.0,0.0,0.0,0.0,2.0,1.0,0.0,0.0,0.0,52.0
-187.5904083251953,-41.340065002441406,80.0,3.0,1.0,38.0,1.0,0.0,0.0,0.0,0.0,1.0,0.0,-1.1021723747253418,-2.119211196899414,1.0,-56.6252326965332,9.999999747378752e-05,89.0,4.0,0.0,15.0,2.0,0.0,0.0,0.0,0.0,2.0,1.0,-0.39827801287174225,0.0,0.0,30.0
-196.56521606445312,-30.262876510620117,80.0,3.0,1.0,359.0,13.0,0.0,0.0,0.0,0.0,1.0,0.0,-0.315096914768219,0.37448811531066895,1.0,-60.657474517822266,9.999999747378752e-05,89.0,4.0,0.0,16.0,17.0,0.0,0.0,0.0,0.0,2.0,1.0,-0.7784714996814728,0.0,0.0,4.0
-196.43011474609375,-33.70259475708008,80.0,3.0,1.0,359.0,17.0,0.0,0.0,0.0,0.0,1.0,0.0,0.8307193219661713,-3.537868469953537,1.0,-62.338226318359375,9.999999747378752e-05,89.0,4.0,0.0,16.0,21.0,0.0,0.0,0.0,0.0,2.0,1.0,-0.87745800614357,0.0,0.0,4.0
-192.69110107421875,-48.14888000488281,80.0,3.0,1.0,359.0,21.0,0.0,0.0,0.0,0.0,1.0,0.0,0.9971821159124374,-3.65579192340374,1.0,-64.21673583984375,9.999999747378752e-05,89.0,4.0,0.0,16.0,26.0,0.0,0.0,0.0,0.0,2.0,1.0,-0.976362019777298,0.0,0.0,4.0
-188.28623962402344,-63.06685256958008,80.0,3.0,1.0,359.0,25.0,0.0,0.0,0.0,0.0,1.0,0.0,1.1636446826159954,-3.7737158685922623,1.0,-66.24463653564453,9.999999747378752e-05,89.0,4.0,0.0,16.0,30.0,0.0,0.0,0.0,0.0,2.0,1.0,-1.03109210729599,0.0,0.0,4.0
-183.40472412109375,-78.32249450683594,80.0,3.0,1.0,359.0,29.0,0.0,0.0,0.0,0.0,1.0,0.0,1.225423812866211,-3.8174819946289062,1.0,-68.34061431884766,9.999999747378752e-05,89.0,4.0,0.0,16.0,36.0,0.0,0.0,0.0,0.0,2.0,1.0,-1.0556934475898743,0.0,0.0,4.0
-178.60302734375,-89.92250061035156,80.0,3.0,1.0,361.0,4.0,0.0,0.0,0.0,0.0,1.0,0.0,1.1854238510131836,-2.9000000953674316,1.0,-70.46200561523438,9.999999747378752e-05,89.0,4.0,0.0,16.0,1.0,0.0,0.0,0.0,0.0,2.0,1.0,-1.0631728768348694,0.0,0.0,4.0
-173.96133422851562,-101.52250671386719,80.0,3.0,1.0,361.0,8.0,0.0,0.0,0.0,0.0,1.0,0.0,1.1454238891601562,-2.9000000953674316,1.0,-72.58848571777344,9.999999747378752e-05,89.0,4.0,0.0,16.0,6.0,0.0,0.0,0.0,0.0,2.0,1.0,-1.0624999403953552,0.0,0.0,4.0
-169.47964477539062,-113.12251281738281,80.0,3.0,1.0,361.0,12.0,0.0,0.0,0.0,0.0,1.0,0.0,1.105423927307129,-2.9000000953674316,1.0,-74.71348571777344,9.999999747378752e-05,89.0,4.0,0.0,16.0,11.0,0.0,0.0,0.0,0.0,2.0,1.0,-1.0624999403953552,0.0,0.0,4.0
-165.15794372558594,-124.72251892089844,80.0,3.0,1.0,361.0,16.0,0.0,0.0,0.0,0.0,1.0,0.0,1.0654239654541016,-2.9000000953674316,1.0,-76.03848266601562,9.999999747378752e-05,89.0,4.0,0.0,14.0,4.0,0.0,0.0,0.0,0.0,2.0,1.0,-0.4225001037120819,0.0,0.0,30.0
-158.97540283203125,-142.12249755859375,0.0,2.0,1.0,0.0,-1.0,0.0,0.0,0.0,0.0,1.0,0.0,0.0,0.0,1.0,-76.22097778320312,9.999999747378752e-05,89.0,4.0,0.0,265.0,6.0,0.0,0.0,0.0,0.0,2.0,1.0,0.0,0.0,0.0,44.0
-158.97540283203125,-142.12249755859375,0.0,2.0,1.0,0.0,-1.0,0.0,0.0,0.0,0.0,1.0,0.0,0.0,0.0,1.0,-76.22097778320312,9.999999747378752e-05,89.0,4.0,0.0,265.0,19.0,0.0,0.0,0.0,0.0,2.0,1.0,0.0,0.0,0.0,44.0
-158.97540283203125,-142.12249755859375,0.0,2.0,1.0,0.0,-1.0,0.0,0.0,0.0,0.0,1.0,0.0,0.0,0.0,1.0,-76.22097778320312,9.999999747378752e-05,89.0,4.0,0.0,265.0,32.0,0.0,0.0,0.0,0.0,2.0,1.0,0.0,0.0,0.0,44.0
-158.97540283203125,-142.12249755859375,0.0,2.0,1.0,0.0,-1.0,0.0,0.0,0.0,0.0,1.0,0.0,0.0,0.0,1.0,-76.22097778320312,9.999999747378752e-05,89.0,4.0,0.0,265.0,45.0,0.0,0.0,0.0,0.0,2.0,1.0,0.0,0.0,0.0,44.0
-158.97540283203125,-142.12249755859375,0.0,2.0,1.0,0.0,-1.0,0.0,0.0,0.0,0.0,1.0,0.0,0.0,0.0,1.0,-76.22097778320312,9.999999747378752e-05,89.0,4.0,0.0,265.0,58.0,0.0,0.0,0.0,0.0,2.0,1.0,0.0,0.0,0.0,44.0
16.0,99.04998779296875,0.0,2.0,0.0,12.0,13.0,0.0,0.0,0.0,0.0,1.0,0.0,0.0,-1.1499998569488525,0.0,-76.22097778320312,9.999999747378752e-05,89.0,4.0,0.0,14.0,11.0,0.0,0.0,0.0,0.0,2.0,1.0,0.0,0.0,0.0,37.0
16.0,84.09996795654297,0.0,2.0,0.0,12.0,26.0,0.0,0.0,0.0,0.0,1.0,0.0,0.0,-1.1499991416931152,0.0,-76.22097778320312,9.999999747378752e-05,89.0,4.0,0.0,14.0,24.0,0.0,0.0,0.0,0.0,2.0,1.0,0.0,0.0,0.0,37.0
16.0,69.14994812011719,0.0,2.0,0.0,12.0,39.0,0.0,0.0,0.0,0.0,1.0,0.0,0.0,-1.1499977111816406,0.0,-76.22097778320312,9.999999747378752e-05,89.0,4.0,0.0,14.0,37.0,0.0,0.0,0.0,0.0,2.0,1.0,0.0,0.0,0.0,37.0
16.0,54.19997787475586,0.0,2.0,0.0,12.0,52.0,0.0,0.0,0.0,0.0,1.0,0.0,0.0,-1.149997353553772,0.0,-76.22097778320312,9.999999747378752e-05,89.0,4.0,0.0,14.0,50.0,0.0,0.0,0.0,0.0,2.0,1.0,0.0,0.0,0.0,37.0
15.169999122619629,43.04999542236328,0.0,2.0,0.0,29.0,5.0,0.0,0.0,0.0,0.0,1.0,0.0,-0.22999998927116394,-0.6499999761581421,0.0,-76.22097778320312,9.999999747378752e-05,89.0,4.0,0.0,18.0,2.0,0.0,0.0,0.0,0.0,2.0,1.0,0.0,0.0,0.0,57.0
13.089999198913574,9.989738464355469e-05,0.0,2.0,0.0,42.0,1.0,0.0,0.0,0.0,0.0,2.0,1.0,-0.1999998837709427,-3.5,0.0,-76.22097778320312,9.999999747378752e-05,89.0,4.0,1.0,14.0,4.0,0.0,0.0,0.0,0.0,2.0,1.0,0.0,0.0,0.0,19.0
7.923238754272461,9.999999747378752e-05,0.0,2.0,0.0,14.0,1.0,0.0,0.0,-1.0,0.0,2.0,1.0,-1.2038493752479553,0.0,0.0,-76.22097778320312,9.999999747378752e-05,89.0,4.0,1.0,14.0,17.0,0.0,0.0,0.0,0.0,2.0,1.0,0.0,0.0,0.0,19.0
12.425592422485352,9.999999747378752e-05,0.0,2.0,0.0,60.0,10.0,0.0,0.0,-1.0,0.0,2.0,1.0,0.0,0.0,0.0,-73.1377182006836,9.999999747378752e-05,89.0,4.0,1.0,15.0,16.0,0.0,0.0,0.0,0.0,2.0,1.0,0.6827147305011749,0.0,0.0,19.0
-6.260286331176758,9.999999747378752e-05,0.0,2.0,0.0,60.0,23.0,0.0,0.0,-1.0,0.0,2.0,1.0,3.534957766532898,0.0,0.0,-68.11079406738281,9.999999747378752e-05,89.0,4.0,1.0,14.0,3.0,0.0,0.0,0.0,0.0,2.0,1.0,0.4536186009645462,0.0,0.0,19.0
-6.324108123779297,9.999999747378752e-05,0.0,2.0,0.0,60.0,36.0,0.0,0.0,-1.0,0.0,2.0,1.0,0.02087783720344305,0.0,0.0,-67.91184997558594,0.00010000000474974513,89.0,4.0,1.0,353.0,6.0,0.0,0.0,0.0,0.0,0.0,1.0,0.0,0.0005698408931493759,0.0,57.0
-6.420063018798828,9.999999747378752e-05,0.0,2.0,0.0,60.0,49.0,0.0,0.0,-1.0,0.0,2.0,1.0,-0.03405952267348766,0.0,0.0,-66.4682846069336,25.021257400512695,89.0,4.0,1.0,353.0,19.0,0.0,0.0,0.0,0.0,0.0,0.0,0.24059653282165527,3.312936782836914,0.0,57.0
-6.501128196716309,9.999999747378752e-05,0.0,2.0,0.0,39.0,3.0,0.0,0.0,0.0,0.0,2.0,1.0,0.0,0.0,0.0,-63.3405647277832,46.89512634277344,89.0,4.0,1.0,353.0,32.0,0.0,0.0,0.0,0.0,0.0,0.0,0.24059581756591797,0.7367362976074219,0.0,53.0
11.815559387207031,9.999999747378752e-05,0.0,2.0,0.0,234.0,12.0,0.0,0.0,0.0,0.0,2.0,1.0,3.2311285734176636,0.0,0.0,-60.21280288696289,43.43836212158203,89.0,4.0,1.0,353.0,45.0,0.0,0.0,0.0,0.0,0.0,0.0,0.24059581756591797,-1.1618919372558594,0.0,42.0
25.648513793945312,9.999999747378752e-05,0.0,2.0,0.0,234.0,25.0,0.0,0.0,0.0,0.0,2.0,1.0,1.2895354628562927,0.0,0.0,-57.085044860839844,22.924678802490234,89.0,4.0,1.0,353.0,58.0,0.0,0.0,0.0,0.0,0.0,0.0,0.24059581756591797,-1.6513652801513672,0.0,42.0
27.361724853515625,9.999999747378752e-05,0.0,2.0,0.0,178.0,-1.0,0.0,0.0,6.0,0.0,2.0,1.0,0.0,0.0,0.0,-53.32555389404297,1.7745492458343506,89.0,4.0,1.0,35.0,7.0,0.0,0.0,0.0,0.0,0.0,0.0,0.49099045991897583,-2.166290283203125,0.0,33.0
27.361724853515625,9.999999747378752e-05,0.0,2.0,0.0,235.0,13.0,0.0,0.0,7.0,0.0,2.0,1.0,0.0,0.0,0.0,-50.126644134521484,9.999999747378752e-05,89.0,4.0,1.0,43.0,12.0,0.0,0.0,0.0,0.0,2.0,1.0,0.0,0.0,0.0,25.0
27.361724853515625,9.999999747378752e-05,0.0,2.0,0.0,235.0,26.0,0.0,0.0,7.0,0.0,2.0,1.0,0.0,0.0,0.0,-50.126644134521484,9.999999747378752e-05,89.0,4.0,1.0,43.0,25.0,0.0,0.0,0.0,0.0,2.0,1.0,0.0,0.0,0.0,25.0
27.361724853515625,9.999999747378752e-05,0.0,2.0,0.0,18.0,7.0,0.0,0.0,0.0,0.0,2.0,1.0,0.0,0.0,0.0,-47.1763801574707,9.999999747378752e-05,89.0,4.0,1.0,16.0,9.0,0.0,0.0,0.0,0.0,2.0,1.0,0.9656139314174652,0.0,0.0,25.0
22.859373092651367,9.999999747378752e-05,0.0,2.0,1.0,60.0,10.0,0.0,0.0,0.0,0.0,2.0,1.0,0.0,0.0,0.0,-40.03932571411133,9.999999747378752e-05,89.0,4.0,1.0,16.0,26.0,0.0,0.0,0.0,0.0,2.0,1.0,1.1480174660682678,0.0,0.0,19.0
41.545249938964844,9.999999747378752e-05,0.0,2.0,1.0,60.0,23.0,0.0,0.0,0.0,0.0,2.0,1.0,-3.534957766532898,0.0,0.0,-32.505619049072266,9.999999747378752e-05,89.0,4.0,1.0,16.0,4.0,0.0,0.0,0.0,0.0,2.0,1.0,1.1631901860237122,0.0,0.0,19.0
41.609073638916016,9.999999747378752e-05,0.0,2.0,1.0,60.0,36.0,0.0,0.0,0.0,0.0,2.0,1.0,-0.02087783720344305,0.0,0.0,-24.938928604125977,9.999999747378752e-05,89.0,4.0,1.0,16.0,23.0,0.0,0.0,0.0,0.0,2.0,1.0,1.1644522547721863,0.0,0.0,19.0
41.70502853393555,9.999999747378752e-05,0.0,2.0,1.0,60.0,49.0,0.0,0.0,0.0,0.0,2.0,1.0,0.03405952267348766,0.0,0.0,-17.36949348449707,9.999999747378752e-05,89.0,4.0,1.0,16.0,1.0,0.0,0.0,0.0,0.0,2.0,1.0,1.1645572781562805,0.0,0.0,25.0
42.34577178955078,9.999999747378752e-05,0.0,2.0,1.0,14.0,1.0,0.0,0.0,1.0,0.0,2.0,1.0,0.3356679677963257,0.0,0.0,-9.79983139038086,9.999999747378752e-05,89.0,4.0,1.0,16.0,20.0,0.0,0.0,0.0,0.0,2.0,1.0,1.1645659804344177,0.0,0.0,19.0
46.848121643066406,9.999999747378752e-05,0.0,2.0,0.0,60.0,10.0,0.0,0.0,1.0,0.0,2.0,1.0,0.0,0.0,0.0,-2.2301511764526367,9.999999747378752e-05,89.0,4.0,1.0,16.0,38.0,0.0,0.0,0.0,0.0,2.0,1.0,1.1645665764808655,0.0,0.0,25.0
28.162246704101562,9.999999747378752e-05,0.0,2.0,0.0,60.0,23.0,0.0,0.0,1.0,0.0,2.0,1.0,3.534957766532898,0.0,0.0,4.506067276000977,9.999999747378752e-05,89.0,4.0,1.0,14.0,4.0,0.0,0.0,0.0,0.0,2.0,1.0,0.5111812055110931,0.0,0.0,25.0
28.098426818847656,9.999999747378752e-05,0.0,2.0,0.0,60.0,36.0,0.0,0.0,1.0,0.0,2.0,1.0,0.02087783720344305,0.0,0.0,4.792839050292969,9.999999747378752e-05,89.0,4.0,1.0,14.0,17.0,0.0,0.0,0.0,0.0,2.0,1.0,0.0,0.0,0.0,25.0
28.002477645874023,9.999999747378752e-05,0.0,2.0,0.0,60.0,49.0,0.0,0.0,1.0,0.0,2.0,1.0,-0.03405952267348766,0.0,0.0,4.792839050292969,9.999999747378752e-05,89.0,4.0,1.0,45.0,3.0,0.0,0.0,0.0,0.0,2.0,1.0,0.0,0.0,0.0,38.0
25.67776870727539,3.5244922637939453,3.0,2.0,0.0,79.0,9.0,0.0,0.0,5.0,0.0,1.0,0.0,-0.018747050315141678,-0.45535916090011597,0.0,8.557272911071777,9.999999747378752e-05,89.0,4.0,1.0,46.0,5.0,0.0,0.0,0.0,0.0,2.0,1.0,7.52886700630188,0.0,0.0,19.0
27.99152374267578,5.545468330383301,10.0,2.0,0.0,85.0,9.0,0.0,0.0,10.0,0.0,1.0,0.0,0.561438798904419,-0.2672460079193115,0.0,11.99069595336914,9.999999747378752e-05,89.0,4.0,1.0,47.0,2.0,0.0,0.0,0.0,0.0,2.0,1.0,0.0,0.0,0.0,25.0
31.890352249145508,9.999999747378752e-05,10.0,2.0,0.0,18.0,2.0,0.0,0.0,0.0,0.0,2.0,1.0,0.0,0.0,0.0,11.99069595336914,9.999999747378752e-05,89.0,4.0,1.0,48.0,10.0,0.0,0.0,0.0,0.0,2.0,1.0,0.0,0.0,0.0,25.0
33.25717544555664,9.999999747378752e-05,12.0,2.0,0.0,78.0,1.0,0.0,3.0,5.0,0.0,2.0,1.0,0.42944997549057007,0.0,0.0,11.99069595336914,9.999999747378752e-05,89.0,4.0,1.0,48.0,21.0,0.0,3.0,0.0,0.0,2.0,1.0,0.0,0.0,0.0,37.0
23.54706573486328,9.999999747378752e-05,12.0,2.0,0.0,181.0,5.0,0.0,0.0,3.0,0.0,2.0,1.0,0.6452858150005341,0.0,0.0,11.99069595336914,9.999999747378752e-05,89.0,4.0,1.0,48.0,30.0,0.0,0.0,0.0,0.0,2.0,1.0,0.0,0.0,0.0,37.0
-0.29969191551208496,9.999999747378752e-05,12.0,2.0,0.0,233.0,11.0,0.0,0.0,0.0,0.0,2.0,1.0,-2.87545382976532,0.0,0.0,11.99069595336914,9.999999747378752e-05,89.0,4.0,1.0,48.0,3.0,0.0,0.0,0.0,0.0,2.0,1.0,0.0,0.0,0.0,42.0
-9.445151329040527,9.999999747378752e-05,12.0,2.0,1.0,233.0,24.0,0.0,0.0,0.0,0.0,2.0,1.0,-0.4636230170726776,0.0,0.0,11.99069595336914,9.999999747378752e-05,89.0,4.0,1.0,14.0,1.0,0.0,0.0,0.0,0.0,2.0,1.0,0.0,0.0,0.0,57.0
-9.998576164245605,9.999999747378752e-05,12.0,2.0,1.0,39.0,6.0,0.0,0.0,0.0,0.0,2.0,1.0,0.0,0.0,0.0,11.99069595336914,9.999999747378752e-05,89.0,4.0,0.0,14.0,2.0,0.0,0.0,0.0,0.0,2.0,1.0,0.0,0.0,0.0,25.0
-14.500929832458496,9.999999747378752e-05,12.0,2.0,1.0,60.0,10.0,0.0,0.0,0.0,0.0,2.0,1.0,0.0,0.0,0.0,11.99069595336914,9.999999747378752e-05,89.0,4.0,0.0,14.0,15.0,0.0,0.0,0.0,0.0,2.0,1.0,0.0,0.0,0.0,25.0
-0.4767489433288574,9.999999747378752e-05,12.0,2.0,1.0,60.0,19.0,0.0,5.0,0.0,0.0,2.0,1.0,12.071132183074951,0.0,0.0,7.865695953369141,4.299312591552734,109.0,4.0,0.0,88.0,1.0,0.0,5.0,82.0,0.0,1.0,0.0,4.469751358032227,4.316389083862305,0.0,40.0
4.244807243347168,9.999999747378752e-05,12.0,2.0,1.0,60.0,28.0,0.0,0.0,0.0,0.0,2.0,1.0,0.24286650866270065,0.0,0.0,31.187084197998047,47.83914566040039,109.0,4.0,0.0,88.0,10.0,0.0,0.0,73.0,0.0,1.0,0.0,2.723872184753418,3.899212956428528,0.0,54.0
4.2434844970703125,9.999999747378752e-05,12.0,2.0,1.0,60.0,41.0,0.0,0.0,0.0,0.0,2.0,1.0,0.011215209495276213,0.0,0.0,64.40069580078125,82.6107177734375,109.0,4.0,0.0,88.0,23.0,0.0,0.0,60.0,0.0,1.0,0.0,2.4100537300109863,1.6251845359802246,0.0,35.0
4.387782096862793,9.999999747378752e-05,12.0,2.0,1.0,60.0,54.0,0.0,0.0,0.0,0.0,2.0,1.0,0.002368927001953125,0.0,0.0,93.53465270996094,99.12991333007812,109.0,4.0,0.0,88.0,29.0,0.0,0.0,47.0,0.0,1.0,0.0,2.0962352752685547,1.001157283782959,1.0,40.0
4.425790786743164,9.999999747378752e-05,12.0,2.0,1.0,178.0,-1.0,0.0,0.0,7.0,0.0,2.0,1.0,0.0,0.0,0.0,118.58898162841797,108.05674743652344,109.0,4.0,0.0,88.0,29.0,0.0,0.0,34.0,0.0,1.0,0.0,1.782416820526123,0.4171295166015625,1.0,40.0
4.425790786743164,9.999999747378752e-05,12.0,2.0,1.0,180.0,12.0,0.0,0.0,20.0,0.0,2.0,1.0,0.0,0.0,0.0,139.56365966796875,109.3912353515625,109.0,4.0,0.0,88.0,29.0,0.0,0.0,21.0,0.0,1.0,0.0,1.4685983657836914,-0.16689562797546387,1.0,40.0
4.425790786743164,9.999999747378752e-05,12.0,2.0,1.0,180.0,0.0,0.0,0.0,9.0,0.0,2.0,1.0,0.0,0.0,0.0,156.458740234375,103.1333999633789,109.0,4.0,0.0,88.0,29.0,0.0,0.0,8.0,0.0,1.0,0.0,1.1547799110412598,-0.7509210109710693,1.0,40.0
4.425790786743164,9.999999747378752e-05,12.0,2.0,1.0,180.0,13.0,0.0,0.0,22.0,0.0,2.0,1.0,0.0,0.0,0.0,168.0207061767578,89.2832260131836,109.0,4.0,0.0,38.0,6.0,0.0,0.0,0.0,0.0,1.0,0.0,0.4828360378742218,-1.334947109222412,1.0,54.0
4.425790786743164,9.999999747378752e-05,12.0,2.0,1.0,235.0,13.0,0.0,0.0,23.0,0.0,2.0,1.0,0.0,0.0,0.0,166.6920928955078,67.84071350097656,109.0,4.0,0.0,38.0,19.0,0.0,0.0,0.0,0.0,1.0,0.0,-0.5841082334518433,-1.9189733266830444,1.0,54.0
4.425790786743164,9.999999747378752e-05,12.0,2.0,1.0,235.0,26.0,0.0,0.0,23.0,0.0,2.0,1.0,0.0,0.0,0.0,156.9019317626953,38.80586242675781,109.0,4.0,0.0,38.0,3.0,0.0,0.0,0.0,0.0,1.0,0.0,-0.8979271054267883,-2.5029995441436768,1.0,54.0
4.425790786743164,9.999999747378752e-05,12.0,2.0,1.0,39.0,7.0,0.0,0.0,0.0,0.0,2.0,1.0,0.0,0.0,0.0,143.29318237304688,2.6645631790161133,109.0,4.0,0.0,38.0,16.0,0.0,0.0,0.0,0.0,1.0,0.0,-1.1112500429153442,-2.9000000953674316,1.0,40.0
4.425790786743164,9.999999747378752e-05,12.0,2.0,1.0,44.0,13.0,0.0,0.0,0.0,0.0,2.0,1.0,0.0,0.0,0.0,129.45660400390625,-13.575438499450684,109.0,4.0,0.0,27.0,4.0,0.0,0.0,0.0,0.0,0.0,0.0,-1.0474998950958252,2.2699995040893555,1.0,54.0
4.425790786743164,9.999999747378752e-05,12.0,2.0,1.0,41.0,1.0,0.0,0.0,0.0,0.0,2.0,1.0,0.0,0.0,0.0,115.01438903808594,4.104552268981934,109.0,4.0,0.0,27.0,17.0,0.0,0.0,0.0,0.0,0.0,0.0,-1.1112500429153442,0.5799993276596069,1.0,54.0
4.425790786743164,9.999999747378752e-05,12.0,2.0,1.0,39.0,4.0,0.0,0.0,0.0,0.0,2.0,1.0,0.0,0.0,0.0,100.568115234375,-0.18545615673065186,109.0,4.0,0.0,27.0,30.0,0.0,0.0,0.0,0.0,0.0,0.0,-1.1112500429153442,-1.1100006103515625,1.0,54.0
4.425790786743164,9.999999747378752e-05,12.0,2.0,1.0,41.0,1.0,0.0,0.0,0.0,0.0,2.0,1.0,0.0,0.0,0.0,88.0549545288086,-24.144365310668945,109.0,4.0,0.0,252.0,7.0,0.0,0.0,0.0,0.0,1.0,0.0,0.0,0.0,1.0,37.0
8.928144454956055,9.999999747378752e-05,12.0,2.0,0.0,60.0,10.0,0.0,0.0,0.0,0.0,2.0,1.0,0.0,0.0,0.0,87.9149169921875,-19.446605682373047,109.0,4.0,0.0,258.0,10.0,0.0,0.0,0.0,0.0,1.0,0.0,0.0,0.0,1.0,57.0
-9.757735252380371,9.999999747378752e-05,12.0,2.0,0.0,60.0,23.0,0.0,0.0,0.0,0.0,2.0,1.0,3.534957766532898,0.0,0.0,87.50569915771484,0.895384669303894,109.0,4.0,0.0,258.0,23.0,0.0,0.0,0.0,0.0,1.0,0.0,0.0,0.0,1.0,57.0
-9.82155704498291,9.999999747378752e-05,12.0,2.0,0.0,60.0,36.0,0.0,0.0,0.0,0.0,2.0,1.0,0.02087783720344305,0.0,0.0,86.17866516113281,0.00022734375670552254,109.0,4.0,0.0,258.0,36.0,0.0,0.0,0.0,0.0,1.0,0.0,0.0,0.0,1.0,57.0
-9.917511940002441,9.999999747378752e-05,12.0,2.0,0.0,60.0,49.0,0.0,0.0,0.0,0.0,2.0,1.0,-0.03405952267348766,0.0,0.0,50.36969757080078,9.999999747378752e-05,109.0,4.0,0.0,258.0,49.0,0.0,0.0,0.0,0.0,2.0,1.0,-2.7539786100387573,0.0,0.0,57.0
-9.998577117919922,9.999999747378752e-05,12.0,2.0,0.0,39.0,3.0,0.0,0.0,0.0,0.0,2.0,1.0,0.0,0.0,0.0,38.6632080078125,9.999999747378752e-05,109.0,4.0,0.0,258.0,62.0,0.0,0.0,0.0,0.0,2.0,1.0,-0.8761672377586365,0.0,0.0,57.0
-9.998577117919922,9.999999747378752e-05,12.0,2.0,0.0,41.0,1.0,0.0,0.0,0.0,0.0,2.0,1.0,0.0,0.0,0.0,37.60104751586914,9.999999747378752e-05,109.0,4.0,0.0,258.0,75.0,0.0,0.0,0.0,0.0,2.0,1.0,0.06775664910674095,0.0,0.0,57.0
-9.998577117919922,9.999999747378752e-05,12.0,2.0,0.0,39.0,4.0,0.0,0.0,0.0,0.0,2.0,1.0,0.0,0.0,0.0,47.37710189819336,9.999999747378752e-05,109.0,4.0,0.0,349.0,8.0,0.0,0.0,0.0,0.0,2.0,1.0,-0.000631332368357107,0.0,0.0,40.0
-9.998577117919922,9.999999747378752e-05,12.0,2.0,0.0,212.0,13.0,0.0,0.0,0.0,0.0,2.0,1.0,0.0,0.0,0.0,24.604259490966797,9.999999747378752e-05,109.0,4.0,0.0,349.0,21.0,0.0,0.0,0.0,0.0,2.0,1.0,-6.752002477645874,0.0,0.0,25.0
-9.998577117919922,9.999999747378752e-05,19.0,2.0,1.0,90.0,1.0,0.0,3.0,40.0,0.0,1.0,0.0,1.6954669490587548e-07,3.0463836193084717,0.0,2.4270474910736084,9.999999747378752e-05,109.0,4.0,0.0,350.0,3.0,0.0,3.0,0.0,0.0,2.0,1.0,-0.6062498986721039,0.0,0.0,25.0
8.316497802734375,20.088960647583008,19.0,2.0,1.0,90.0,12.0,0.0,0.0,29.0,0.0,1.0,0.0,0.7680255174636841,0.933740496635437,0.0,-0.9073275327682495,9.999999747378752e-05,109.0,4.0,0.0,350.0,14.0,0.0,0.0,0.0,0.0,2.0,1.0,-0.6062497794628143,0.0,0.0,40.0
16.866682052612305,16.29373550415039,19.0,2.0,1.0,90.0,25.0,0.0,0.0,16.0,0.0,1.0,0.0,0.5631473064422607,-1.1668100357055664,0.0,-1.5135778188705444,9.999999747378752e-05,109.0,4.0,0.0,18.0,2.0,0.0,0.0,0.0,0.0,2.0,1.0,0.0,0.0,0.0,40.0
22.753450393676758,-3.2886428833007812,19.0,2.0,1.0,90.0,38.0,0.0,0.0,3.0,0.0,1.0,0.0,0.35826918482780457,-1.7973604202270508,0.0,-1.5135778188705444,9.999999747378752e-05,109.0,4.0,1.0,14.0,4.0,0.0,0.0,0.0,0.0,2.0,1.0,0.0,0.0,0.0,57.0
23.695505142211914,9.999999747378752e-05,19.0,2.0,1.0,191.0,13.0,0.0,0.0,2.0,0.0,1.0,0.0,0.0,0.0,0.0,-1.5135778188705444,9.999999747378752e-05,109.0,4.0,1.0,14.0,17.0,0.0,0.0,0.0,0.0,2.0,1.0,0.0,0.0,0.0,25.0
23.695505142211914,9.999999747378752e-05,19.0,2.0,1.0,191.0,26.0,0.0,0.0,2.0,0.0,2.0,1.0,0.0,0.0,0.0,1.228325366973877,9.999999747378752e-05,109.0,4.0,1.0,15.0,14.0,0.0,0.0,0.0,0.0,2.0,1.0,0.6567511260509491,0.0,0.0,37.0
23.695505142211914,9.999999747378752e-05,19.0,2.0,1.0,195.0,13.0,0.0,0.0,2.0,0.0,2.0,1.0,0.0,0.0,0.0,6.647185802459717,9.999999747378752e-05,109.0,4.0,1.0,16.0,25.0,0.0,0.0,0.0,0.0,2.0,1.0,0.9834899604320526,0.0,0.0,25.0
23.695505142211914,9.999999747378752e-05,19.0,2.0,1.0,195.0,22.0,0.0,0.0,2.0,0.0,2.0,1.0,0.0,0.0,0.0,13.178486824035645,12.304427146911621,115.0,4.0,1.0,88.0,3.0,0.0,0.0,46.0,0.0,1.0,0.0,-1.6565043926239014,2.840263605117798,0.0,37.0
23.695505142211914,9.999999747378752e-05,19.0,2.0,1.0,195.0,35.0,0.0,0.0,2.0,0.0,2.0,1.0,0.0,0.0,0.0,-6.168951988220215,33.30451965332031,115.0,4.0,1.0,88.0,16.0,0.0,0.0,33.0,0.0,1.0,0.0,-1.3440589904785156,0.56550133228302,0.0,37.0
23.695505142211914,9.999999747378752e-05,19.0,2.0,1.0,195.0,48.0,0.0,0.0,2.0,0.0,2.0,1.0,0.0,0.0,0.0,-21.454599380493164,27.222702026367188,115.0,4.0,1.0,88.0,29.0,0.0,0.0,20.0,0.0,1.0,0.0,-1.0316135883331299,-0.9692611694335938,0.0,57.0
23.695505142211914,9.999999747378752e-05,19.0,2.0,1.0,41.0,1.0,0.0,0.0,0.0,0.0,2.0,1.0,0.0,0.0,0.0,-32.678462982177734,10.528975486755371,115.0,4.0,1.0,88.0,29.0,0.0,0.0,7.0,0.0,1.0,0.0,-0.7191689014434814,-1.5540235042572021,0.0,57.0
23.695505142211914,9.999999747378752e-05,19.0,2.0,1.0,39.0,4.0,0.0,0.0,0.0,0.0,2.0,1.0,0.0,0.0,0.0,-38.77926254272461,9.999999747378752e-05,115.0,4.0,1.0,191.0,7.0,0.0,0.0,0.0,0.0,1.0,0.0,-0.15792950987815857,-1.3375684559946421e-08,0.0,40.0
23.695505142211914,9.999999747378752e-05,19.0,2.0,1.0,212.0,13.0,0.0,0.0,0.0,0.0,2.0,1.0,0.0,0.0,0.0,-38.947052001953125,9.999999747378752e-05,115.0,4.0,1.0,191.0,20.0,0.0,0.0,0.0,0.0,1.0,0.0,0.0,0.0,0.0,57.0
23.695505142211914,9.999999747378752e-05,19.0,2.0,1.0,212.0,26.0,0.0,0.0,0.0,0.0,2.0,1.0,0.0,0.0,0.0,-38.947052001953125,9.999999747378752e-05,115.0,4.0,1.0,194.0,7.0,0.0,0.0,220.0,0.0,2.0,1.0,0.0,0.0,0.0,57.0
23.695505142211914,9.999999747378752e-05,19.0,2.0,1.0,41.0,2.0,0.0,0.0,0.0,0.0,2.0,1.0,0.0,0.0,0.0,-38.947052001953125,9.999999747378752e-05,115.0,4.0,1.0,194.0,20.0,0.0,0.0,220.0,0.0,2.0,1.0,0.0,0.0,0.0,19.0
28.19785499572754,9.999999747378752e-05,19.0,2.0,0.0,60.0,10.0,0.0,0.0,0.0,0.0,2.0,1.0,0.0,0.0,0.0,-38.31240463256836,9.999999747378752e-05,115.0,4.0,1.0,15.0,3.0,0.0,0.0,0.0,0.0,2.0,1.0,0.5083379745483398,0.0,0.0,57.0
9.511974334716797,9.999999747378752e-05,19.0,2.0,0.0,60.0,23.0,0.0,0.0,0.0,0.0,2.0,1.0,3.534957766532898,0.0,0.0,-34.37128448486328,9.999999747378752e-05,115.0,4.0,1.0,14.0,5.0,0.0,0.0,0.0,0.0,2.0,1.0,0.07413771748542786,0.0,0.0,57.0
9.448152542114258,9.999999747378752e-05,19.0,2.0,0.0,60.0,36.0,0.0,0.0,0.0,0.0,2.0,1.0,0.02087783720344305,0.0,0.0,-34.385963439941406,0.00010000006295740604,115.0,4.0,1.0,353.0,5.0,0.0,0.0,0.0,0.0,0.0,1.0,-0.0036706551909446716,0.0021673422306776047,0.0,57.0
9.352197647094727,9.999999747378752e-05,19.0,2.0,0.0,60.0,49.0,0.0,0.0,0.0,0.0,2.0,1.0,-0.03405952267348766,0.0,0.0,-33.18297576904297,21.70832061767578,115.0,4.0,1.0,353.0,18.0,0.0,0.0,0.0,0.0,0.0,0.0,0.24059629440307617,3.632678985595703,0.0,57.0
9.271132469177246,9.999999747378752e-05,19.0,2.0,0.0,39.0,3.0,0.0,0.0,0.0,0.0,2.0,1.0,0.0,0.0,0.0,-30.055217742919922,46.158390045166016,115.0,4.0,1.0,353.0,31.0,0.0,0.0,0.0,0.0,0.0,0.0,0.24059677124023438,0.8307266235351562,0.0,57.0
9.271132469177246,9.999999747378752e-05,19.0,2.0,0.0,41.0,1.0,0.0,0.0,0.0,0.0,2.0,1.0,0.0,0.0,0.0,-26.927459716796875,44.60025405883789,115.0,4.0,1.0,353.0,44.0,0.0,0.0,0.0,0.0,0.0,0.0,0.24059677124023438,-1.0479698181152344,0.0,57.0
9.271132469177246,9.999999747378752e-05,19.0,2.0,0.0,39.0,4.0,0.0,0.0,0.0,0.0,2.0,1.0,0.0,0.0,0.0,-23.799701690673828,24.5760440826416,115.0,4.0,1.0,353.0,57.0,0.0,0.0,0.0,0.0,0.0,0.0,0.24059677124023438,-1.6790828704833984,0.0,53.0
25.972253799438477,9.999999747378752e-05,19.0,2.0,0.0,234.0,11.0,0.0,0.0,0.0,0.0,2.0,1.0,3.5578936338424683,0.0,0.0,-20.290605545043945,3.9408395290374756,115.0,4.0,1.0,35.0,6.0,0.0,0.0,0.0,0.0,0.0,0.0,0.43099045753479004,-2.036290407180786,0.0,14.0
40.775997161865234,9.999999747378752e-05,19.0,2.0,0.0,234.0,24.0,0.0,0.0,0.0,0.0,2.0,1.0,1.490489900112152,0.0,0.0,-16.600698471069336,9.999999747378752e-05,115.0,4.0,1.0,43.0,11.0,0.0,0.0,0.0,0.0,2.0,1.0,0.0,0.0,0.0,25.0
43.133975982666016,9.999999747378752e-05,19.0,2.0,0.0,18.0,6.0,0.0,0.0,0.0,0.0,2.0,1.0,0.0,0.0,0.0,-16.600698471069336,9.999999747378752e-05,115.0,4.0,1.0,43.0,24.0,0.0,0.0,0.0,0.0,2.0,1.0,0.0,0.0,0.0,25.0
38.63162612915039,9.999999747378752e-05,19.0,2.0,1.0,60.0,10.0,0.0,0.0,0.0,0.0,2.0,1.0,0.0,0.0,0.0,-14.133240699768066,9.999999747378752e-05,115.0,4.0,1.0,16.0,7.0,0.0,0.0,0.0,0.0,2.0,1.0,0.9236733615398407,0.0,0.0,25.0
57.31749725341797,9.999999747378752e-05,19.0,2.0,1.0,60.0,23.0,0.0,0.0,0.0,0.0,2.0,1.0,-3.534957766532898,0.0,0.0,-7.087392330169678,9.999999747378752e-05,115.0,4.0,1.0,16.0,24.0,0.0,0.0,0.0,0.0,2.0,1.0,1.1445288062095642,0.0,0.0,19.0
57.38132095336914,9.999999747378752e-05,19.0,2.0,1.0,60.0,36.0,0.0,0.0,0.0,0.0,2.0,1.0,-0.02087783720344305,0.0,0.0,0.438717782497406,9.999999747378752e-05,115.0,4.0,1.0,16.0,3.0,0.0,0.0,0.0,0.0,2.0,1.0,1.1629000306129456,0.0,0.0,19.0
57.47727584838867,9.999999747378752e-05,19.0,2.0,1.0,60.0,49.0,0.0,0.0,0.0,0.0,2.0,1.0,0.03405952267348766,0.0,0.0,8.004776954650879,9.999999747378752e-05,115.0,4.0,1.0,16.0,21.0,0.0,0.0,0.0,0.0,2.0,1.0,1.1644280552864075,0.0,0.0,25.0
58.118019104003906,9.999999747378752e-05,19.0,2.0,1.0,14.0,1.0,0.0,0.0,1.0,0.0,2.0,1.0,0.3356679677963257,0.0,0.0,15.57415771484375,9.999999747378752e-05,115.0,4.0,1.0,16.0,0.0,0.0,0.0,0.0,0.0,2.0,1.0,1.1645552515983582,0.0,0.0,19.0
62.62036895751953,9.999999747378752e-05,19.0,2.0,0.0,60.0,10.0,0.0,0.0,1.0,0.0,2.0,1.0,0.0,0.0,0.0,23.143817901611328,9.999999747378752e-05,115.0,4.0,1.0,16.0,18.0,0.0,0.0,0.0,0.0,2.0,1.0,1.1645658612251282,0.0,0.0,19.0
44.73884201049805,9.999999747378752e-05,19.0,2.0,0.0,60.0,20.0,0.0,6.0,1.0,0.0,2.0,1.0,-7.714702367782593,0.0,0.0,32.76365661621094,4.299312591552734,134.0,4.0,1.0,88.0,1.0,0.0,6.0,97.0,0.0,1.0,0.0,-5.263792514801025,5.08318567276001,0.0,37.0
43.874637603759766,9.999999747378752e-05,19.0,2.0,0.0,60.0,28.0,0.0,0.0,1.0,0.0,2.0,1.0,-0.24286650866270065,0.0,0.0,8.119983673095703,51.781776428222656,134.0,4.0,1.0,88.0,9.0,0.0,0.0,89.0,0.0,1.0,0.0,-3.2561817169189453,5.05417013168335,0.0,37.0
43.87595748901367,9.999999747378752e-05,19.0,2.0,0.0,60.0,41.0,0.0,0.0,1.0,0.0,2.0,1.0,-0.011215209495276213,0.0,0.0,-32.023258209228516,101.56263732910156,134.0,4.0,1.0,88.0,22.0,0.0,0.0,76.0,0.0,1.0,0.0,-2.9437363147735596,2.7794041633605957,0.0,40.0
43.731658935546875,9.999999747378752e-05,19.0,2.0,0.0,60.0,54.0,0.0,0.0,1.0,0.0,2.0,1.0,-0.002368927001953125,0.0,0.0,-68.1047134399414,131.43153381347656,134.0,4.0,1.0,88.0,29.0,0.0,0.0,63.0,0.0,1.0,0.0,-2.631290912628174,2.024641513824463,0.0,60.0
43.69365310668945,9.999999747378752e-05,19.0,2.0,0.0,41.0,1.0,0.0,0.0,0.0,0.0,2.0,1.0,0.0,0.0,0.0,-100.12437438964844,153.6586151123047,134.0,4.0,1.0,88.0,29.0,0.0,0.0,50.0,0.0,1.0,0.0,-2.318845510482788,1.4398784637451172,1.0,43.0
39.19130325317383,9.999999747378752e-05,19.0,2.0,1.0,60.0,10.0,0.0,0.0,0.0,0.0,2.0,1.0,0.0,0.0,0.0,-128.08224487304688,168.28378295898438,134.0,4.0,1.0,88.0,29.0,0.0,0.0,37.0,0.0,1.0,0.0,-2.0064001083374023,0.8551158905029297,1.0,40.0
57.877174377441406,9.999999747378752e-05,19.0,2.0,1.0,60.0,23.0,0.0,0.0,0.0,0.0,2.0,1.0,-3.534957766532898,0.0,0.0,-151.9783172607422,175.30703735351562,134.0,4.0,1.0,88.0,29.0,0.0,0.0,24.0,0.0,1.0,0.0,-1.6939547061920166,0.2703535556793213,1.0,54.0
57.94099807739258,9.999999747378752e-05,19.0,2.0,1.0,60.0,36.0,0.0,0.0,0.0,0.0,2.0,1.0,-0.02087783720344305,0.0,0.0,-171.8126220703125,174.72837829589844,135.0,4.0,1.0,88.0,29.0,0.0,0.0,11.0,0.0,1.0,0.0,-1.3815093040466309,-0.3144087791442871,1.0,54.0
58.03695297241211,9.999999747378752e-05,19.0,2.0,1.0,60.0,49.0,0.0,0.0,0.0,0.0,2.0,1.0,0.03405952267348766,0.0,0.0,-187.22511291503906,166.5478057861328,135.0,4.0,1.0,38.0,3.0,0.0,0.0,0.0,0.0,1.0,0.0,-0.8890639096498489,-0.8991711139678955,1.0,54.0
58.11801528930664,9.999999747378752e-05,19.0,2.0,1.0,39.0,3.0,0.0,0.0,0.0,0.0,2.0,1.0,0.0,0.0,0.0,-191.13583374023438,150.76531982421875,135.0,4.0,1.0,38.0,16.0,0.0,0.0,0.0,0.0,1.0,0.0,0.20338082313537598,-1.483933448791504,1.0,55.0
58.11801528930664,9.999999747378752e-05,19.0,2.0,1.0,41.0,9.0,0.0,0.0,0.0,0.0,2.0,1.0,0.0,0.0,0.0,-184.3648223876953,127.38092041015625,135.0,4.0,1.0,38.0,29.0,0.0,0.0,0.0,0.0,1.0,0.0,0.6758254766464233,-2.0686957836151123,1.0,54.0
58.11801528930664,9.999999747378752e-05,19.0,2.0,1.0,41.0,1.0,0.0,0.0,0.0,0.0,2.0,1.0,0.0,0.0,0.0,-173.39202880859375,96.39451599121094,135.0,4.0,1.0,38.0,13.0,0.0,0.0,0.0,0.0,1.0,0.0,0.9882701635360718,-2.653458282351494,1.0,54.0
58.11801528930664,9.999999747378752e-05,19.0,2.0,1.0,39.0,4.0,0.0,0.0,0.0,0.0,2.0,1.0,0.0,0.0,0.0,-159.1302490234375,59.252471923828125,136.0,4.0,1.0,38.0,26.0,0.0,0.0,0.0,0.0,1.0,0.0,1.1200000047683716,-2.9000000953674316,1.0,55.0
58.11801528930664,9.999999747378752e-05,19.0,2.0,1.0,41.0,10.0,0.0,0.0,0.0,0.0,2.0,1.0,0.0,0.0,0.0,-144.5703125,21.552459716796875,136.0,4.0,1.0,38.0,10.0,0.0,0.0,0.0,0.0,1.0,0.0,1.1200000047683716,-2.9000000953674316,1.0,54.0
58.11801528930664,9.999999747378752e-05,19.0,2.0,1.0,41.0,1.0,0.0,0.0,0.0,0.0,2.0,1.0,0.0,0.0,0.0,-130.0103759765625,-16.147539138793945,136.0,4.0,1.0,38.0,23.0,0.0,0.0,0.0,0.0,1.0,0.0,1.1200000047683716,-2.9000000953674316,1.0,54.0
58.11801528930664,9.999999747378752e-05,19.0,2.0,1.0,39.0,4.0,0.0,0.0,0.0,0.0,2.0,1.0,0.0,0.0,0.0,-116.10958099365234,0.16245615482330322,136.0,4.0,1.0,27.0,11.0,0.0,0.0,0.0,0.0,0.0,0.0,1.1200000047683716,1.3599992990493774,1.0,25.0
53.615665435791016,9.999999747378752e-05,19.0,2.0,1.0,60.0,10.0,0.0,0.0,0.0,0.0,2.0,1.0,0.0,0.0,0.0,-101.54954528808594,6.012447357177734,136.0,4.0,1.0,27.0,24.0,0.0,0.0,0.0,0.0,0.0,0.0,1.1200000047683716,-0.330000638961792,1.0,25.0
72.3015365600586,9.999999747378752e-05,19.0,2.0,1.0,60.0,23.0,0.0,0.0,0.0,0.0,2.0,1.0,-3.534957766532898,0.0,0.0,-87.8102035522461,-10.107561111450195,136.0,4.0,1.0,27.0,37.0,0.0,0.0,0.0,0.0,0.0,0.0,1.1200000047683716,-2.020000457763672,1.0,57.0
72.36534881591797,9.999999747378752e-05,19.0,2.0,1.0,60.0,36.0,0.0,0.0,0.0,0.0,2.0,1.0,-0.02087783720344305,0.0,0.0,-94.79120635986328,-10.107561111450195,136.0,4.0,1.0,354.0,13.0,0.0,0.0,0.0,0.0,0.0,0.0,0.5178127884864807,0.005439376924186945,1.0,37.0
72.46128845214844,9.999999747378752e-05,19.0,2.0,1.0,60.0,49.0,0.0,0.0,0.0,0.0,2.0,1.0,0.03405952267348766,0.0,0.0,-84.4110336303711,15.666278839111328,136.0,4.0,1.0,354.0,26.0,0.0,0.0,0.0,0.0,0.0,0.0,0.38213157653808594,1.4318256378173828,0.0,25.0
73.10203552246094,9.999999747378752e-05,19.0,2.0,1.0,14.0,1.0,0.0,0.0,1.0,0.0,2.0,1.0,0.3356679677963257,0.0,0.0,-79.50215148925781,26.720518112182617,136.0,4.0,1.0,354.0,39.0,0.0,0.0,0.0,0.0,0.0,0.0,0.2949538826942444,0.3780670166015625,0.0,25.0
68.59966278076172,9.999999747378752e-05,19.0,2.0,1.0,60.0,10.0,0.0,0.0,1.0,0.0,2.0,1.0,0.0,0.0,0.0,-78.30149841308594,22.743642807006836,136.0,4.0,1.0,354.0,52.0,0.0,0.0,0.0,0.0,0.0,0.0,0.4013700485229492,-1.1979713439941406,0.0,25.0
83.7982177734375,9.999999747378752e-05,19.0,2.0,1.0,60.0,23.0,0.0,0.0,1.0,0.0,2.0,1.0,-3.5349578857421875,0.0,0.0,-76.43059539794922,2.721989631652832,136.0,4.0,1.0,35.0,1.0,0.0,0.0,0.0,0.0,0.0,0.0,-0.0922454297542572,-1.5249403715133667,0.0,57.0
83.8620376586914,9.999999747378752e-05,19.0,2.0,1.0,60.0,36.0,0.0,0.0,1.0,0.0,2.0,1.0,-0.020877838134765625,0.0,0.0,-77.74443817138672,9.999999747378752e-05,136.0,4.0,1.0,43.0,10.0,0.0,0.0,0.0,0.0,2.0,1.0,0.0,0.0,0.0,55.0
83.95797729492188,9.999999747378752e-05,19.0,2.0,1.0,60.0,49.0,0.0,0.0,1.0,0.0,2.0,1.0,0.03405952453613281,0.0,0.0,-77.74443817138672,9.999999747378752e-05,136.0,4.0,1.0,43.0,23.0,0.0,0.0,0.0,0.0,2.0,1.0,0.0,0.0,0.0,55.0
84.03904724121094,9.999999747378752e-05,19.0,2.0,1.0,18.0,3.0,0.0,0.0,0.0,0.0,2.0,1.0,0.0,0.0,0.0,-77.74443817138672,9.999999747378752e-05,136.0,4.0,1.0,14.0,6.0,0.0,0.0,0.0,0.0,2.0,1.0,0.0,0.0,0.0,55.0
65.85902404785156,9.999999747378752e-05,19.0,2.0,0.0,20.0,9.0,0.0,0.0,0.0,0.0,2.0,1.0,-4.43999981880188,0.0,0.0,-77.74443817138672,9.999999747378752e-05,136.0,4.0,1.0,14.0,19.0,0.0,0.0,0.0,0.0,2.0,1.0,0.0,0.0,0.0,25.0
48.0497932434082,9.999999747378752e-05,19.0,2.0,0.0,50.0,12.0,0.0,0.0,0.0,0.0,2.0,1.0,-2.61153781414032,0.0,0.0,-77.74443817138672,9.999999747378752e-05,136.0,4.0,1.0,14.0,32.0,0.0,0.0,0.0,0.0,2.0,1.0,0.0,0.0,0.0,25.0
31.074806213378906,9.999999747378752e-05,19.0,2.0,0.0,50.0,25.0,0.0,0.0,0.0,0.0,2.0,1.0,-2.6115416288375854,0.0,0.0,-74.95772552490234,9.999999747378752e-05,136.0,4.0,1.0,15.0,14.0,0.0,0.0,0.0,0.0,2.0,1.0,0.6679301261901855,0.0,0.0,57.0
25.611896514892578,9.999999747378752e-05,19.0,2.0,0.0,50.0,38.0,0.0,0.0,0.0,0.0,2.0,1.0,-0.6928558051586151,0.0,0.0,-69.46077728271484,9.999999747378752e-05,136.0,4.0,1.0,16.0,25.0,0.0,0.0,0.0,0.0,2.0,1.0,0.9958594143390656,0.0,0.0,25.0
21.10954475402832,9.999999747378752e-05,19.0,2.0,1.0,60.0,10.0,0.0,0.0,0.0,0.0,2.0,1.0,0.0,0.0,0.0,-62.26948165893555,9.999999747378752e-05,136.0,4.0,1.0,16.0,2.0,0.0,0.0,0.0,0.0,2.0,1.0,1.1500927805900574,0.0,0.0,19.0
39.79542541503906,9.999999747378752e-05,19.0,2.0,1.0,60.0,23.0,0.0,0.0,0.0,0.0,2.0,1.0,-3.534957766532898,0.0,0.0,-54.73127746582031,9.999999747378752e-05,136.0,4.0,1.0,16.0,20.0,0.0,0.0,0.0,0.0,2.0,1.0,1.1633628010749817,0.0,0.0,25.0
39.859249114990234,9.999999747378752e-05,19.0,2.0,1.0,60.0,36.0,0.0,0.0,0.0,0.0,2.0,1.0,-0.02087783720344305,0.0,0.0,-47.16421127319336,9.999999747378752e-05,136.0,4.0,1.0,16.0,39.0,0.0,0.0,0.0,0.0,2.0,1.0,1.164466679096222,0.0,0.0,25.0
39.955204010009766,9.999999747378752e-05,19.0,2.0,1.0,60.0,49.0,0.0,0.0,0.0,0.0,2.0,1.0,0.03405952267348766,0.0,0.0,-39.59474182128906,9.999999747378752e-05,136.0,4.0,1.0,16.0,18.0,0.0,0.0,0.0,0.0,2.0,1.0,1.1645585894584656,0.0,0.0,25.0
40.595947265625,9.999999747378752e-05,19.0,2.0,1.0,14.0,1.0,0.0,0.0,1.0,0.0,2.0,1.0,0.3356679677963257,0.0,0.0,-32.02507400512695,9.999999747378752e-05,136.0,4.0,1.0,16.0,36.0,0.0,0.0,0.0,0.0,2.0,1.0,1.1645660996437073,0.0,0.0,19.0
45.098297119140625,9.999999747378752e-05,19.0,2.0,0.0,60.0,10.0,0.0,0.0,1.0,0.0,2.0,1.0,0.0,0.0,0.0,-24.455394744873047,9.999999747378752e-05,136.0,4.0,1.0,16.0,15.0,0.0,0.0,0.0,0.0,2.0,1.0,1.1645665764808655,0.0,0.0,19.0
26.412418365478516,9.999999747378752e-05,19.0,2.0,0.0,60.0,23.0,0.0,0.0,1.0,0.0,2.0,1.0,3.534957766532898,0.0,0.0,-16.88571548461914,9.999999747378752e-05,136.0,4.0,1.0,16.0,33.0,0.0,0.0,0.0,0.0,2.0,1.0,1.1645665764808655,0.0,0.0,25.0
26.34859848022461,9.999999747378752e-05,19.0,2.0,0.0,60.0,36.0,0.0,0.0,1.0,0.0,2.0,1.0,0.02087783720344305,0.0,0.0,-9.362886428833008,9.999999747378752e-05,136.0,4.0,1.0,16.0,12.0,0.0,0.0,0.0,0.0,2.0,1.0,1.1511810421943665,0.0,0.0,19.0
26.252649307250977,9.999999747378752e-05,19.0,2.0,0.0,60.0,49.0,0.0,0.0,1.0,0.0,2.0,1.0,-0.03405952267348766,0.0,0.0,-2.8140676021575928,9.999999747378752e-05,136.0,4.0,1.0,14.0,4.0,0.0,0.0,0.0,0.0,2.0,1.0,0.48440952599048615,0.0,0.0,57.0
26.17159080505371,9.999999747378752e-05,19.0,2.0,0.0,39.0,3.0,0.0,0.0,0.0,0.0,2.0,1.0,0.0,0.0,0.0,-2.567453384399414,9.999999747378752e-05,136.0,4.0,1.0,64.0,13.0,0.0,0.0,0.0,0.0,2.0,1.0,0.0,0.0,0.0,9.0
19.338590621948242,23.220094680786133,19.0,2.0,0.0,25.0,9.0,0.0,0.0,0.0,0.0,1.0,0.0,-0.7739999890327454,2.0599989891052246,0.0,-2.567453384399414,9.999999747378752e-05,136.0,4.0,1.0,64.0,26.0,0.0,0.0,0.0,0.0,2.0,1.0,0.0,0.0,0.0,9.0
9.330587387084961,47.66008758544922,19.0,2.0,0.0,27.0,13.0,0.0,0.0,0.0,0.0,0.0,0.0,-0.7739999890327454,1.0999993085861206,0.0,-2.567453384399414,9.999999747378752e-05,136.0,4.0,1.0,64.0,39.0,0.0,0.0,0.0,0.0,2.0,1.0,0.0,0.0,0.0,39.0
0.17858660221099854,50.13008117675781,19.0,2.0,0.0,69.0,13.0,0.0,0.0,0.0,0.0,0.0,0.0,-0.6440001130104065,-0.5900006294250488,0.0,-2.567453384399414,9.999999747378752e-05,136.0,4.0,1.0,14.0,3.0,0.0,0.0,0.0,0.0,2.0,1.0,0.0,0.0,0.0,42.0
-2.6774141788482666,29.130081176757812,19.0,2.0,0.0,69.0,19.0,0.0,1.0,0.0,0.0,0.0,0.0,-0.356000155210495,-3.5,0.0,-2.567453384399414,9.999999747378752e-05,152.0,4.0,0.0,91.0,1.0,0.0,1.0,98.0,0.0,1.0,0.0,1.1194505589173787e-07,5.898353099822998,0.0,53.0
-3.553415536880493,9.999999747378752e-05,19.0,2.0,0.0,74.0,4.0,0.0,0.0,0.0,0.0,2.0,1.0,0.0,0.0,0.0,-2.567450761795044,60.20767593383789,152.0,4.0,0.0,91.0,14.0,0.0,0.0,85.0,0.0,1.0,0.0,1.488443217567692e-07,3.5453516244888306,0.0,37.0
-3.553415536880493,9.999999747378752e-05,19.0,2.0,0.0,74.0,21.0,0.0,0.0,0.0,0.0,2.0,1.0,0.0,0.0,0.0,-2.5674476623535156,90.96621704101562,152.0,4.0,0.0,91.0,11.0,0.0,0.0,72.0,0.0,1.0,0.0,1.8574358762180054e-07,1.6723499298095703,0.0,37.0
-3.553415536880493,9.999999747378752e-05,19.0,2.0,0.0,178.0,-1.0,0.0,0.0,5.0,0.0,2.0,1.0,0.0,0.0,0.0,-2.5674445629119873,108.06574249267578,152.0,4.0,0.0,91.0,8.0,0.0,0.0,59.0,0.0,1.0,0.0,2.2264285348683188e-07,1.0093483924865723,0.0,37.0
-30.29954719543457,9.999999747378752e-05,19.0,2.0,0.0,233.0,13.0,0.0,0.0,0.0,0.0,2.0,1.0,-2.371005892753601,0.0,0.0,-2.567441463470459,116.5462417602539,152.0,4.0,0.0,91.0,5.0,0.0,0.0,46.0,0.0,1.0,0.0,1.9761507985549542e-07,0.3463468551635742,0.0,53.0
-37.2696533203125,9.999999747378752e-05,19.0,2.0,1.0,233.0,26.0,0.0,0.0,0.0,0.0,2.0,1.0,-0.2744903415441513,0.0,0.0,-2.5674386024475098,116.40770721435547,152.0,4.0,0.0,91.0,2.0,0.0,0.0,33.0,0.0,1.0,0.0,1.5710554635006702e-07,-0.31665468215942383,0.0,59.0
-37.50433349609375,9.999999747378752e-05,19.0,2.0,1.0,14.0,8.0,0.0,0.0,0.0,0.0,2.0,1.0,0.0,0.0,0.0,-2.5674357414245605,107.6501693725586,152.0,4.0,0.0,91.0,15.0,0.0,0.0,20.0,0.0,1.0,0.0,1.1659601284463861e-07,-0.9796559810638428,0.0,54.0
-37.50433349609375,9.999999747378752e-05,19.0,2.0,1.0,41.0,1.0,0.0,0.0,0.0,0.0,2.0,1.0,0.0,0.0,0.0,-2.5674357414245605,90.27362823486328,152.0,4.0,0.0,91.0,12.0,0.0,0.0,7.0,0.0,1.0,0.0,7.60864793392102e-08,-1.6426559686660767,0.0,54.0
-37.50433349609375,9.999999747378752e-05,19.0,2.0,1.0,39.0,4.0,0.0,0.0,0.0,0.0,2.0,1.0,0.0,0.0,0.0,-4.238685607910156,64.2780990600586,152.0,4.0,0.0,38.0,7.0,0.0,0.0,0.0,0.0,1.0,0.0,-0.4178124608467435,-2.3056559562683105,0.0,53.0
-11.943706512451172,9.999999747378752e-05,19.0,2.0,1.0,233.0,12.0,0.0,0.0,0.0,0.0,2.0,1.0,2.6171683073043823,0.0,0.0,-13.638374328613281,29.74986457824707,152.0,4.0,0.0,38.0,20.0,0.0,0.0,0.0,0.0,1.0,0.0,-0.7756250500679016,-2.9000000953674316,0.0,59.0
-3.9253311157226562,9.999999747378752e-05,19.0,2.0,0.0,233.0,25.0,0.0,0.0,0.0,0.0,2.0,1.0,0.36299894750118256,0.0,0.0,-18.26587677001953,9.999999747378752e-05,152.0,4.0,0.0,42.0,2.0,0.0,0.0,0.0,0.0,2.0,1.0,0.0,0.0,0.0,37.0
-3.55340576171875,9.999999747378752e-05,19.0,2.0,0.0,178.0,-1.0,0.0,0.0,6.0,0.0,2.0,1.0,0.0,0.0,0.0,-18.26587677001953,9.999999747378752e-05,152.0,4.0,1.0,18.0,11.0,0.0,0.0,0.0,0.0,2.0,1.0,0.0,0.0,0.0,57.0
-3.55340576171875,9.999999747378752e-05,19.0,2.0,0.0,235.0,13.0,0.0,0.0,7.0,0.0,2.0,1.0,0.0,0.0,0.0,-18.26587677001953,9.999999747378752e-05,152.0,4.0,1.0,14.0,13.0,0.0,0.0,0.0,0.0,2.0,1.0,0.0,0.0,0.0,37.0
-3.55340576171875,9.999999747378752e-05,19.0,2.0,0.0,235.0,26.0,0.0,0.0,7.0,0.0,2.0,1.0,0.0,0.0,0.0,-16.737642288208008,9.999999747378752e-05,152.0,4.0,1.0,44.0,1.0,0.0,0.0,0.0,0.0,2.0,1.0,0.0,0.0,0.0,42.0
-0.501578152179718,9.999999747378752e-05,21.0,2.0,0.0,178.0,-1.0,0.0,0.0,4.0,0.0,2.0,1.0,0.0,0.0,0.0,-16.737642288208008,9.999999747378752e-05,152.0,4.0,1.0,44.0,12.0,0.0,0.0,0.0,0.0,2.0,1.0,0.0,0.0,0.0,42.0
-0.501578152179718,9.999999747378752e-05,21.0,2.0,0.0,235.0,13.0,0.0,0.0,5.0,0.0,2.0,1.0,0.0,0.0,0.0,-16.737642288208008,9.999999747378752e-05,152.0,4.0,1.0,14.0,4.0,0.0,0.0,0.0,0.0,2.0,1.0,0.0,0.0,0.0,57.0
-0.501578152179718,9.999999747378752e-05,21.0,2.0,0.0,235.0,26.0,0.0,0.0,5.0,0.0,2.0,1.0,0.0,0.0,0.0,-16.737642288208008,9.999999747378752e-05,152.0,4.0,1.0,14.0,17.0,0.0,0.0,0.0,0.0,2.0,1.0,0.0,0.0,0.0,57.0
-0.501578152179718,9.999999747378752e-05,21.0,2.0,0.0,39.0,7.0,0.0,0.0,0.0,0.0,2.0,1.0,0.0,0.0,0.0,-16.737642288208008,9.999999747378752e-05,152.0,4.0,1.0,64.0,9.0,0.0,0.0,0.0,0.0,2.0,1.0,0.0,0.0,0.0,9.0
-4.208577632904053,14.200098037719727,38.0,2.0,0.0,89.0,1.0,0.0,5.0,40.0,0.0,1.0,0.0,2.132800340652466,2.132800340652466,0.0,-16.737642288208008,9.999999747378752e-05,152.0,4.0,1.0,64.0,19.0,0.0,5.0,0.0,0.0,2.0,1.0,0.0,0.0,0.0,40.0
13.363813400268555,25.922489166259766,38.0,2.0,0.0,89.0,10.0,0.0,0.0,31.0,0.0,1.0,0.0,1.8082380294799805,0.6382380723953247,0.0,-16.737642288208008,9.999999747378752e-05,152.0,4.0,1.0,64.0,28.0,0.0,0.0,0.0,0.0,2.0,1.0,0.0,0.0,0.0,9.0
33.5892219543457,19.10789680480957,38.0,2.0,0.0,89.0,23.0,0.0,0.0,18.0,0.0,1.0,0.0,1.339425802230835,-1.5205748081207275,0.0,-16.737642288208008,9.999999747378752e-05,152.0,4.0,1.0,64.0,41.0,0.0,0.0,0.0,0.0,2.0,1.0,0.0,0.0,0.0,40.0
47.67613220214844,0.00010001659393310547,38.0,2.0,0.0,191.0,2.0,0.0,0.0,6.0,0.0,2.0,1.0,0.8266761898994446,0.0,0.0,-16.737642288208008,9.999999747378752e-05,152.0,4.0,1.0,14.0,5.0,0.0,0.0,0.0,0.0,2.0,1.0,0.0,0.0,0.0,25.0
53.05691909790039,9.999999747378752e-05,38.0,2.0,0.0,191.0,15.0,0.0,0.0,6.0,0.0,1.0,0.0,0.10567623376846313,0.0,0.0,-16.737642288208008,9.999999747378752e-05,152.0,4.0,1.0,14.0,18.0,0.0,0.0,0.0,0.0,2.0,1.0,0.0,0.0,0.0,14.0
53.115272521972656,9.999999747378752e-05,38.0,2.0,0.0,195.0,2.0,0.0,0.0,6.0,0.0,2.0,1.0,0.0,0.0,0.0,-13.300213813781738,9.999999747378752e-05,152.0,4.0,1.0,16.0,14.0,0.0,0.0,0.0,0.0,2.0,1.0,0.7083366811275482,0.0,0.0,25.0
53.115272521972656,9.999999747378752e-05,38.0,2.0,0.0,195.0,15.0,0.0,0.0,6.0,0.0,2.0,1.0,0.0,0.0,0.0,-7.555924892425537,9.999999747378752e-05,152.0,4.0,1.0,16.0,27.0,0.0,0.0,0.0,0.0,2.0,1.0,1.0334481596946716,0.0,0.0,38.0
53.115272521972656,9.999999747378752e-05,38.0,2.0,0.0,195.0,28.0,0.0,0.0,6.0,0.0,2.0,1.0,0.0,0.0,0.0,-0.2713645100593567,9.999999747378752e-05,152.0,4.0,1.0,16.0,5.0,0.0,0.0,0.0,0.0,2.0,1.0,1.153660237789154,0.0,0.0,25.0
53.115272521972656,9.999999747378752e-05,38.0,2.0,0.0,195.0,41.0,0.0,0.0,6.0,0.0,2.0,1.0,0.0,0.0,0.0,7.274601936340332,9.999999747378752e-05,152.0,4.0,1.0,16.0,23.0,0.0,0.0,0.0,0.0,2.0,1.0,1.1636595129966736,0.0,0.0,25.0
53.115272521972656,9.999999747378752e-05,38.0,2.0,0.0,18.0,5.0,0.0,0.0,0.0,0.0,2.0,1.0,0.0,0.0,0.0,14.602283477783203,9.999999747378752e-05,152.0,4.0,1.0,14.0,2.0,0.0,0.0,0.0,0.0,2.0,1.0,0.8444562554359436,0.0,0.0,25.0
48.61292266845703,9.999999747378752e-05,38.0,2.0,1.0,60.0,10.0,0.0,0.0,0.0,0.0,2.0,1.0,0.0,0.0,0.0,15.513423919677734,9.999999747378752e-05,152.0,4.0,1.0,14.0,15.0,0.0,0.0,0.0,0.0,2.0,1.0,0.0,0.0,0.0,25.0
67.29879760742188,9.999999747378752e-05,38.0,2.0,1.0,60.0,23.0,0.0,0.0,0.0,0.0,2.0,1.0,-3.534957766532898,0.0,0.0,5.815950870513916,9.999999747378752e-05,152.0,4.0,1.0,349.0,12.0,0.0,0.0,0.0,0.0,2.0,1.0,0.0006332397169899195,0.0,0.0,55.0
67.36261749267578,9.999999747378752e-05,38.0,2.0,1.0,60.0,36.0,0.0,0.0,0.0,0.0,2.0,1.0,-0.02087783720344305,0.0,0.0,40.49372482299805,9.999999747378752e-05,152.0,4.0,1.0,349.0,25.0,0.0,0.0,0.0,0.0,2.0,1.0,5.474750280380249,0.0,0.0,55.0
61.27949905395508,8.714649200439453,44.0,2.0,0.0,90.0,4.0,0.0,0.0,42.0,0.0,1.0,0.0,-1.0125623941421509,2.726345658302307,0.0,49.571372985839844,9.999999747378752e-05,152.0,4.0,1.0,350.0,6.0,0.0,0.0,0.0,0.0,2.0,1.0,0.6062500178813934,0.0,0.0,37.0
49.55033874511719,27.913297653198242,44.0,2.0,0.0,90.0,17.0,0.0,0.0,29.0,0.0,1.0,0.0,-0.8076838850975037,0.4057953357696533,0.0,52.60260772705078,9.999999747378752e-05,152.0,4.0,1.0,350.0,19.0,0.0,0.0,0.0,0.0,2.0,1.0,0.0,0.0,0.0,57.0
40.484596252441406,20.304790496826172,44.0,2.0,0.0,90.0,30.0,0.0,0.0,16.0,0.0,1.0,0.0,-0.6028053760528564,-1.044755220413208,0.0,52.60260772705078,9.999999747378752e-05,152.0,4.0,1.0,18.0,7.0,0.0,0.0,0.0,0.0,2.0,1.0,0.0,0.0,0.0,25.0
34.082275390625,2.309121608734131,44.0,2.0,0.0,90.0,43.0,0.0,0.0,3.0,0.0,1.0,0.0,-0.39792707562446594,-1.6753056049346924,0.0,52.60260772705078,9.999999747378752e-05,152.0,4.0,0.0,14.0,9.0,0.0,0.0,0.0,0.0,2.0,1.0,0.0,0.0,0.0,25.0
32.42320251464844,9.999999747378752e-05,44.0,2.0,0.0,191.0,8.0,0.0,0.0,0.0,0.0,1.0,0.0,0.0,0.0,0.0,52.087547302246094,9.999999747378752e-05,152.0,4.0,0.0,15.0,2.0,0.0,0.0,0.0,0.0,2.0,1.0,-0.39827801287174225,0.0,0.0,25.0
32.42320251464844,9.999999747378752e-05,44.0,2.0,0.0,191.0,21.0,0.0,0.0,0.0,0.0,1.0,0.0,0.0,0.0,0.0,51.92926788330078,9.999999747378752e-05,152.0,4.0,0.0,14.0,13.0,0.0,0.0,0.0,0.0,2.0,1.0,0.0,0.0,0.0,25.0
32.42320251464844,9.999999747378752e-05,44.0,2.0,0.0,195.0,8.0,0.0,0.0,0.0,0.0,2.0,1.0,0.0,0.0,0.0,51.92926788330078,9.999999747378752e-05,152.0,4.0,0.0,64.0,11.0,0.0,0.0,0.0,0.0,2.0,1.0,0.0,0.0,0.0,15.0
32.42320251464844,9.999999747378752e-05,44.0,2.0,0.0,195.0,20.0,0.0,3.0,0.0,0.0,2.0,1.0,0.0,0.0,0.0,51.92926788330078,9.999999747378752e-05,157.0,4.0,0.0,88.0,1.0,0.0,3.0,52.0,0.0,1.0,0.0,2.854137420654297,2.756208658218384,0.0,25.0
32.42320251464844,9.999999747378752e-05,44.0,2.0,0.0,195.0,31.0,0.0,0.0,0.0,0.0,2.0,1.0,0.0,0.0,0.0,80.90348052978516,19.400177001953125,157.0,4.0,0.0,88.0,12.0,0.0,0.0,41.0,0.0,1.0,0.0,2.4505867958068848,0.9365054368972778,0.0,40.0
32.42320251464844,9.999999747378752e-05,44.0,2.0,0.0,195.0,44.0,0.0,0.0,0.0,0.0,2.0,1.0,0.0,0.0,0.0,109.42265319824219,16.830833435058594,157.0,4.0,0.0,88.0,25.0,0.0,0.0,28.0,0.0,1.0,0.0,1.9736634492874146,-0.9940531253814697,1.0,37.0
32.42320251464844,9.999999747378752e-05,44.0,2.0,0.0,178.0,-1.0,0.0,0.0,7.0,0.0,2.0,1.0,0.0,0.0,0.0,131.7418212890625,0.6842348575592041,157.0,4.0,0.0,88.0,29.0,0.0,0.0,15.0,0.0,1.0,0.0,1.496741533279419,-1.4546115398406982,1.0,40.0
32.42320251464844,9.999999747378752e-05,44.0,2.0,0.0,180.0,12.0,0.0,0.0,20.0,0.0,2.0,1.0,0.0,0.0,0.0,147.8610076904297,-21.449623107910156,157.0,4.0,0.0,88.0,29.0,0.0,0.0,2.0,0.0,1.0,0.0,1.0198196172714233,-1.9151700139045715,1.0,40.0
32.42320251464844,9.999999747378752e-05,44.0,2.0,0.0,180.0,0.0,0.0,0.0,9.0,0.0,2.0,1.0,0.0,0.0,0.0,154.54925537109375,-14.776185035705566,157.0,4.0,0.0,354.0,12.0,0.0,0.0,0.0,0.0,0.0,0.0,0.026152372360229492,0.5268240687437356,1.0,37.0
32.42320251464844,9.999999747378752e-05,44.0,2.0,0.0,180.0,13.0,0.0,0.0,22.0,0.0,2.0,1.0,0.0,0.0,0.0,143.53958129882812,13.16287899017334,157.0,4.0,0.0,354.0,25.0,0.0,0.0,0.0,0.0,0.0,0.0,-1.2584718838334084,1.5836419835686684,1.0,25.0
32.42320251464844,9.999999747378752e-05,44.0,2.0,1.0,18.0,11.0,0.0,0.0,0.0,0.0,2.0,1.0,0.0,0.0,0.0,126.18726348876953,25.29916000366211,157.0,4.0,0.0,354.0,38.0,0.0,0.0,0.0,0.0,0.0,0.0,-1.3449444770812988,0.4530906677246094,1.0,25.0
27.92085075378418,9.999999747378752e-05,44.0,2.0,1.0,60.0,10.0,0.0,0.0,0.0,0.0,2.0,1.0,0.0,0.0,0.0,108.67120361328125,22.89832305908203,157.0,4.0,0.0,354.0,51.0,0.0,0.0,0.0,0.0,0.0,0.0,-1.346590518951416,-1.0524330139160156,1.0,37.0
46.606727600097656,9.999999747378752e-05,44.0,2.0,1.0,60.0,23.0,0.0,0.0,0.0,0.0,2.0,1.0,-3.534957766532898,0.0,0.0,91.26568603515625,3.203639030456543,157.0,4.0,0.0,354.0,64.0,0.0,0.0,0.0,0.0,0.0,0.0,-1.3293795585632324,-1.3949403762817383,1.0,25.0
46.67055130004883,9.999999747378752e-05,44.0,2.0,1.0,60.0,36.0,0.0,0.0,0.0,0.0,2.0,1.0,-0.02087783720344305,0.0,0.0,88.70469665527344,-23.01287269592285,157.0,4.0,0.0,252.0,6.0,0.0,0.0,0.0,0.0,1.0,0.0,0.0,0.0,1.0,37.0
46.76650619506836,9.999999747378752e-05,44.0,2.0,1.0,60.0,49.0,0.0,0.0,0.0,0.0,2.0,1.0,0.03405952267348766,0.0,0.0,87.966064453125,-21.27141761779785,157.0,4.0,0.0,258.0,9.0,0.0,0.0,0.0,0.0,1.0,0.0,0.0,0.0,1.0,57.0
46.84756851196289,9.999999747378752e-05,44.0,2.0,1.0,39.0,3.0,0.0,0.0,0.0,0.0,2.0,1.0,0.0,0.0,0.0,87.50569915771484,0.9700000286102295,157.0,4.0,0.0,258.0,22.0,0.0,0.0,0.0,0.0,1.0,0.0,0.0,0.0,1.0,57.0
46.84756851196289,9.999999747378752e-05,44.0,2.0,1.0,41.0,1.0,0.0,0.0,0.0,0.0,2.0,1.0,0.0,0.0,0.0,87.50569915771484,0.0,157.0,4.0,0.0,258.0,35.0,0.0,0.0,0.0,0.0,1.0,0.0,0.0,0.0,1.0,57.0
46.547569274902344,9.999999747378752e-05,44.0,2.0,1.0,39.0,4.0,0.0,0.0,0.0,0.0,2.0,1.0,0.0,0.0,0.0,51.74668502807617,9.999999747378752e-05,157.0,4.0,0.0,258.0,48.0,0.0,0.0,0.0,0.0,2.0,1.0,-2.9140318632125854,0.0,0.0,57.0
