-99.75853729248047,-142.6617431640625,0.0,0.0,1.0,0.0,-1.0,0.0,0.0,0.0,0.0,1.0,0.0,0.0,0.0,1.0,-80.8189926147461,34.72007369995117,44.0,4.0,1.0,25.0,88.0,0.0,0.0,0.0,0.0,1.0,0.0,-1.0014997720718384,-0.930000901222229,0.0,43.0
-99.75853729248047,-142.6617431640625,0.0,0.0,1.0,0.0,-1.0,0.0,0.0,0.0,0.0,1.0,0.0,0.0,0.0,1.0,-80.8189926147461,34.72007369995117,44.0,4.0,1.0,25.0,101.0,0.0,0.0,0.0,0.0,1.0,0.0,-1.0014997720718384,-0.930000901222229,0.0,43.0
-99.75853729248047,-142.6617431640625,0.0,0.0,1.0,0.0,-1.0,0.0,0.0,0.0,0.0,1.0,0.0,0.0,0.0,1.0,-80.8189926147461,34.72007369995117,44.0,4.0,1.0,25.0,114.0,0.0,0.0,0.0,0.0,1.0,0.0,-1.0014997720718384,-0.930000901222229,0.0,43.0
-99.75853729248047,-142.6617431640625,0.0,0.0,1.0,0.0,-1.0,0.0,0.0,0.0,0.0,1.0,0.0,0.0,0.0,1.0,-80.8189926147461,34.72007369995117,44.0,4.0,1.0,25.0,127.0,0.0,0.0,0.0,0.0,1.0,0.0,-1.0014997720718384,-0.930000901222229,0.0,43.0
-99.75853729248047,-142.6617431640625,0.0,0.0,1.0,0.0,-1.0,0.0,0.0,0.0,0.0,1.0,0.0,0.0,0.0,1.0,-80.8189926147461,34.72007369995117,44.0,4.0,1.0,25.0,140.0,0.0,0.0,0.0,0.0,1.0,0.0,-1.0014997720718384,-0.930000901222229,0.0,43.0
-60.0,10.1098051071167,0.0,4.0,1.0,323.0,2.0,0.0,0.0,0.0,0.0,1.0,0.0,0.0,0.0,0.0,60.0,10.0,0.0,4.0,0.0,322.0,-1.0,0.0,0.0,0.0,0.0,1.0,0.0,0.0,0.0,0.0,20.0
-60.0,10.823539733886719,0.0,4.0,1.0,323.0,15.0,0.0,0.0,0.0,0.0,1.0,0.0,0.0,0.0,0.0,60.0,10.549026489257812,0.0,4.0,0.0,323.0,10.0,0.0,0.0,0.0,0.0,1.0,0.0,0.0,0.0,0.0,20.0
-60.0,11.537274360656738,0.0,4.0,1.0,323.0,28.0,0.0,0.0,0.0,0.0,1.0,0.0,0.0,0.0,0.0,60.0,11.262761116027832,0.0,4.0,0.0,323.0,23.0,0.0,0.0,0.0,0.0,1.0,0.0,0.0,0.0,0.0,43.0
-60.0,11.043149948120117,0.0,4.0,1.0,324.0,-1.0,0.0,0.0,0.0,0.0,1.0,0.0,0.0,0.0,0.0,60.0,11.317663192749023,0.0,4.0,0.0,324.0,-1.0,0.0,0.0,0.0,0.0,1.0,0.0,0.0,0.0,0.0,43.0
-60.0,10.329416275024414,0.0,4.0,1.0,324.0,-1.0,0.0,0.0,0.0,0.0,1.0,0.0,0.0,0.0,0.0,60.0,10.60392951965332,0.0,4.0,0.0,324.0,-1.0,0.0,0.0,0.0,0.0,1.0,0.0,0.0,0.0,0.0,20.0
-60.0,5.374902725219727,0.0,4.0,1.0,29.0,8.0,0.0,0.0,0.0,0.0,1.0,0.0,0.0,-1.0399999618530273,0.0,60.0,9.274901390075684,0.0,4.0,0.0,29.0,3.0,0.0,0.0,0.0,0.0,1.0,0.0,0.0,-0.38999998569488525,0.0,20.0
-60.0,9.999999747378752e-05,0.0,4.0,1.0,42.0,8.0,0.0,0.0,0.0,0.0,2.0,1.0,0.0,0.0,0.0,60.0,9.999999747378752e-05,0.0,4.0,0.0,42.0,3.0,0.0,0.0,0.0,0.0,2.0,1.0,0.0,0.0,0.0,60.0
-59.625,9.999999747378752e-05,0.0,4.0,1.0,41.0,1.0,0.0,0.0,0.0,0.0,2.0,1.0,0.0,0.0,0.0,60.0,9.999999747378752e-05,0.0,4.0,0.0,42.0,16.0,0.0,0.0,0.0,0.0,2.0,1.0,0.0,0.0,0.0,60.0
-59.25,9.999999747378752e-05,0.0,4.0,1.0,41.0,1.0,0.0,0.0,0.0,0.0,2.0,1.0,0.0,0.0,0.0,46.340003967285156,9.999999747378752e-05,0.0,4.0,0.0,20.0,7.0,0.0,0.0,0.0,0.0,2.0,1.0,-4.599999666213989,0.0,0.0,60.0
-58.875,9.999999747378752e-05,0.0,4.0,1.0,41.0,1.0,0.0,0.0,0.0,0.0,2.0,1.0,0.0,0.0,0.0,37.95656967163086,9.999999747378752e-05,0.0,4.0,1.0,20.0,5.0,0.0,0.0,0.0,0.0,2.0,1.0,4.437187433242798,0.0,0.0,21.0
-58.875,9.999999747378752e-05,0.0,4.0,1.0,64.0,13.0,0.0,0.0,0.0,0.0,2.0,1.0,0.0,0.0,0.0,55.43657302856445,9.999999747378752e-05,0.0,4.0,0.0,20.0,3.0,0.0,0.0,0.0,0.0,2.0,1.0,-3.769999384880066,0.0,0.0,60.0
-58.875,9.999999747378752e-05,0.0,4.0,1.0,64.0,26.0,0.0,0.0,0.0,0.0,2.0,1.0,0.0,0.0,0.0,42.34939193725586,9.999999747378752e-05,0.0,4.0,1.0,20.0,4.0,0.0,0.0,0.0,0.0,2.0,1.0,4.041874885559082,0.0,0.0,21.0
-58.875,9.999999747378752e-05,0.0,4.0,1.0,64.0,39.0,0.0,0.0,0.0,0.0,2.0,1.0,0.0,0.0,0.0,33.155025482177734,9.999999747378752e-05,0.0,4.0,0.0,20.0,9.0,0.0,0.0,0.0,0.0,2.0,1.0,-4.599999666213989,0.0,0.0,60.0
-58.875,9.999999747378752e-05,0.0,4.0,1.0,41.0,1.0,0.0,0.0,0.0,0.0,2.0,1.0,0.0,0.0,0.0,7.417453765869141,6.723569869995117,0.0,4.0,0.0,236.0,2.0,0.0,0.0,0.0,0.0,1.0,0.0,-1.7277984619140625,-1.8220407962799072,0.0,21.0
-58.875,9.999999747378752e-05,0.0,4.0,1.0,64.0,13.0,0.0,0.0,0.0,0.0,2.0,1.0,0.0,0.0,0.0,-3.9576878547668457,9.999999747378752e-05,0.0,4.0,0.0,43.0,16.0,0.0,0.0,0.0,0.0,2.0,1.0,-0.6875209510326385,0.0,0.0,60.0
-58.875,9.999999747378752e-05,0.0,4.0,1.0,64.0,26.0,0.0,0.0,0.0,0.0,2.0,1.0,0.0,0.0,0.0,-4.7489800453186035,9.999999747378752e-05,0.0,4.0,0.0,15.0,1.0,0.0,0.0,0.0,0.0,2.0,1.0,-0.4324999898672104,0.0,0.0,53.0
-58.875,9.999999747378752e-05,0.0,4.0,1.0,64.0,39.0,0.0,0.0,0.0,0.0,2.0,1.0,0.0,0.0,0.0,-29.550853729248047,14.200098037719727,0.0,4.0,0.0,25.0,5.0,0.0,0.0,0.0,0.0,1.0,0.0,-2.059999942779541,2.5799994468688965,0.0,43.0
-58.875,9.999999747378752e-05,0.0,4.0,1.0,178.0,-1.0,0.0,0.0,7.0,0.0,2.0,1.0,0.0,0.0,0.0,-55.19685745239258,35.91008758544922,0.0,4.0,0.0,66.0,7.0,0.0,0.0,0.0,0.0,1.0,0.0,-1.8055001497268677,0.8899990320205688,0.0,21.0
-58.875,9.999999747378752e-05,0.0,4.0,1.0,235.0,12.0,0.0,0.0,9.0,0.0,2.0,1.0,0.0,0.0,0.0,-73.60685729980469,20.850078582763672,0.0,4.0,0.0,66.0,20.0,0.0,0.0,0.0,0.0,1.0,0.0,-1.1880004405975342,-3.5,0.0,21.0
-58.875,9.999999747378752e-05,0.0,4.0,1.0,235.0,25.0,0.0,0.0,9.0,0.0,2.0,1.0,0.0,0.0,0.0,-85.5656967163086,9.999999747378752e-05,0.0,4.0,0.0,245.0,1.0,0.0,0.0,0.0,0.0,2.0,1.0,0.0,0.0,0.0,53.0
-58.875,9.999999747378752e-05,0.0,4.0,1.0,178.0,-1.0,0.0,0.0,5.0,0.0,2.0,1.0,0.0,0.0,0.0,-79.5743179321289,16.810096740722656,0.0,4.0,0.0,28.0,2.0,0.0,0.0,0.0,0.0,0.0,0.0,0.9832499623298645,2.5299997329711914,0.0,43.0
-32.12887191772461,9.999999747378752e-05,0.0,4.0,1.0,233.0,13.0,0.0,0.0,0.0,0.0,2.0,1.0,2.371005892753601,0.0,0.0,-66.4495620727539,37.87009048461914,0.0,4.0,0.0,28.0,15.0,0.0,0.0,0.0,0.0,0.0,0.0,0.8965000510215759,0.8399993181228638,0.0,43.0
-25.158754348754883,9.999999747378752e-05,0.0,4.0,0.0,233.0,26.0,0.0,0.0,0.0,0.0,2.0,1.0,0.2744903415441513,0.0,0.0,-59.158565521240234,36.960079193115234,0.0,4.0,0.0,28.0,28.0,0.0,0.0,0.0,0.0,0.0,0.0,0.45500001311302185,-0.8500006198883057,0.0,43.0
-24.924074172973633,9.999999747378752e-05,0.0,4.0,0.0,178.0,-1.0,0.0,0.0,7.0,0.0,2.0,1.0,0.0,0.0,0.0,-48.23855972290039,14.080074310302734,0.0,4.0,0.0,68.0,5.0,0.0,0.0,0.0,0.0,0.0,0.0,1.096000075340271,-2.5400009155273438,0.0,43.0
-24.924074172973633,9.999999747378752e-05,0.0,4.0,0.0,180.0,12.0,0.0,0.0,20.0,0.0,2.0,1.0,0.0,0.0,0.0,-37.90055465698242,9.999999747378752e-05,0.0,4.0,0.0,14.0,1.0,0.0,0.0,0.0,0.0,2.0,1.0,0.6320005357265472,0.0,0.0,20.0
-31.7570743560791,23.220094680786133,0.0,4.0,0.0,25.0,9.0,0.0,0.0,0.0,0.0,1.0,0.0,-0.7739999890327454,2.0599989891052246,0.0,-57.49766159057617,9.999999747378752e-05,0.0,4.0,0.0,20.0,10.0,0.0,0.0,0.0,0.0,2.0,1.0,-4.382499933242798,0.0,0.0,20.0
-41.9390754699707,38.170082092285156,0.0,4.0,0.0,66.0,13.0,0.0,0.0,0.0,0.0,1.0,0.0,-0.7739999890327454,0.3699990510940552,0.0,-53.61125183105469,9.999999747378752e-05,0.0,4.0,1.0,24.0,4.0,0.0,0.0,0.0,0.0,2.0,1.0,2.907812476158142,0.0,0.0,20.0
-52.12107849121094,31.150068283081055,0.0,4.0,0.0,66.0,26.0,0.0,0.0,0.0,0.0,1.0,0.0,-0.7739999890327454,-1.3200008869171143,0.0,-48.681602478027344,25.840097427368164,0.0,4.0,1.0,27.0,8.0,0.0,0.0,0.0,0.0,0.0,0.0,-0.18199999630451202,1.7499992847442627,0.0,43.0
-56.43708038330078,13.420061111450195,0.0,4.0,0.0,66.0,35.0,0.0,0.0,0.0,0.0,1.0,0.0,-0.2839999794960022,-2.4900012016296387,0.0,-41.5518798828125,30.477066040039062,6.0,4.0,0.0,85.0,9.0,0.0,0.0,12.0,0.0,0.0,0.0,0.7971283197402954,-0.20685428380966187,0.0,43.0
-56.881080627441406,9.999999747378752e-05,0.0,4.0,0.0,178.0,-1.0,0.0,0.0,3.0,0.0,2.0,1.0,0.0,0.0,0.0,-34.54460525512695,12.604594230651855,6.0,4.0,0.0,85.0,22.0,0.0,0.0,0.0,0.0,0.0,0.0,0.23628585785627365,-2.3759069442749023,0.0,43.0
-37.090797424316406,9.999999747378752e-05,0.0,4.0,0.0,234.0,13.0,0.0,0.0,0.0,0.0,2.0,1.0,2.9471930265426636,0.0,0.0,-34.96255111694336,9.999999747378752e-05,6.0,4.0,0.0,178.0,-1.0,0.0,0.0,3.0,0.0,2.0,1.0,0.0,0.0,0.0,53.0
-24.18796157836914,9.999999747378752e-05,0.0,4.0,0.0,234.0,26.0,0.0,0.0,0.0,0.0,2.0,1.0,1.0869597792625427,0.0,0.0,-35.56254959106445,9.999999747378752e-05,6.0,4.0,0.0,179.0,-1.0,0.0,0.0,16.0,0.0,2.0,1.0,0.0,0.0,0.0,53.0
-23.018230438232422,9.999999747378752e-05,0.0,4.0,0.0,178.0,-1.0,0.0,0.0,7.0,0.0,2.0,1.0,0.0,0.0,0.0,-35.56254959106445,14.200098037719727,6.0,4.0,0.0,25.0,5.0,0.0,0.0,0.0,0.0,1.0,0.0,0.0,2.5799994468688965,0.0,20.0
-29.067232131958008,21.16009521484375,0.0,4.0,0.0,25.0,8.0,0.0,0.0,0.0,0.0,1.0,0.0,-0.7739999890327454,2.1899991035461426,0.0,-35.01755142211914,35.91008758544922,6.0,4.0,0.0,25.0,18.0,0.0,0.0,0.0,0.0,1.0,0.0,0.2254999876022339,0.8899990320205688,0.0,20.0
-39.24923324584961,37.800079345703125,0.0,4.0,0.0,66.0,13.0,0.0,0.0,0.0,0.0,1.0,0.0,-0.7739999890327454,0.4999990463256836,0.0,-26.80755043029785,35.65007400512695,6.0,4.0,0.0,25.0,31.0,0.0,0.0,0.0,0.0,1.0,0.0,0.9000000357627869,-0.8000009059906006,0.0,20.0
-49.431236267089844,32.47006607055664,0.0,4.0,0.0,66.0,26.0,0.0,0.0,0.0,0.0,1.0,0.0,-0.7739999890327454,-1.1900008916854858,0.0,-19.512046813964844,13.420061111450195,6.0,4.0,0.0,29.0,1.0,0.0,0.0,0.0,0.0,1.0,0.0,0.20750008523464203,-2.4900012016296387,0.0,20.0
-59.61323928833008,5.170053005218506,0.0,4.0,0.0,66.0,39.0,0.0,0.0,0.0,0.0,1.0,0.0,-0.7739999890327454,-2.8800015449523926,0.0,-19.55954360961914,9.999999747378752e-05,6.0,4.0,0.0,40.0,4.0,0.0,0.0,0.0,0.0,2.0,1.0,0.0,0.0,0.0,20.0
-67.94159698486328,9.999999747378752e-05,0.0,4.0,0.0,14.0,1.0,0.0,0.0,0.0,0.0,2.0,1.0,-0.9903679490089417,0.0,0.0,-19.55954360961914,9.999999747378752e-05,6.0,4.0,0.0,14.0,3.0,0.0,0.0,0.0,0.0,2.0,1.0,0.0,0.0,0.0,21.0
-69.23269653320312,9.999999747378752e-05,0.0,4.0,0.0,64.0,13.0,0.0,0.0,0.0,0.0,2.0,1.0,0.0,0.0,0.0,-20.711545944213867,18.970096588134766,6.0,4.0,0.0,25.0,7.0,0.0,0.0,0.0,0.0,1.0,0.0,-0.3400000035762787,2.3199992179870605,0.0,43.0
-69.23269653320312,9.999999747378752e-05,0.0,4.0,0.0,64.0,14.0,0.0,0.0,0.0,0.0,2.0,1.0,0.0,0.0,0.0,-30.538545608520508,37.30008316040039,6.0,4.0,0.0,25.0,20.0,0.0,0.0,0.0,0.0,1.0,0.0,-1.1060000658035278,0.629999041557312,0.0,43.0
-69.23269653320312,9.999999747378752e-05,0.0,4.0,0.0,64.0,27.0,0.0,0.0,0.0,0.0,2.0,1.0,0.0,0.0,0.0,-44.90653610229492,33.660072326660156,6.0,4.0,0.0,25.0,33.0,0.0,0.0,0.0,0.0,1.0,0.0,-1.096000075340271,-1.0600008964538574,0.0,43.0
-69.23269653320312,9.999999747378752e-05,0.0,4.0,0.0,64.0,40.0,0.0,0.0,0.0,0.0,2.0,1.0,0.0,0.0,0.0,-57.68804168701172,-1.5899333953857422,6.0,4.0,0.0,29.0,3.0,0.0,0.0,0.0,0.0,1.0,0.0,-0.8875002264976501,-3.5,0.0,43.0
-69.23269653320312,9.999999747378752e-05,0.0,4.0,0.0,180.0,0.0,0.0,0.0,8.0,0.0,2.0,1.0,0.0,0.0,0.0,-62.14303970336914,9.999999747378752e-05,6.0,4.0,0.0,24.0,1.0,0.0,0.0,0.0,0.0,2.0,1.0,0.0,0.0,0.0,21.0
-69.23269653320312,9.999999747378752e-05,0.0,4.0,0.0,235.0,13.0,0.0,0.0,9.0,0.0,2.0,1.0,0.0,0.0,0.0,-62.14303970336914,25.15009307861328,6.0,4.0,0.0,25.0,10.0,0.0,0.0,0.0,0.0,1.0,0.0,0.0,1.9299989938735962,0.0,20.0
-69.23269653320312,9.999999747378752e-05,0.0,4.0,0.0,235.0,26.0,0.0,0.0,9.0,0.0,2.0,1.0,0.0,0.0,0.0,-60.66404342651367,38.41007995605469,6.0,4.0,0.0,25.0,23.0,0.0,0.0,0.0,0.0,1.0,0.0,0.3889999985694885,0.23999905586242676,0.0,21.0
-69.23269653320312,9.999999747378752e-05,0.0,4.0,0.0,39.0,7.0,0.0,0.0,0.0,0.0,2.0,1.0,0.0,0.0,0.0,-55.69804382324219,29.7000675201416,6.0,4.0,0.0,29.0,1.0,0.0,0.0,0.0,0.0,1.0,0.0,0.322000116109848,-1.4500008821487427,0.0,43.0
-73.73506927490234,9.999999747378752e-05,0.0,4.0,1.0,60.0,10.0,0.0,0.0,0.0,0.0,2.0,1.0,0.0,0.0,0.0,-50.66103744506836,9.999999747378752e-05,6.0,4.0,0.0,42.0,2.0,0.0,0.0,0.0,0.0,2.0,1.0,0.6800003945827484,0.0,0.0,60.0
-59.710906982421875,9.999999747378752e-05,0.0,4.0,1.0,60.0,19.0,0.0,5.0,0.0,0.0,2.0,1.0,12.071132183074951,0.0,0.0,-50.10103988647461,9.999999747378752e-05,26.0,4.0,0.0,88.0,1.0,0.0,5.0,32.0,0.0,1.0,0.0,1.765457272529602,1.7048823833465576,0.0,21.0
-54.98935317993164,9.999999747378752e-05,0.0,4.0,1.0,60.0,28.0,0.0,0.0,0.0,0.0,2.0,1.0,0.24286650866270065,0.0,0.0,-35.86280822753906,7.899801254272461,26.0,4.0,0.0,88.0,10.0,0.0,0.0,23.0,0.0,1.0,0.0,1.4352805614471436,0.21603429317474365,0.0,43.0
-54.99067306518555,9.999999747378752e-05,0.0,4.0,1.0,60.0,41.0,0.0,0.0,0.0,0.0,2.0,1.0,0.011215209495276213,0.0,0.0,-20.542613983154297,-4.345663070678711,26.0,4.0,0.0,88.0,23.0,0.0,0.0,10.0,0.0,1.0,0.0,0.9583585262298584,-1.9345247745513916,0.0,21.0
-54.84637451171875,9.999999747378752e-05,0.0,4.0,1.0,60.0,54.0,0.0,0.0,0.0,0.0,2.0,1.0,0.002368927001953125,0.0,0.0,-14.28111457824707,9.999999747378752e-05,26.0,4.0,0.0,199.0,12.0,0.0,0.0,8.0,0.0,2.0,1.0,0.0049859280698001385,0.0,0.0,53.0
-54.80836868286133,9.999999747378752e-05,0.0,4.0,1.0,178.0,-1.0,0.0,0.0,7.0,0.0,2.0,1.0,0.0,0.0,0.0,-14.28111457824707,9.999999747378752e-05,26.0,4.0,0.0,199.0,25.0,0.0,0.0,8.0,0.0,2.0,1.0,0.0,0.0,0.0,60.0
-54.80836868286133,9.999999747378752e-05,0.0,4.0,1.0,235.0,12.0,0.0,0.0,9.0,0.0,2.0,1.0,0.0,0.0,0.0,-36.50249099731445,14.200098037719727,26.0,4.0,0.0,25.0,5.0,0.0,0.0,0.0,0.0,1.0,0.0,-1.988999843597412,2.5799994468688965,0.0,43.0
-54.80836868286133,9.999999747378752e-05,0.0,4.0,1.0,235.0,25.0,0.0,0.0,9.0,0.0,2.0,1.0,0.0,0.0,0.0,-58.09999084472656,35.91008758544922,26.0,4.0,0.0,66.0,11.0,0.0,0.0,0.0,0.0,1.0,0.0,-1.5199998617172241,0.8899990320205688,0.0,43.0
-54.80836868286133,9.999999747378752e-05,0.0,4.0,1.0,178.0,-1.0,0.0,0.0,5.0,0.0,2.0,1.0,0.0,0.0,0.0,-75.88398742675781,35.65007400512695,26.0,4.0,0.0,66.0,24.0,0.0,0.0,0.0,0.0,1.0,0.0,-1.3014999628067017,-0.8000009059906006,0.0,21.0
-54.80836868286133,9.999999747378752e-05,0.0,4.0,1.0,235.0,13.0,0.0,0.0,6.0,0.0,2.0,1.0,0.0,0.0,0.0,-91.6714859008789,13.420061111450195,26.0,4.0,0.0,66.0,37.0,0.0,0.0,0.0,0.0,1.0,0.0,-1.0515000820159912,-2.4900012016296387,1.0,25.0
-54.80836868286133,9.999999747378752e-05,0.0,4.0,1.0,235.0,26.0,0.0,0.0,6.0,0.0,2.0,1.0,0.0,0.0,0.0,-85.66446685791016,21.530052185058594,26.0,4.0,0.0,28.0,9.0,0.0,0.0,0.0,0.0,0.0,0.0,1.1060000658035278,1.6199992895126343,1.0,43.0
-54.80836868286133,9.999999747378752e-05,0.0,4.0,1.0,178.0,-1.0,0.0,0.0,6.0,0.0,2.0,1.0,0.0,0.0,0.0,-71.28643035888672,30.76004409790039,26.0,4.0,0.0,28.0,22.0,0.0,0.0,0.0,0.0,0.0,0.0,1.1060000658035278,-0.07000064849853516,0.0,43.0
-28.062232971191406,9.999999747378752e-05,0.0,4.0,1.0,233.0,13.0,0.0,0.0,0.0,0.0,2.0,1.0,2.371005892753601,0.0,0.0,-56.918418884277344,18.020036697387695,26.0,4.0,0.0,66.0,12.0,0.0,0.0,0.0,0.0,0.0,0.0,1.096000075340271,-1.7600005865097046,0.0,43.0
-21.09211540222168,9.999999747378752e-05,0.0,4.0,0.0,233.0,26.0,0.0,0.0,0.0,0.0,2.0,1.0,0.2744903415441513,0.0,0.0,-46.580413818359375,9.999999747378752e-05,26.0,4.0,0.0,71.0,24.0,0.0,0.0,0.0,0.0,2.0,1.0,0.6320005357265472,0.0,0.0,21.0
-20.85743522644043,9.999999747378752e-05,0.0,4.0,0.0,41.0,1.0,0.0,0.0,0.0,0.0,2.0,1.0,0.0,0.0,0.0,-46.11241149902344,1.9000999927520752,26.0,4.0,0.0,25.0,1.0,0.0,0.0,0.0,0.0,1.0,0.0,0.0,1.899999976158142,0.0,25.0
-25.359785079956055,9.999999747378752e-05,0.0,4.0,1.0,60.0,10.0,0.0,0.0,0.0,0.0,2.0,1.0,0.0,0.0,0.0,-46.11241149902344,27.57009506225586,26.0,4.0,0.0,27.0,10.0,0.0,0.0,0.0,0.0,0.0,0.0,0.0,1.4899992942810059,0.0,43.0
-6.673903465270996,9.999999747378752e-05,0.0,4.0,1.0,60.0,23.0,0.0,0.0,0.0,0.0,2.0,1.0,-3.534957766532898,0.0,0.0,-42.404911041259766,35.110084533691406,26.0,4.0,0.0,69.0,5.0,0.0,0.0,0.0,0.0,0.0,0.0,0.6344999670982361,-0.20000064373016357,0.0,43.0
-6.610081672668457,9.999999747378752e-05,0.0,4.0,1.0,60.0,36.0,0.0,0.0,0.0,0.0,2.0,1.0,-0.02087783720344305,0.0,0.0,-29.72141456604004,19.07007598876953,26.0,4.0,0.0,69.0,18.0,0.0,0.0,0.0,0.0,0.0,0.0,1.0760000944137573,-3.5,0.0,43.0
-6.514126777648926,9.999999747378752e-05,0.0,4.0,1.0,60.0,49.0,0.0,0.0,0.0,0.0,2.0,1.0,0.03405952267348766,0.0,0.0,-18.593408584594727,9.999999747378752e-05,26.0,4.0,0.0,74.0,16.0,0.0,0.0,0.0,0.0,2.0,1.0,0.8920004963874817,0.0,0.0,53.0
-6.433061599731445,9.999999747378752e-05,0.0,4.0,1.0,178.0,-1.0,0.0,0.0,2.0,0.0,2.0,1.0,0.0,0.0,0.0,-31.272029876708984,9.999999747378752e-05,26.0,4.0,0.0,20.0,7.0,0.0,0.0,0.0,0.0,2.0,1.0,-4.542499780654907,0.0,0.0,60.0
-6.433061599731445,9.999999747378752e-05,0.0,4.0,1.0,235.0,13.0,0.0,0.0,3.0,0.0,2.0,1.0,0.0,0.0,0.0,-53.59109878540039,9.999999747378752e-05,26.0,4.0,1.0,20.0,1.0,0.0,0.0,0.0,0.0,2.0,1.0,1.3640623986721039,0.0,0.0,53.0
-6.433061599731445,9.999999747378752e-05,0.0,4.0,1.0,235.0,26.0,0.0,0.0,3.0,0.0,2.0,1.0,0.0,0.0,0.0,-29.588457107543945,5.310100078582764,26.0,4.0,1.0,25.0,3.0,0.0,0.0,0.0,0.0,1.0,0.0,1.2034374475479126,1.6399999856948853,0.0,25.0
-3.342928409576416,9.999999747378752e-05,0.0,4.0,1.0,14.0,1.0,0.0,0.0,1.0,0.0,2.0,1.0,0.9982777237892151,0.0,0.0,-14.853769302368164,14.80009937286377,26.0,4.0,1.0,65.0,9.0,0.0,0.0,0.0,0.0,1.0,0.0,1.0734375715255737,-0.04999995231628418,0.0,21.0
-2.02809476852417,9.999999747378752e-05,7.0,4.0,0.0,80.0,1.0,0.0,3.0,24.0,0.0,1.0,0.0,1.3449538946151733,1.29880690574646,0.0,-3.705955982208252,5.670099258422852,26.0,4.0,1.0,65.0,20.0,0.0,3.0,0.0,0.0,1.0,0.0,0.9634376764297485,-1.4799998998641968,0.0,43.0
21.007652282714844,1.3631513118743896,7.0,4.0,0.0,80.0,12.0,0.0,0.0,13.0,0.0,1.0,0.0,1.0678985118865967,-0.6734911799430847,0.0,4.103358745574951,9.999999747378752e-05,26.0,4.0,1.0,70.0,26.0,0.0,0.0,0.0,0.0,2.0,1.0,0.6558755338191986,0.0,0.0,20.0
29.62786293029785,9.999999747378752e-05,7.0,4.0,0.0,14.0,1.0,0.0,0.0,0.0,0.0,2.0,1.0,-0.08778159320354462,0.0,0.0,4.615109920501709,9.999999747378752e-05,26.0,4.0,1.0,180.0,4.0,0.0,0.0,12.0,0.0,2.0,1.0,0.0,0.0,0.0,21.0
29.893260955810547,9.999999747378752e-05,7.0,4.0,0.0,64.0,13.0,0.0,0.0,0.0,0.0,2.0,1.0,0.0,0.0,0.0,4.615109920501709,11.560099601745605,26.0,4.0,1.0,65.0,1.0,0.0,0.0,0.0,0.0,1.0,0.0,0.0,0.9900000095367432,0.0,21.0
29.893260955810547,9.999999747378752e-05,7.0,4.0,0.0,64.0,14.0,0.0,0.0,0.0,0.0,2.0,1.0,0.0,0.0,0.0,6.6276092529296875,12.600099563598633,26.0,4.0,1.0,65.0,14.0,0.0,0.0,0.0,0.0,1.0,0.0,0.46149998903274536,-0.6999999284744263,0.0,25.0
29.893260955810547,9.999999747378752e-05,7.0,4.0,0.0,64.0,19.0,0.0,1.0,0.0,0.0,2.0,1.0,0.0,0.0,0.0,15.385109901428223,4.975099086761475,45.0,4.0,1.0,88.0,1.0,0.0,1.0,45.0,0.0,1.0,0.0,-2.403803586959839,2.403803586959839,0.0,21.0
29.893260955810547,9.999999747378752e-05,7.0,4.0,0.0,64.0,32.0,0.0,0.0,0.0,0.0,2.0,1.0,0.0,0.0,0.0,-11.104363441467285,18.42646026611328,45.0,4.0,1.0,88.0,14.0,0.0,0.0,32.0,0.0,1.0,0.0,-1.9520609378814697,0.22777104377746582,0.0,21.0
29.893260955810547,9.999999747378752e-05,7.0,4.0,0.0,64.0,45.0,0.0,0.0,0.0,0.0,2.0,1.0,0.0,0.0,0.0,-33.170528411865234,7.445012092590332,45.0,4.0,1.0,88.0,27.0,0.0,0.0,19.0,0.0,1.0,0.0,-1.479114055633545,-1.4468679428100586,0.0,21.0
29.893260955810547,9.999999747378752e-05,7.0,4.0,0.0,64.0,13.0,0.0,0.0,0.0,0.0,2.0,1.0,0.0,0.0,0.0,-48.15703582763672,9.999999747378752e-05,45.0,4.0,1.0,191.0,8.0,0.0,0.0,13.0,0.0,1.0,0.0,-0.8168306350708008,-1.7834246079928562e-08,0.0,43.0
29.893260955810547,9.999999747378752e-05,7.0,4.0,0.0,64.0,14.0,0.0,0.0,0.0,0.0,2.0,1.0,0.0,0.0,0.0,-54.13483428955078,9.999999747378752e-05,45.0,4.0,1.0,191.0,21.0,0.0,0.0,13.0,0.0,1.0,0.0,-0.1538306474685669,-2.7158174376040733e-08,0.0,43.0
29.893260955810547,9.999999747378752e-05,7.0,4.0,0.0,64.0,27.0,0.0,0.0,0.0,0.0,2.0,1.0,0.0,0.0,0.0,-47.227996826171875,9.999999747378752e-05,45.0,4.0,1.0,196.0,6.0,0.0,0.0,218.0,0.0,2.0,1.0,0.0,0.0,0.0,21.0
29.893260955810547,9.999999747378752e-05,7.0,4.0,0.0,64.0,40.0,0.0,0.0,0.0,0.0,2.0,1.0,0.0,0.0,0.0,-29.217384338378906,9.999999747378752e-05,45.0,4.0,1.0,196.0,19.0,0.0,0.0,218.0,0.0,2.0,1.0,3.0448683500289917,0.0,0.0,21.0
29.893260955810547,9.999999747378752e-05,7.0,4.0,0.0,41.0,2.0,0.0,0.0,0.0,0.0,2.0,1.0,0.0,0.0,0.0,-20.250934600830078,9.999999747378752e-05,45.0,4.0,1.0,196.0,32.0,0.0,0.0,218.0,0.0,2.0,1.0,-0.0049591064453125,0.0,0.0,25.0
25.39090919494629,9.999999747378752e-05,7.0,4.0,1.0,60.0,10.0,0.0,0.0,0.0,0.0,2.0,1.0,0.0,0.0,0.0,-20.303050994873047,9.999999747378752e-05,45.0,4.0,1.0,14.0,10.0,0.0,0.0,218.0,0.0,2.0,1.0,0.0,0.0,0.0,53.0
44.07678985595703,9.999999747378752e-05,7.0,4.0,1.0,60.0,23.0,0.0,0.0,0.0,0.0,2.0,1.0,-3.534957766532898,0.0,0.0,-20.303050994873047,9.999999747378752e-05,45.0,4.0,1.0,14.0,23.0,0.0,0.0,218.0,0.0,2.0,1.0,0.0,0.0,0.0,53.0
44.1406135559082,9.999999747378752e-05,7.0,4.0,1.0,60.0,36.0,0.0,0.0,0.0,0.0,2.0,1.0,-0.02087783720344305,0.0,0.0,-19.900550842285156,9.999999747378752e-05,45.0,4.0,1.0,20.0,1.0,0.0,0.0,0.0,0.0,2.0,1.0,2.2012500017881393,0.0,0.0,21.0
44.236568450927734,9.999999747378752e-05,7.0,4.0,1.0,60.0,49.0,0.0,0.0,0.0,0.0,2.0,1.0,0.03405952267348766,0.0,0.0,6.735073089599609,9.45009994506836,45.0,4.0,1.0,25.0,6.0,0.0,0.0,0.0,0.0,1.0,0.0,2.049999952316284,1.25,0.0,21.0
44.317630767822266,9.999999747378752e-05,7.0,4.0,1.0,39.0,3.0,0.0,0.0,0.0,0.0,2.0,1.0,0.0,0.0,0.0,32.475074768066406,13.870099067687988,45.0,4.0,1.0,66.0,12.0,0.0,0.0,0.0,0.0,1.0,0.0,1.9200000762939453,-0.43999993801116943,0.0,21.0
44.317630767822266,9.999999747378752e-05,25.0,4.0,0.0,80.0,1.0,0.0,3.0,30.0,0.0,1.0,0.0,1.9415313005447388,1.2132034301757812,0.0,41.85507583618164,9.720099449157715,45.0,4.0,1.0,66.0,17.0,0.0,0.0,0.0,0.0,1.0,0.0,1.8215000629425049,-1.0899999141693115,0.0,20.0
52.403690338134766,14.122725486755371,25.0,4.0,0.0,80.0,12.0,0.0,0.0,19.0,0.0,1.0,0.0,1.1396815776824951,-0.13056325912475586,0.0,62.06257247924805,9.999999747378752e-05,45.0,4.0,1.0,71.0,8.0,0.0,0.0,0.0,0.0,2.0,1.0,1.8350003957748413,0.0,0.0,36.0
64.15936279296875,-2.5837440490722656,25.0,4.0,0.0,80.0,25.0,0.0,0.0,6.0,0.0,1.0,0.0,0.7025124430656433,-2.099012851715088,0.0,66.03758239746094,9.999999747378752e-05,45.0,4.0,1.0,71.0,29.0,0.0,0.0,0.0,0.0,2.0,1.0,0.0,0.0,0.0,36.0
63.69928741455078,9.999999747378752e-05,25.0,4.0,0.0,180.0,0.0,0.0,0.0,8.0,0.0,2.0,1.0,0.0,0.0,0.0,69.63761901855469,9.999999747378752e-05,45.0,4.0,1.0,14.0,13.0,0.0,0.0,0.0,0.0,2.0,1.0,0.0,0.0,0.0,21.0
63.399288177490234,9.999999747378752e-05,25.0,4.0,0.0,235.0,13.0,0.0,0.0,9.0,0.0,2.0,1.0,0.0,0.0,0.0,70.40663146972656,23.220094680786133,45.0,4.0,1.0,25.0,9.0,0.0,0.0,0.0,0.0,1.0,0.0,-0.09350000321865082,2.0599989891052246,0.0,25.0
63.399288177490234,9.999999747378752e-05,25.0,4.0,0.0,235.0,26.0,0.0,0.0,9.0,0.0,2.0,1.0,0.0,0.0,0.0,63.803627014160156,38.170082092285156,45.0,4.0,1.0,25.0,22.0,0.0,0.0,0.0,0.0,1.0,0.0,-0.8525000214576721,0.3699990510940552,0.0,25.0
63.399288177490234,9.999999747378752e-05,25.0,4.0,0.0,18.0,7.0,0.0,0.0,0.0,0.0,2.0,1.0,0.0,0.0,0.0,59.26512145996094,62.61007308959961,45.0,4.0,1.0,66.0,9.0,0.0,0.0,0.0,0.0,0.0,0.0,-0.01050003245472908,1.0999993085861206,0.0,21.0
63.399288177490234,9.999999747378752e-05,25.0,4.0,1.0,64.0,13.0,0.0,0.0,0.0,0.0,2.0,1.0,0.0,0.0,0.0,59.494625091552734,65.08006286621094,45.0,4.0,1.0,66.0,22.0,0.0,0.0,0.0,0.0,0.0,0.0,-0.09900002181529999,-0.5900006294250488,0.0,43.0
63.399288177490234,9.999999747378752e-05,25.0,4.0,1.0,64.0,14.0,0.0,0.0,0.0,0.0,2.0,1.0,0.0,0.0,0.0,59.05362319946289,45.580055236816406,45.0,4.0,1.0,66.0,35.0,0.0,0.0,0.0,0.0,0.0,0.0,0.0,-2.280000686645508,0.0,43.0
63.399288177490234,9.999999747378752e-05,25.0,4.0,1.0,64.0,27.0,0.0,0.0,0.0,0.0,2.0,1.0,0.0,0.0,0.0,59.05362319946289,4.260047912597656,45.0,4.0,1.0,29.0,1.0,0.0,0.0,0.0,0.0,0.0,0.0,0.0,-3.5,0.0,43.0
63.399288177490234,9.999999747378752e-05,25.0,4.0,1.0,64.0,33.0,0.0,0.0,0.0,0.0,2.0,1.0,0.0,0.0,0.0,49.3161735534668,8.103452682495117,61.0,4.0,1.0,88.0,5.0,0.0,0.0,42.0,0.0,1.0,0.0,-2.37933349609375,1.7776966094970703,0.0,21.0
63.399288177490234,9.999999747378752e-05,25.0,4.0,1.0,39.0,2.0,0.0,0.0,0.0,0.0,2.0,1.0,0.0,0.0,0.0,21.723302841186523,16.15959930419922,61.0,4.0,1.0,88.0,18.0,0.0,0.0,29.0,0.0,1.0,0.0,-1.9024103879928589,-0.3728618621826172,0.0,21.0
63.399288177490234,9.999999747378752e-05,25.0,4.0,1.0,64.0,13.0,0.0,0.0,0.0,0.0,2.0,1.0,0.0,0.0,0.0,0.3304208517074585,0.6184830665588379,61.0,4.0,1.0,88.0,29.0,0.0,0.0,16.0,0.0,1.0,0.0,-1.4254884719848633,-1.5234203338623047,0.0,60.0
63.399288177490234,9.999999747378752e-05,25.0,4.0,1.0,64.0,26.0,0.0,0.0,0.0,0.0,2.0,1.0,0.0,0.0,0.0,-13.047768592834473,9.999999747378752e-05,61.0,4.0,1.0,191.0,12.0,0.0,0.0,14.0,0.0,1.0,0.0,-0.704115629196167,-3.56684957125708e-08,0.0,21.0
63.399288177490234,9.999999747378752e-05,25.0,4.0,1.0,64.0,39.0,0.0,0.0,0.0,0.0,2.0,1.0,0.0,0.0,0.0,-17.432153701782227,9.999999747378752e-05,61.0,4.0,1.0,191.0,25.0,0.0,0.0,14.0,0.0,2.0,1.0,0.0,0.0,0.0,60.0
63.399288177490234,9.999999747378752e-05,25.0,4.0,1.0,41.0,1.0,0.0,0.0,0.0,0.0,2.0,1.0,0.0,0.0,0.0,-18.226673126220703,9.999999747378752e-05,61.0,4.0,1.0,197.0,12.0,0.0,0.0,14.0,0.0,2.0,1.0,-0.9555068612098694,0.0,0.0,21.0
63.399288177490234,9.999999747378752e-05,25.0,4.0,1.0,64.0,13.0,0.0,0.0,0.0,0.0,2.0,1.0,0.0,0.0,0.0,-47.847808837890625,9.999999747378752e-05,61.0,4.0,1.0,197.0,25.0,0.0,0.0,14.0,0.0,2.0,1.0,-4.2553441524505615,0.0,0.0,60.0
63.399288177490234,9.999999747378752e-05,25.0,4.0,1.0,64.0,26.0,0.0,0.0,0.0,0.0,2.0,1.0,0.0,0.0,0.0,-51.37885665893555,9.999999747378752e-05,61.0,4.0,1.0,14.0,3.0,0.0,0.0,14.0,0.0,2.0,1.0,0.0,0.0,0.0,60.0
63.399288177490234,9.999999747378752e-05,25.0,4.0,1.0,64.0,39.0,0.0,0.0,0.0,0.0,2.0,1.0,0.0,0.0,0.0,-39.953243255615234,9.999999747378752e-05,61.0,4.0,1.0,24.0,1.0,0.0,0.0,0.0,0.0,2.0,1.0,4.22249960899353,0.0,0.0,60.0
63.399288177490234,9.999999747378752e-05,25.0,4.0,1.0,41.0,1.0,0.0,0.0,0.0,0.0,2.0,1.0,0.0,0.0,0.0,-20.842618942260742,9.999999747378752e-05,61.0,4.0,1.0,43.0,22.0,0.0,0.0,0.0,0.0,2.0,1.0,1.471090853214264,0.0,0.0,60.0
63.774288177490234,9.999999747378752e-05,25.0,4.0,1.0,41.0,1.0,0.0,0.0,0.0,0.0,2.0,1.0,0.0,0.0,0.0,-6.24351692199707,9.999999747378752e-05,61.0,4.0,1.0,20.0,6.0,0.0,0.0,0.0,0.0,2.0,1.0,4.542499780654907,0.0,0.0,21.0
63.774288177490234,9.999999747378752e-05,25.0,4.0,1.0,64.0,13.0,0.0,0.0,0.0,0.0,2.0,1.0,0.0,0.0,0.0,15.245856285095215,9.45009994506836,61.0,4.0,1.0,65.0,1.0,0.0,0.0,0.0,0.0,1.0,0.0,1.173437476158142,1.25,0.0,43.0
63.774288177490234,9.999999747378752e-05,25.0,4.0,1.0,64.0,14.0,0.0,0.0,0.0,0.0,2.0,1.0,0.0,0.0,0.0,29.590545654296875,13.870099067687988,61.0,4.0,1.0,65.0,14.0,0.0,0.0,0.0,0.0,1.0,0.0,1.0434376001358032,-0.43999993801116943,0.0,21.0
63.774288177490234,9.999999747378752e-05,25.0,4.0,1.0,64.0,27.0,0.0,0.0,0.0,0.0,2.0,1.0,0.0,0.0,0.0,42.095237731933594,9.999999747378752e-05,61.0,4.0,1.0,70.0,5.0,0.0,0.0,0.0,0.0,2.0,1.0,1.5268754363059998,0.0,0.0,21.0
63.774288177490234,9.999999747378752e-05,25.0,4.0,1.0,64.0,34.0,0.0,0.0,0.0,0.0,2.0,1.0,0.0,0.0,0.0,32.5218620300293,9.693208694458008,75.0,4.0,1.0,88.0,5.0,0.0,0.0,50.0,0.0,1.0,0.0,-2.790893793106079,2.175135850906372,0.0,21.0
63.774288177490234,9.999999747378752e-05,25.0,4.0,1.0,39.0,3.0,0.0,0.0,0.0,0.0,2.0,1.0,0.0,0.0,0.0,-0.4212942123413086,22.916065216064453,75.0,4.0,1.0,88.0,18.0,0.0,0.0,37.0,0.0,1.0,0.0,-2.3139703273773193,0.02457737922668457,0.0,21.0
63.774288177490234,9.999999747378752e-05,25.0,4.0,1.0,64.0,13.0,0.0,0.0,0.0,0.0,2.0,1.0,0.0,0.0,0.0,-27.164443969726562,12.541662216186523,75.0,4.0,1.0,88.0,29.0,0.0,0.0,24.0,0.0,1.0,0.0,-1.8370474576950073,-1.125981092453003,0.0,21.0
63.774288177490234,9.999999747378752e-05,25.0,4.0,1.0,64.0,14.0,0.0,0.0,0.0,0.0,2.0,1.0,0.0,0.0,0.0,-47.577667236328125,9.999999747378752e-05,75.0,4.0,1.0,191.0,3.0,0.0,0.0,13.0,0.0,2.0,1.0,-1.2734979391098022,0.0,0.0,60.0
63.774288177490234,9.999999747378752e-05,25.0,4.0,1.0,64.0,27.0,0.0,0.0,0.0,0.0,2.0,1.0,0.0,0.0,0.0,-59.115142822265625,9.999999747378752e-05,75.0,4.0,1.0,191.0,16.0,0.0,0.0,13.0,0.0,1.0,0.0,-0.5814979076385498,-5.350274889792672e-08,0.0,21.0
63.774288177490234,9.999999747378752e-05,25.0,4.0,1.0,64.0,40.0,0.0,0.0,0.0,0.0,2.0,1.0,0.0,0.0,0.0,-59.04188537597656,9.999999747378752e-05,75.0,4.0,1.0,196.0,2.0,0.0,0.0,219.0,0.0,2.0,1.0,3.0318793058395386,0.0,0.0,60.0
63.774288177490234,9.999999747378752e-05,25.0,4.0,1.0,41.0,1.0,0.0,0.0,0.0,0.0,2.0,1.0,0.0,0.0,0.0,-43.161903381347656,9.999999747378752e-05,75.0,4.0,1.0,196.0,15.0,0.0,0.0,219.0,0.0,2.0,1.0,3.2510870695114136,0.0,0.0,21.0
63.774288177490234,9.999999747378752e-05,25.0,4.0,1.0,64.0,13.0,0.0,0.0,0.0,0.0,2.0,1.0,0.0,0.0,0.0,-28.06047821044922,9.999999747378752e-05,75.0,4.0,1.0,196.0,28.0,0.0,0.0,219.0,0.0,2.0,1.0,0.6857451796531677,0.0,0.0,60.0
63.774288177490234,9.999999747378752e-05,25.0,4.0,1.0,64.0,26.0,0.0,0.0,0.0,0.0,2.0,1.0,0.0,0.0,0.0,-27.922183990478516,9.999999747378752e-05,75.0,4.0,1.0,14.0,6.0,0.0,0.0,219.0,0.0,2.0,1.0,0.0,0.0,0.0,60.0
63.774288177490234,9.999999747378752e-05,25.0,4.0,1.0,64.0,39.0,0.0,0.0,0.0,0.0,2.0,1.0,0.0,0.0,0.0,-27.922183990478516,9.999999747378752e-05,75.0,4.0,1.0,14.0,19.0,0.0,0.0,219.0,0.0,2.0,1.0,0.0,0.0,0.0,60.0
63.774288177490234,9.999999747378752e-05,25.0,4.0,1.0,41.0,1.0,0.0,0.0,0.0,0.0,2.0,1.0,0.0,0.0,0.0,-27.922183990478516,9.999999747378752e-05,75.0,4.0,1.0,14.0,32.0,0.0,0.0,219.0,0.0,2.0,1.0,0.0,0.0,0.0,60.0
64.1492919921875,9.999999747378752e-05,25.0,4.0,1.0,41.0,1.0,0.0,0.0,0.0,0.0,2.0,1.0,0.0,0.0,0.0,-7.674060821533203,9.999999747378752e-05,75.0,4.0,1.0,20.0,10.0,0.0,0.0,0.0,0.0,2.0,1.0,4.382499933242798,0.0,0.0,21.0
64.1492919921875,9.999999747378752e-05,25.0,4.0,1.0,64.0,13.0,0.0,0.0,0.0,0.0,2.0,1.0,0.0,0.0,0.0,-17.68226432800293,9.999999747378752e-05,75.0,4.0,1.0,20.0,2.0,0.0,0.0,0.0,0.0,2.0,1.0,3.4876562356948853,0.0,0.0,60.0
64.1492919921875,9.999999747378752e-05,25.0,4.0,1.0,64.0,26.0,0.0,0.0,0.0,0.0,2.0,1.0,0.0,0.0,0.0,11.170467376708984,9.999999747378752e-05,75.0,4.0,1.0,20.0,15.0,0.0,0.0,0.0,0.0,2.0,1.0,4.197499990463257,0.0,0.0,21.0
64.1492919921875,9.999999747378752e-05,25.0,4.0,1.0,64.0,39.0,0.0,0.0,0.0,0.0,2.0,1.0,0.0,0.0,0.0,-9.376561164855957,9.999999747378752e-05,75.0,4.0,0.0,18.0,1.0,0.0,0.0,0.0,0.0,2.0,1.0,-0.865312397480011,0.0,0.0,60.0
64.1492919921875,9.999999747378752e-05,25.0,4.0,1.0,41.0,1.0,0.0,0.0,0.0,0.0,2.0,1.0,0.0,0.0,0.0,15.847029685974121,9.999999747378752e-05,75.0,4.0,1.0,20.0,13.0,0.0,0.0,0.0,0.0,2.0,1.0,4.06000018119812,0.0,0.0,21.0
64.1492919921875,9.999999747378752e-05,25.0,4.0,1.0,64.0,13.0,0.0,0.0,0.0,0.0,2.0,1.0,0.0,0.0,0.0,-6.611718654632568,9.999999747378752e-05,75.0,4.0,0.0,20.0,12.0,0.0,0.0,0.0,0.0,2.0,1.0,-4.052500009536743,0.0,0.0,60.0
64.1492919921875,9.999999747378752e-05,25.0,4.0,1.0,64.0,26.0,0.0,0.0,0.0,0.0,2.0,1.0,0.0,0.0,0.0,16.28765296936035,9.999999747378752e-05,75.0,4.0,1.0,20.0,12.0,0.0,0.0,0.0,0.0,2.0,1.0,4.3037497997283936,0.0,0.0,60.0
64.1492919921875,9.999999747378752e-05,25.0,4.0,1.0,64.0,39.0,0.0,0.0,0.0,0.0,2.0,1.0,0.0,0.0,0.0,-4.482969284057617,9.999999747378752e-05,75.0,4.0,0.0,18.0,1.0,0.0,0.0,0.0,0.0,2.0,1.0,-0.9081249833106995,0.0,0.0,60.0
64.1492919921875,9.999999747378752e-05,25.0,4.0,1.0,41.0,1.0,0.0,0.0,0.0,0.0,2.0,1.0,0.0,0.0,0.0,16.987966537475586,6.070099830627441,75.0,4.0,1.0,25.0,2.0,0.0,0.0,0.0,0.0,1.0,0.0,1.1749999523162842,2.9699997901916504,0.0,21.0
64.1492919921875,9.999999747378752e-05,25.0,4.0,1.0,64.0,13.0,0.0,0.0,0.0,0.0,2.0,1.0,0.0,0.0,0.0,20.989965438842773,34.95009231567383,75.0,4.0,1.0,27.0,10.0,0.0,0.0,0.0,0.0,0.0,0.0,0.22349998354911804,1.4899992942810059,0.0,60.0
64.1492919921875,9.999999747378752e-05,25.0,4.0,1.0,64.0,26.0,0.0,0.0,0.0,0.0,2.0,1.0,0.0,0.0,0.0,29.309965133666992,42.49008560180664,75.0,4.0,1.0,27.0,23.0,0.0,0.0,0.0,0.0,0.0,0.0,0.9969998598098755,-0.20000064373016357,0.0,60.0
64.1492919921875,9.999999747378752e-05,25.0,4.0,1.0,64.0,39.0,0.0,0.0,0.0,0.0,2.0,1.0,0.0,0.0,0.0,43.63845443725586,28.060077667236328,75.0,4.0,1.0,27.0,36.0,0.0,0.0,0.0,0.0,0.0,0.0,1.1060000658035278,-1.890000581741333,0.0,60.0
67.34236907958984,0.00010001659393310547,37.0,4.0,0.0,42.0,1.0,0.0,0.0,0.0,0.0,2.0,1.0,1.0930784940719604,0.41178590059280396,0.0,53.48044967651367,2.6600723266601562,75.0,4.0,1.0,68.0,6.0,0.0,3.0,0.0,0.0,0.0,0.0,1.0600000619888306,-3.5,0.0,21.0
74.27238464355469,9.999999747378752e-05,37.0,4.0,0.0,41.0,1.0,0.0,0.0,0.0,0.0,2.0,1.0,0.053078602999448776,0.0,0.0,60.76044464111328,9.999999747378752e-05,75.0,4.0,1.0,73.0,17.0,0.0,0.0,0.0,0.0,2.0,1.0,0.4600004702806473,0.0,0.0,21.0
74.27238464355469,9.999999747378752e-05,37.0,4.0,0.0,64.0,13.0,0.0,0.0,0.0,0.0,2.0,1.0,0.0,0.0,0.0,60.980445861816406,9.999999747378752e-05,75.0,4.0,1.0,18.0,7.0,0.0,0.0,0.0,0.0,2.0,1.0,0.0,0.0,0.0,36.0
74.27238464355469,9.999999747378752e-05,37.0,4.0,0.0,64.0,14.0,0.0,0.0,0.0,0.0,2.0,1.0,0.0,0.0,0.0,60.980445861816406,14.200098037719727,75.0,4.0,0.0,25.0,5.0,0.0,0.0,0.0,0.0,1.0,0.0,0.0,2.5799994468688965,0.0,20.0
74.27238464355469,9.999999747378752e-05,37.0,4.0,0.0,64.0,27.0,0.0,0.0,0.0,0.0,2.0,1.0,0.0,0.0,0.0,60.980445861816406,35.91008758544922,75.0,4.0,0.0,25.0,18.0,0.0,0.0,0.0,0.0,1.0,0.0,0.0,0.8899990320205688,0.0,20.0
74.27238464355469,9.999999747378752e-05,37.0,4.0,0.0,64.0,40.0,0.0,0.0,0.0,0.0,2.0,1.0,0.0,0.0,0.0,61.53794479370117,35.65007400512695,75.0,4.0,0.0,69.0,3.0,0.0,0.0,0.0,0.0,1.0,0.0,0.2044999897480011,-0.8000009059906006,0.0,36.0
74.27238464355469,9.999999747378752e-05,53.0,4.0,0.0,88.0,1.0,0.0,8.0,49.0,0.0,1.0,0.0,5.624046295338303e-08,2.96329402923584,0.0,68.73043823242188,10.000064849853516,75.0,4.0,0.0,69.0,16.0,0.0,8.0,0.0,0.0,1.0,0.0,0.7219999432563782,-3.5,0.0,20.0
65.41040802001953,20.081281661987305,53.0,4.0,0.0,88.0,7.0,0.0,0.0,43.0,0.0,1.0,0.0,-0.40744516253471375,1.8458714485168457,0.0,72.64244079589844,9.999999747378752e-05,75.0,4.0,0.0,74.0,3.0,0.0,0.0,0.0,0.0,2.0,1.0,1.043999969959259,0.0,0.0,20.0
60.825218200683594,27.661487579345703,53.0,4.0,0.0,88.0,20.0,0.0,0.0,30.0,0.0,1.0,0.0,-0.3057868182659149,-0.49928879737854004,0.0,74.09444427490234,9.999999747378752e-05,75.0,4.0,0.0,74.0,19.0,0.0,0.0,0.0,0.0,2.0,1.0,0.0,0.0,0.0,20.0
57.56159591674805,11.504615783691406,53.0,4.0,0.0,88.0,29.0,0.0,0.0,17.0,0.0,1.0,0.0,-0.2041284441947937,-1.5844485759735107,0.0,74.09444427490234,9.999999747378752e-05,75.0,4.0,0.0,14.0,5.0,0.0,0.0,0.0,0.0,2.0,1.0,0.0,0.0,0.0,20.0
56.14851760864258,9.999999747378752e-05,53.0,4.0,0.0,191.0,6.0,0.0,0.0,9.0,0.0,1.0,0.0,0.0,0.0,0.0,68.88956451416016,8.20009994506836,75.0,4.0,0.0,25.0,5.0,0.0,0.0,0.0,0.0,1.0,0.0,-1.1060000658035278,1.3799999952316284,0.0,20.0
56.14851760864258,9.999999747378752e-05,53.0,4.0,0.0,191.0,19.0,0.0,0.0,9.0,0.0,1.0,0.0,0.0,0.0,0.0,55.29157257080078,14.310098648071289,75.0,4.0,0.0,66.0,10.0,0.0,0.0,0.0,0.0,1.0,0.0,-0.9860001802444458,-0.309999942779541,0.0,20.0
56.14851760864258,9.999999747378752e-05,53.0,4.0,0.0,195.0,6.0,0.0,0.0,9.0,0.0,2.0,1.0,0.0,0.0,0.0,45.977569580078125,9.999999747378752e-05,75.0,4.0,0.0,71.0,14.0,0.0,0.0,0.0,0.0,2.0,1.0,-0.7720005214214325,0.0,0.0,20.0
56.14851760864258,9.999999747378752e-05,53.0,4.0,0.0,195.0,19.0,0.0,0.0,9.0,0.0,2.0,1.0,0.0,0.0,0.0,45.23356628417969,9.999999747378752e-05,75.0,4.0,0.0,14.0,9.0,0.0,0.0,0.0,0.0,2.0,1.0,0.0,0.0,0.0,20.0
56.14851760864258,9.999999747378752e-05,53.0,4.0,0.0,195.0,28.0,0.0,0.0,9.0,0.0,2.0,1.0,0.0,0.0,0.0,40.542667388916016,4.140048980712891,81.0,4.0,1.0,88.0,3.0,0.0,0.0,42.0,0.0,1.0,0.0,-2.327106237411499,1.9872608184814453,0.0,20.0
56.14851760864258,9.999999747378752e-05,53.0,4.0,0.0,195.0,41.0,0.0,0.0,9.0,0.0,2.0,1.0,0.0,0.0,0.0,13.628744125366211,14.9205322265625,81.0,4.0,1.0,88.0,16.0,0.0,0.0,29.0,0.0,1.0,0.0,-1.850183367729187,-0.16329753398895264,0.0,21.0
56.14851760864258,9.999999747378752e-05,53.0,4.0,0.0,39.0,5.0,0.0,0.0,0.0,0.0,2.0,1.0,0.0,0.0,0.0,-7.085186958312988,0.23375248908996582,81.0,4.0,1.0,88.0,29.0,0.0,0.0,16.0,0.0,1.0,0.0,-1.3732614517211914,-1.5738561153411865,0.0,21.0
56.14851760864258,9.999999747378752e-05,53.0,4.0,0.0,64.0,13.0,0.0,0.0,0.0,0.0,2.0,1.0,0.0,0.0,0.0,-18.22066307067871,9.999999747378752e-05,81.0,4.0,1.0,199.0,13.0,0.0,0.0,15.0,0.0,2.0,1.0,-0.3765750825405121,0.0,0.0,21.0
56.14851760864258,9.999999747378752e-05,53.0,4.0,0.0,64.0,14.0,0.0,0.0,0.0,0.0,2.0,1.0,0.0,0.0,0.0,-18.926965713500977,9.999999747378752e-05,81.0,4.0,1.0,199.0,26.0,0.0,0.0,15.0,0.0,2.0,1.0,0.0,0.0,0.0,21.0
56.14851760864258,9.999999747378752e-05,53.0,4.0,0.0,64.0,27.0,0.0,0.0,0.0,0.0,2.0,1.0,0.0,0.0,0.0,-2.8375911712646484,9.999999747378752e-05,81.0,4.0,1.0,20.0,8.0,0.0,0.0,0.0,0.0,2.0,1.0,4.382499933242798,0.0,0.0,21.0
56.14851760864258,9.999999747378752e-05,53.0,4.0,0.0,64.0,40.0,0.0,0.0,0.0,0.0,2.0,1.0,0.0,0.0,0.0,13.354907989501953,14.220099449157715,81.0,4.0,1.0,27.0,1.0,0.0,0.0,0.0,0.0,0.0,0.0,0.0,2.6599998474121094,0.0,43.0
56.14851760864258,9.999999747378752e-05,53.0,4.0,0.0,180.0,0.0,0.0,0.0,8.0,0.0,2.0,1.0,0.0,0.0,0.0,13.354907989501953,36.9700927734375,81.0,4.0,1.0,27.0,14.0,0.0,0.0,0.0,0.0,0.0,0.0,0.0,0.9699993133544922,0.0,21.0
56.14851760864258,9.999999747378752e-05,53.0,4.0,0.0,235.0,13.0,0.0,0.0,9.0,0.0,2.0,1.0,0.0,0.0,0.0,18.710906982421875,37.750083923339844,81.0,4.0,1.0,66.0,2.0,0.0,0.0,0.0,0.0,0.0,0.0,0.7689999341964722,-0.7200006246566772,0.0,43.0
56.14851760864258,9.999999747378752e-05,53.0,4.0,0.0,235.0,26.0,0.0,0.0,9.0,0.0,2.0,1.0,0.0,0.0,0.0,32.29641342163086,16.560073852539062,81.0,4.0,1.0,66.0,15.0,0.0,0.0,0.0,0.0,0.0,0.0,1.1060000658035278,-2.410000801086426,0.0,21.0
56.14851760864258,9.999999747378752e-05,53.0,4.0,0.0,39.0,7.0,0.0,0.0,0.0,0.0,2.0,1.0,0.0,0.0,0.0,44.11440658569336,9.999999747378752e-05,81.0,4.0,1.0,71.0,21.0,0.0,0.0,0.0,0.0,2.0,1.0,0.9320003390312195,0.0,0.0,21.0
56.14851760864258,9.999999747378752e-05,53.0,4.0,0.0,64.0,13.0,0.0,0.0,0.0,0.0,2.0,1.0,0.0,0.0,0.0,45.24441146850586,9.999999747378752e-05,81.0,4.0,1.0,179.0,-1.0,0.0,0.0,10.0,0.0,2.0,1.0,0.0,0.0,0.0,21.0
56.14851760864258,9.999999747378752e-05,53.0,4.0,0.0,64.0,14.0,0.0,0.0,0.0,0.0,2.0,1.0,0.0,0.0,0.0,45.24441146850586,9.999999747378752e-05,81.0,4.0,1.0,179.0,-1.0,0.0,0.0,23.0,0.0,2.0,1.0,0.0,0.0,0.0,21.0
57.130516052246094,9.999999747378752e-05,53.0,4.0,0.0,64.0,20.0,0.0,0.0,0.0,0.0,2.0,1.0,0.0,0.0,0.0,44.35441207885742,9.999999747378752e-05,81.0,4.0,1.0,181.0,2.0,0.0,0.0,28.0,0.0,2.0,1.0,-1.78000009059906,0.0,0.0,21.0
62.124515533447266,9.999999747378752e-05,53.0,4.0,0.0,64.0,33.0,0.0,0.0,0.0,0.0,2.0,1.0,0.0,0.0,0.0,40.65440368652344,9.999999747378752e-05,81.0,4.0,1.0,179.0,-1.0,0.0,0.0,33.0,0.0,2.0,1.0,0.0,0.0,0.0,21.0
62.124515533447266,9.999999747378752e-05,53.0,4.0,0.0,39.0,2.0,0.0,0.0,0.0,0.0,2.0,1.0,0.0,0.0,0.0,40.65440368652344,9.999999747378752e-05,81.0,4.0,1.0,180.0,4.0,0.0,0.0,46.0,0.0,2.0,1.0,0.0,0.0,0.0,21.0
62.124515533447266,9.999999747378752e-05,53.0,4.0,0.0,64.0,13.0,0.0,0.0,0.0,0.0,2.0,1.0,0.0,0.0,0.0,42.812530517578125,9.999999747378752e-05,81.0,4.0,1.0,20.0,2.0,0.0,0.0,0.0,0.0,2.0,1.0,4.316249847412109,0.0,0.0,21.0
68.56781005859375,-1.9753637313842773,53.0,4.0,1.0,241.0,1.0,0.0,0.0,0.0,0.0,2.0,1.0,0.0,0.0,0.0,60.071903228759766,9.999999747378752e-05,81.0,4.0,1.0,221.0,1.0,0.0,0.0,0.0,0.0,2.0,1.0,0.0,0.0,0.0,53.0
69.19249725341797,-2.7555437088012695,57.0,4.0,1.0,241.0,11.0,0.0,1.0,0.0,0.0,2.0,1.0,0.0,0.0,0.0,60.071903228759766,9.999999747378752e-05,81.0,4.0,1.0,221.0,11.0,0.0,1.0,0.0,0.0,2.0,1.0,0.0,0.0,0.0,21.0
71.92052459716797,20.50749397277832,60.0,4.0,0.0,90.0,10.0,0.0,0.0,35.0,0.0,1.0,0.0,0.25234854221343994,1.507181167602539,0.0,60.071903228759766,9.999999747378752e-05,81.0,4.0,1.0,221.0,24.0,0.0,0.0,0.0,0.0,2.0,1.0,0.0,0.0,0.0,20.0
74.7855224609375,23.738494873046875,60.0,4.0,0.0,90.0,23.0,0.0,0.0,22.0,0.0,1.0,0.0,0.19298823177814484,-0.753154993057251,0.0,60.071903228759766,9.999999747378752e-05,81.0,4.0,1.0,221.0,37.0,0.0,0.0,0.0,0.0,2.0,1.0,0.0,0.0,0.0,20.0
76.87883758544922,9.325125694274902,60.0,4.0,0.0,90.0,36.0,0.0,0.0,9.0,0.0,1.0,0.0,0.13362792134284973,-1.4134923219680786,0.0,60.071903228759766,9.999999747378752e-05,81.0,4.0,1.0,14.0,7.0,0.0,0.0,0.0,0.0,2.0,1.0,0.0,0.0,0.0,20.0
77.69876098632812,9.999999747378752e-05,60.0,4.0,0.0,191.0,3.0,0.0,0.0,0.0,0.0,2.0,1.0,0.0,0.0,0.0,60.071903228759766,9.999999747378752e-05,81.0,4.0,1.0,14.0,20.0,0.0,0.0,0.0,0.0,2.0,1.0,0.0,0.0,0.0,36.0
77.69876098632812,9.999999747378752e-05,60.0,4.0,0.0,191.0,16.0,0.0,0.0,0.0,0.0,1.0,0.0,0.0,0.0,0.0,60.071903228759766,9.999999747378752e-05,81.0,4.0,1.0,14.0,33.0,0.0,0.0,0.0,0.0,2.0,1.0,0.0,0.0,0.0,36.0
77.69876098632812,9.999999747378752e-05,60.0,4.0,0.0,195.0,3.0,0.0,0.0,0.0,0.0,2.0,1.0,0.0,0.0,0.0,60.071903228759766,9.999999747378752e-05,81.0,4.0,1.0,14.0,46.0,0.0,0.0,0.0,0.0,2.0,1.0,0.0,0.0,0.0,20.0
77.69876098632812,9.999999747378752e-05,60.0,4.0,0.0,195.0,16.0,0.0,0.0,0.0,0.0,2.0,1.0,0.0,0.0,0.0,60.071903228759766,9.999999747378752e-05,81.0,4.0,1.0,18.0,4.0,0.0,0.0,0.0,0.0,2.0,1.0,0.0,0.0,0.0,20.0
77.69876098632812,9.999999747378752e-05,60.0,4.0,0.0,195.0,29.0,0.0,0.0,0.0,0.0,2.0,1.0,0.0,0.0,0.0,40.23066711425781,9.999999747378752e-05,81.0,4.0,0.0,20.0,10.0,0.0,0.0,0.0,0.0,2.0,1.0,-4.048750162124634,0.0,0.0,20.0
77.69876098632812,9.999999747378752e-05,60.0,4.0,0.0,195.0,42.0,0.0,0.0,0.0,0.0,2.0,1.0,0.0,0.0,0.0,61.972843170166016,9.999999747378752e-05,81.0,4.0,1.0,214.0,5.0,0.0,0.0,0.0,0.0,2.0,1.0,3.7425001859664917,0.0,0.0,20.0
60.9046745300293,-1.5204944610595703,60.0,4.0,1.0,242.0,3.0,0.0,0.0,0.0,0.0,2.0,1.0,0.0,0.0,0.0,71.52033996582031,9.999999747378752e-05,81.0,4.0,1.0,222.0,3.0,0.0,0.0,0.0,0.0,2.0,1.0,0.0,0.0,0.0,21.0
80.584716796875,-9.923999786376953,60.0,4.0,1.0,242.0,16.0,0.0,0.0,0.0,0.0,2.0,1.0,0.0,0.0,0.0,71.52033996582031,9.999999747378752e-05,81.0,4.0,1.0,222.0,16.0,0.0,0.0,0.0,0.0,2.0,1.0,0.0,0.0,0.0,21.0
89.77848815917969,15.6166410446167,67.0,4.0,0.0,90.0,10.0,0.0,0.0,29.0,0.0,1.0,0.0,1.1129921674728394,0.7744231224060059,1.0,71.52033996582031,9.999999747378752e-05,81.0,4.0,1.0,222.0,28.0,0.0,0.0,0.0,0.0,2.0,1.0,0.0,0.0,0.0,43.0
102.05321502685547,9.854578018188477,67.0,4.0,0.0,90.0,23.0,0.0,0.0,16.0,0.0,1.0,0.0,0.7995386719703674,-1.4098000526428223,1.0,71.52033996582031,9.999999747378752e-05,81.0,4.0,1.0,14.0,2.0,0.0,0.0,0.0,0.0,2.0,1.0,0.0,0.0,0.0,43.0
110.25304412841797,-12.562383651733398,67.0,4.0,0.0,90.0,36.0,0.0,0.0,3.0,0.0,1.0,0.0,0.4860851764678955,-1.9940229058265686,1.0,71.52033996582031,9.999999747378752e-05,81.0,4.0,1.0,14.0,15.0,0.0,0.0,0.0,0.0,2.0,1.0,0.0,0.0,0.0,36.0
111.26797485351562,-49.17423629760742,67.0,4.0,0.0,90.0,49.0,0.0,0.0,0.0,0.0,1.0,0.0,-0.29736846685409546,-3.1782450675964355,1.0,71.52033996582031,9.999999747378752e-05,81.0,4.0,0.0,14.0,1.0,0.0,0.0,0.0,0.0,2.0,1.0,0.0,0.0,0.0,36.0
102.49527740478516,-93.6802749633789,67.0,4.0,0.0,66.0,13.0,0.0,0.0,0.0,0.0,1.0,0.0,-0.7739999890327454,-3.5,1.0,71.52033996582031,9.999999747378752e-05,81.0,4.0,0.0,24.0,1.0,0.0,0.0,0.0,0.0,2.0,1.0,0.0,0.0,0.0,36.0
92.31331634521484,-139.18026733398438,67.0,4.0,0.0,66.0,26.0,0.0,0.0,0.0,0.0,1.0,0.0,-0.7739999890327454,-3.5,1.0,72.47584533691406,25.15009307861328,81.0,4.0,0.0,25.0,10.0,0.0,0.0,0.0,0.0,1.0,0.0,0.3009999990463257,1.9299989938735962,0.0,43.0
91.59931945800781,-142.68026733398438,0.0,3.0,0.0,0.0,-1.0,0.0,0.0,0.0,0.0,1.0,0.0,0.0,0.0,1.0,81.37834167480469,38.41007995605469,81.0,4.0,0.0,25.0,23.0,0.0,0.0,0.0,0.0,1.0,0.0,0.8639999628067017,0.23999905586242676,0.0,43.0
91.59931945800781,-142.68026733398438,0.0,3.0,0.0,0.0,-1.0,0.0,0.0,0.0,0.0,1.0,0.0,0.0,0.0,1.0,91.7003402709961,29.7000675201416,81.0,4.0,0.0,29.0,1.0,0.0,0.0,0.0,0.0,1.0,0.0,0.7340000867843628,-1.4500008821487427,1.0,43.0
91.59931945800781,-142.68026733398438,0.0,3.0,0.0,0.0,-1.0,0.0,0.0,0.0,0.0,1.0,0.0,0.0,0.0,1.0,97.35233306884766,-0.6299433708190918,81.0,4.0,0.0,29.0,6.0,0.0,0.0,0.0,0.0,1.0,0.0,0.08600009977817535,-2.9000000953674316,1.0,43.0
91.59931945800781,-142.68026733398438,0.0,3.0,0.0,0.0,-1.0,0.0,0.0,0.0,0.0,1.0,0.0,0.0,0.0,1.0,88.01840209960938,-23.09623146057129,81.0,4.0,0.0,253.0,3.0,0.0,0.0,0.0,0.0,1.0,0.0,0.0,0.0,1.0,43.0
16.0,108.25,0.0,3.0,0.0,12.0,5.0,0.0,0.0,0.0,0.0,1.0,0.0,0.0,-1.1500000953674316,0.0,90.36389923095703,-30.24622917175293,81.0,4.0,0.0,29.0,2.0,0.0,0.0,0.0,0.0,1.0,0.0,0.36000001430511475,-1.2999999523162842,1.0,43.0
16.0,93.29998779296875,0.0,3.0,0.0,12.0,18.0,0.0,0.0,0.0,0.0,1.0,0.0,0.0,-1.149999737739563,0.0,88.20529174804688,-11.126238822937012,81.0,4.0,0.0,27.0,11.0,0.0,0.0,0.0,0.0,0.0,0.0,-1.1200000047683716,1.3599992990493774,1.0,43.0
16.0,78.34996795654297,0.0,3.0,0.0,12.0,31.0,0.0,0.0,0.0,0.0,1.0,0.0,0.0,-1.1499990224838257,0.0,78.5931167602539,9.999999747378752e-05,81.0,4.0,0.0,43.0,4.0,0.0,0.0,0.0,0.0,2.0,1.0,-3.5545804500579834,0.0,0.0,36.0
16.0,63.399959564208984,0.0,3.0,0.0,12.0,44.0,0.0,0.0,0.0,0.0,1.0,0.0,0.0,-1.1499974727630615,0.0,67.808349609375,9.999999747378752e-05,81.0,4.0,0.0,14.0,5.0,0.0,0.0,0.0,0.0,2.0,1.0,-0.5145810544490814,0.0,0.0,36.0
16.0,48.449989318847656,0.0,3.0,0.0,12.0,57.0,0.0,0.0,0.0,0.0,1.0,0.0,0.0,-1.1499967575073242,0.0,54.002113342285156,9.999999747378752e-05,81.0,4.0,0.0,20.0,7.0,0.0,0.0,0.0,0.0,2.0,1.0,-4.542499780654907,0.0,0.0,36.0
13.417999267578125,37.849998474121094,0.0,3.0,0.0,29.0,2.0,0.0,0.0,0.0,0.0,1.0,0.0,-0.42200005054473877,-1.2999999523162842,0.0,27.194618225097656,16.650096893310547,81.0,4.0,0.0,25.0,6.0,0.0,0.0,0.0,0.0,1.0,0.0,-2.026249885559082,2.4499993324279785,0.0,20.0
4.425998687744141,9.209993362426758,0.0,3.0,0.0,66.0,13.0,0.0,0.0,0.0,0.0,1.0,0.0,-0.7739999890327454,-2.9000000953674316,0.0,1.7633683681488037,36.67008590698242,81.0,4.0,0.0,25.0,19.0,0.0,0.0,0.0,0.0,1.0,0.0,-1.8962500095367432,0.7599990367889404,0.0,20.0
-2.8860011100769043,9.999999747378752e-05,0.0,3.0,0.0,71.0,13.0,0.0,0.0,0.0,0.0,2.0,1.0,-0.2880001664161682,0.0,0.0,-21.97788429260254,29.4500732421875,81.0,4.0,0.0,25.0,32.0,0.0,0.0,0.0,0.0,1.0,0.0,-1.7662501335144043,-3.5,0.0,20.0
-3.619370937347412,9.999999747378752e-05,0.0,3.0,0.0,14.0,1.0,0.0,0.0,0.0,0.0,2.0,1.0,-0.38436974585056305,0.0,0.0,-36.60664367675781,9.999999747378752e-05,81.0,4.0,0.0,42.0,5.0,0.0,0.0,0.0,0.0,2.0,1.0,-1.1600002646446228,0.0,0.0,21.0
-3.7637405395507812,9.999999747378752e-05,0.0,3.0,0.0,64.0,13.0,0.0,0.0,0.0,0.0,2.0,1.0,0.0,0.0,0.0,-56.52975845336914,9.999999747378752e-05,81.0,4.0,0.0,20.0,9.0,0.0,0.0,0.0,0.0,2.0,1.0,-4.599999666213989,0.0,0.0,43.0
-3.7637405395507812,9.999999747378752e-05,0.0,3.0,0.0,64.0,14.0,0.0,0.0,0.0,0.0,2.0,1.0,0.0,0.0,0.0,-56.470375061035156,9.999999747378752e-05,81.0,4.0,1.0,24.0,2.0,0.0,0.0,0.0,0.0,2.0,1.0,3.7728118896484375,0.0,0.0,53.0
-3.7637405395507812,9.999999747378752e-05,0.0,3.0,0.0,64.0,27.0,0.0,0.0,0.0,0.0,2.0,1.0,0.0,0.0,0.0,-40.804710388183594,13.750099182128906,81.0,4.0,1.0,65.0,1.0,0.0,0.0,0.0,0.0,1.0,0.0,1.0748045444488525,0.6000000238418579,0.0,21.0
-3.7637405395507812,9.999999747378752e-05,0.0,3.0,0.0,64.0,40.0,0.0,0.0,0.0,0.0,2.0,1.0,0.0,0.0,0.0,-27.74225425720215,9.720099449157715,81.0,4.0,1.0,65.0,14.0,0.0,0.0,0.0,0.0,1.0,0.0,0.9448046684265137,-1.0899999141693115,0.0,43.0
0.9038311839103699,9.999999747378752e-05,0.0,3.0,0.0,181.0,5.0,0.0,0.0,1.0,0.0,2.0,1.0,1.4717146754264832,0.0,0.0,-19.839012145996094,9.999999747378752e-05,81.0,4.0,1.0,70.0,5.0,0.0,0.0,0.0,0.0,2.0,1.0,1.4096094965934753,0.0,0.0,21.0
3.9265480041503906,9.999999747378752e-05,0.0,3.0,0.0,179.0,-1.0,0.0,0.0,6.0,0.0,2.0,1.0,0.0,0.0,0.0,-17.0805721282959,9.999999747378752e-05,81.0,4.0,1.0,178.0,-1.0,0.0,0.0,7.0,0.0,2.0,1.0,0.0,0.0,0.0,21.0
3.9265480041503906,9.999999747378752e-05,0.0,3.0,0.0,235.0,13.0,0.0,0.0,7.0,0.0,2.0,1.0,0.0,0.0,0.0,-17.0805721282959,11.620098114013672,81.0,4.0,1.0,25.0,4.0,0.0,0.0,0.0,0.0,1.0,0.0,0.0,2.7099995613098145,0.0,25.0
3.9265480041503906,9.999999747378752e-05,0.0,3.0,0.0,235.0,26.0,0.0,0.0,7.0,0.0,2.0,1.0,0.0,0.0,0.0,-17.0805721282959,35.02008819580078,81.0,4.0,1.0,25.0,17.0,0.0,0.0,0.0,0.0,1.0,0.0,0.0,1.0199990272521973,0.0,25.0
3.9265480041503906,9.999999747378752e-05,0.0,3.0,0.0,18.0,3.0,0.0,0.0,0.0,0.0,2.0,1.0,0.0,0.0,0.0,-17.0805721282959,38.35007858276367,81.0,4.0,1.0,25.0,30.0,0.0,0.0,0.0,0.0,1.0,0.0,0.0,-0.1500009298324585,0.0,25.0
3.9265480041503906,9.999999747378752e-05,0.0,3.0,0.0,18.0,3.0,0.0,0.0,0.0,0.0,2.0,1.0,0.0,0.0,0.0,-17.0805721282959,38.35007858276367,81.0,4.0,1.0,25.0,43.0,0.0,0.0,0.0,0.0,1.0,0.0,0.0,-0.1500009298324585,0.0,25.0
3.9265480041503906,9.999999747378752e-05,0.0,3.0,0.0,18.0,3.0,0.0,0.0,0.0,0.0,2.0,1.0,0.0,0.0,0.0,-17.0805721282959,38.35007858276367,81.0,4.0,1.0,25.0,56.0,0.0,0.0,0.0,0.0,1.0,0.0,0.0,-0.1500009298324585,0.0,25.0
3.9265480041503906,9.999999747378752e-05,0.0,3.0,0.0,18.0,3.0,0.0,0.0,0.0,0.0,2.0,1.0,0.0,0.0,0.0,-17.0805721282959,38.35007858276367,81.0,4.0,1.0,25.0,69.0,0.0,0.0,0.0,0.0,1.0,0.0,0.0,-0.1500009298324585,0.0,25.0
3.9265480041503906,9.999999747378752e-05,0.0,3.0,0.0,18.0,3.0,0.0,0.0,0.0,0.0,2.0,1.0,0.0,0.0,0.0,-17.0805721282959,38.35007858276367,81.0,4.0,1.0,25.0,82.0,0.0,0.0,0.0,0.0,1.0,0.0,0.0,-0.1500009298324585,0.0,21.0
