-54.15679168701172,9.999999747378752e-05,0.0,1.0,1.0,235.0,1.0,0.0,0.0,7.0,0.0,2.0,1.0,0.0,0.0,0.0,-138.14141845703125,68.40013885498047,0.0,0.0,1.0,4.0,117.0,0.0,0.0,0.0,0.0,1.0,0.0,0.0,0.0,1.0,0.0
-54.15679168701172,9.999999747378752e-05,0.0,1.0,1.0,235.0,1.0,0.0,0.0,7.0,0.0,2.0,1.0,0.0,0.0,0.0,-138.14141845703125,68.40013885498047,0.0,0.0,1.0,4.0,121.0,0.0,0.0,0.0,0.0,1.0,0.0,0.0,0.0,1.0,57.0
-60.0,10.0,0.0,4.0,1.0,322.0,-1.0,0.0,0.0,0.0,0.0,1.0,0.0,0.0,0.0,0.0,60.0,10.0,0.0,4.0,0.0,322.0,-1.0,0.0,0.0,0.0,0.0,1.0,0.0,0.0,0.0,0.0,44.0
-60.0,10.60392951965332,0.0,4.0,1.0,323.0,11.0,0.0,0.0,0.0,0.0,1.0,0.0,0.0,0.0,0.0,60.0,10.329416275024414,0.0,4.0,0.0,323.0,6.0,0.0,0.0,0.0,0.0,1.0,0.0,0.0,0.0,0.0,57.0
-60.0,11.317663192749023,0.0,4.0,1.0,323.0,24.0,0.0,0.0,0.0,0.0,1.0,0.0,0.0,0.0,0.0,60.0,11.043149948120117,0.0,4.0,0.0,323.0,19.0,0.0,0.0,0.0,0.0,1.0,0.0,0.0,0.0,0.0,57.0
-60.0,11.262761116027832,0.0,4.0,1.0,324.0,-1.0,0.0,0.0,0.0,0.0,1.0,0.0,0.0,0.0,0.0,60.0,11.537274360656738,0.0,4.0,0.0,324.0,-1.0,0.0,0.0,0.0,0.0,1.0,0.0,0.0,0.0,0.0,37.0
-60.0,10.549026489257812,0.0,4.0,1.0,324.0,-1.0,0.0,0.0,0.0,0.0,1.0,0.0,0.0,0.0,0.0,60.0,10.823539733886719,0.0,4.0,0.0,324.0,-1.0,0.0,0.0,0.0,0.0,1.0,0.0,0.0,0.0,0.0,37.0
-60.0,8.754901885986328,0.0,4.0,1.0,29.0,4.0,0.0,0.0,0.0,0.0,1.0,0.0,0.0,-0.5199999809265137,0.0,60.0,10.1098051071167,0.0,4.0,0.0,324.0,-1.0,0.0,0.0,0.0,0.0,1.0,0.0,0.0,0.0,0.0,50.0
-60.0,9.999999747378752e-05,0.0,4.0,1.0,42.0,4.0,0.0,0.0,0.0,0.0,2.0,1.0,0.0,0.0,0.0,60.0,-0.08509719371795654,0.0,4.0,0.0,29.0,4.0,0.0,0.0,0.0,0.0,1.0,0.0,0.0,-1.559999942779541,0.0,50.0
-60.0,9.999999747378752e-05,0.0,4.0,1.0,180.0,0.0,0.0,0.0,9.0,0.0,2.0,1.0,0.0,0.0,0.0,57.06576919555664,9.999999747378752e-05,0.0,4.0,0.0,16.0,9.0,0.0,0.0,0.0,0.0,2.0,1.0,-0.9596057236194611,0.0,0.0,5.0
-60.0,9.999999747378752e-05,0.0,4.0,1.0,24.0,4.0,0.0,0.0,0.0,0.0,2.0,1.0,0.0,0.0,0.0,55.00278854370117,9.999999747378752e-05,0.0,4.0,0.0,16.0,13.0,0.0,0.0,0.0,0.0,2.0,1.0,-1.0646384358406067,0.0,0.0,37.0
-65.38999938964844,12.870100021362305,0.0,4.0,1.0,67.0,13.0,0.0,0.0,0.0,0.0,1.0,0.0,-0.7099999785423279,0.21000003814697266,0.0,47.68901824951172,9.999999747378752e-05,0.0,4.0,0.0,16.0,31.0,0.0,0.0,0.0,0.0,2.0,1.0,-1.1479933857917786,0.0,0.0,44.0
-70.29000091552734,3.7701005935668945,0.0,4.0,1.0,67.0,26.0,0.0,0.0,0.0,0.0,1.0,0.0,-0.12400000542402267,-1.4799998998641968,0.0,40.19466781616211,9.999999747378752e-05,0.0,4.0,0.0,16.0,9.0,0.0,0.0,0.0,0.0,2.0,1.0,-1.1548535227775574,0.0,0.0,50.0
-70.50799560546875,22.530094146728516,0.0,4.0,1.0,27.0,11.0,0.0,0.0,0.0,0.0,0.0,0.0,0.0,1.3599992990493774,0.0,32.68545150756836,9.999999747378752e-05,0.0,4.0,0.0,16.0,28.0,0.0,0.0,0.0,0.0,2.0,1.0,-1.1554179787635803,0.0,0.0,44.0
-66.197998046875,28.38008689880371,0.0,4.0,1.0,66.0,13.0,0.0,0.0,0.0,0.0,0.0,0.0,0.5660000443458557,-0.330000638961792,0.0,25.17501449584961,9.999999747378752e-05,0.0,4.0,0.0,16.0,6.0,0.0,0.0,0.0,0.0,2.0,1.0,-1.1554644703865051,0.0,0.0,44.0
-56.407997131347656,12.260079383850098,0.0,4.0,1.0,66.0,26.0,0.0,0.0,0.0,0.0,0.0,0.0,0.7739999890327454,-2.020000457763672,0.0,17.66447639465332,9.999999747378752e-05,0.0,4.0,0.0,16.0,25.0,0.0,0.0,0.0,0.0,2.0,1.0,-1.1554684042930603,0.0,0.0,60.0
-49.09599685668945,9.999999747378752e-05,0.0,4.0,1.0,71.0,13.0,0.0,0.0,0.0,0.0,2.0,1.0,0.2880001664161682,0.0,0.0,10.153934478759766,9.999999747378752e-05,0.0,4.0,0.0,16.0,3.0,0.0,0.0,0.0,0.0,2.0,1.0,-1.1554685235023499,0.0,0.0,44.0
-49.03199768066406,9.999999747378752e-05,0.0,4.0,1.0,178.0,-1.0,0.0,0.0,2.0,0.0,2.0,1.0,0.0,0.0,0.0,17.48916244506836,9.999999747378752e-05,0.0,4.0,0.0,349.0,6.0,0.0,0.0,0.0,0.0,2.0,1.0,-0.0006332397169899195,0.0,0.0,5.0
-49.03199768066406,9.999999747378752e-05,0.0,4.0,1.0,24.0,4.0,0.0,0.0,0.0,0.0,2.0,1.0,0.0,0.0,0.0,17.487903594970703,9.999999747378752e-05,0.0,4.0,0.0,349.0,10.0,0.0,0.0,0.0,0.0,2.0,1.0,-0.000631332368357107,0.0,0.0,44.0
-44.72199630737305,12.870100021362305,0.0,4.0,1.0,66.0,13.0,0.0,0.0,0.0,0.0,1.0,0.0,0.5660000443458557,0.21000003814697266,0.0,-11.55647087097168,9.999999747378752e-05,0.0,4.0,0.0,349.0,23.0,0.0,0.0,0.0,0.0,2.0,1.0,-6.112388372421265,0.0,0.0,5.0
-42.5579948425293,12.410099029541016,0.0,4.0,1.0,66.0,17.0,0.0,0.0,0.0,0.0,1.0,0.0,0.5260000824928284,-0.309999942779541,0.0,-22.188398361206055,9.999999747378752e-05,0.0,4.0,0.0,349.0,27.0,0.0,0.0,0.0,0.0,2.0,1.0,-4.83910346031189,0.0,0.0,5.0
-40.55399703979492,9.870100021362305,0.0,4.0,1.0,66.0,21.0,0.0,0.0,0.0,0.0,1.0,0.0,0.486000120639801,-0.8299999237060547,0.0,-27.15839385986328,9.999999747378752e-05,0.0,4.0,0.0,350.0,2.0,0.0,0.0,0.0,0.0,2.0,1.0,-0.6062500178813934,0.0,0.0,5.0
-40.07799530029297,8.910099983215332,7.0,4.0,1.0,90.0,1.0,0.0,2.0,38.0,0.0,1.0,0.0,1.6005087388748507e-07,2.8757646083831787,0.0,-31.586519241333008,4.299312591552734,6.0,4.0,0.0,79.0,1.0,0.0,2.0,20.0,0.0,1.0,0.0,1.122931718826294,1.0844025611877441,0.0,35.0
-29.09662437438965,35.240238189697266,7.0,4.0,1.0,90.0,13.0,0.0,0.0,26.0,0.0,1.0,0.0,0.34710484743118286,0.6769955158233643,0.0,-26.665151596069336,9.306112289428711,6.0,4.0,0.0,79.0,13.0,0.0,0.0,8.0,0.0,1.0,0.0,0.4492194354534149,-0.7239885330200195,0.0,50.0
-25.295869827270508,28.285053253173828,7.0,4.0,1.0,90.0,26.0,0.0,0.0,13.0,0.0,1.0,0.0,0.24544663727283478,-1.318164587020874,0.0,-23.702987670898438,9.999999747378752e-05,6.0,4.0,0.0,14.0,3.0,0.0,0.0,0.0,0.0,2.0,1.0,0.0,0.0,0.0,44.0
-22.816673278808594,6.562796592712402,7.0,4.0,1.0,90.0,39.0,0.0,0.0,0.0,0.0,1.0,0.0,0.14378826320171356,-1.9733245372772217,0.0,-23.702987670898438,23.220094680786133,6.0,4.0,0.0,25.0,9.0,0.0,0.0,0.0,0.0,1.0,0.0,0.0,2.0599989891052246,0.0,5.0
-22.319717407226562,19.62552833557129,7.0,4.0,1.0,27.0,4.0,0.0,0.0,0.0,0.0,0.0,0.0,0.11250876635313034,2.9950873851776123,0.0,-23.702987670898438,30.16008949279785,6.0,4.0,0.0,25.0,13.0,0.0,0.0,0.0,0.0,1.0,0.0,0.0,1.539999008178711,0.0,31.0
-21.377582550048828,39.65757369995117,12.0,4.0,0.0,85.0,2.0,0.0,0.0,17.0,0.0,0.0,0.0,0.2814512252807617,1.1941241025924683,0.0,-23.702987670898438,38.41007995605469,6.0,4.0,0.0,65.0,8.0,0.0,0.0,0.0,0.0,1.0,0.0,0.0,0.23999905586242676,0.0,50.0
-18.827239990234375,39.95599365234375,18.0,4.0,0.0,86.0,1.0,0.0,4.0,27.0,0.0,0.0,0.0,1.4710545539855957,1.4710545539855957,0.0,-23.702987670898438,31.150068283081055,6.0,4.0,0.0,65.0,20.0,0.0,4.0,0.0,0.0,1.0,0.0,0.0,-1.3200008869171143,0.0,50.0
-8.247783660888672,56.36738204956055,18.0,4.0,0.0,86.0,11.0,0.0,0.0,17.0,0.0,0.0,0.0,0.9230490326881409,-0.02953183650970459,0.0,-23.702987670898438,10.800060272216797,6.0,4.0,0.0,65.0,30.0,0.0,0.0,0.0,0.0,1.0,0.0,0.0,-2.6200013160705566,0.0,50.0
1.0239441394805908,40.48880386352539,18.0,4.0,0.0,86.0,24.0,0.0,0.0,4.0,0.0,0.0,0.0,0.5333475470542908,-2.165910482406616,0.0,-23.702987670898438,9.999999747378752e-05,6.0,4.0,0.0,18.0,4.0,0.0,0.0,0.0,0.0,2.0,1.0,0.0,0.0,0.0,50.0
5.229549407958984,8.577317237854004,18.0,4.0,0.0,29.0,8.0,0.0,0.0,0.0,0.0,0.0,0.0,0.1436457633972168,-2.7022887468338013,0.0,-23.702987670898438,9.999999747378752e-05,6.0,4.0,1.0,14.0,6.0,0.0,0.0,0.0,0.0,2.0,1.0,0.0,0.0,0.0,60.0
6.12836217880249,9.999999747378752e-05,18.0,4.0,0.0,41.0,1.0,0.0,0.0,0.0,0.0,2.0,1.0,0.0,0.0,0.0,-23.3861026763916,9.999999747378752e-05,6.0,4.0,1.0,15.0,2.0,0.0,0.0,0.0,0.0,2.0,1.0,0.3487335592508316,0.0,0.0,44.0
6.12836217880249,9.999999747378752e-05,18.0,4.0,0.0,63.0,8.0,0.0,0.0,0.0,0.0,2.0,1.0,0.0,0.0,0.0,-19.519243240356445,9.999999747378752e-05,6.0,4.0,1.0,16.0,15.0,0.0,0.0,0.0,0.0,2.0,1.0,0.758920818567276,0.0,0.0,44.0
6.12836217880249,9.999999747378752e-05,18.0,4.0,0.0,63.0,21.0,0.0,0.0,0.0,0.0,2.0,1.0,0.0,0.0,0.0,-16.9290771484375,9.999999747378752e-05,6.0,4.0,1.0,14.0,9.0,0.0,0.0,0.0,0.0,2.0,1.0,0.0,0.0,0.0,44.0
6.12836217880249,9.999999747378752e-05,18.0,4.0,0.0,63.0,34.0,0.0,0.0,0.0,0.0,2.0,1.0,0.0,0.0,0.0,-26.627500534057617,9.999999747378752e-05,6.0,4.0,1.0,349.0,9.0,0.0,0.0,0.0,0.0,2.0,1.0,0.000631332368357107,0.0,0.0,44.0
6.12836217880249,9.999999747378752e-05,18.0,4.0,0.0,181.0,0.0,0.0,4.0,6.0,0.0,2.0,1.0,1.2158572673797607,0.0,0.0,-14.879080772399902,9.999999747378752e-05,6.0,4.0,1.0,350.0,3.0,0.0,4.0,0.0,0.0,2.0,1.0,0.6062498986721039,0.0,0.0,14.0
11.726934432983398,9.999999747378752e-05,18.0,4.0,0.0,181.0,19.0,0.0,0.0,6.0,0.0,2.0,1.0,0.35171492397785187,0.0,0.0,-11.847830772399902,9.999999747378752e-05,6.0,4.0,1.0,350.0,13.0,0.0,0.0,0.0,0.0,2.0,1.0,0.6062502562999725,0.0,0.0,14.0
11.83864974975586,23.220094680786133,18.0,4.0,0.0,25.0,9.0,0.0,0.0,0.0,0.0,1.0,0.0,0.0,2.0599989891052246,0.0,-10.938456535339355,9.999999747378752e-05,6.0,4.0,1.0,14.0,2.0,0.0,0.0,0.0,0.0,2.0,1.0,0.0,0.0,0.0,44.0
16.148651123046875,38.17007827758789,18.0,4.0,0.0,67.0,13.0,0.0,0.0,0.0,0.0,1.0,0.0,0.5660000443458557,0.3699990510940552,0.0,-10.938456535339355,9.999999747378752e-05,6.0,4.0,1.0,14.0,15.0,0.0,0.0,0.0,0.0,2.0,1.0,0.0,0.0,0.0,14.0
22.596654891967773,31.150068283081055,18.0,4.0,0.0,67.0,26.0,0.0,0.0,0.0,0.0,1.0,0.0,0.43600016832351685,-1.3200008869171143,0.0,-8.524928092956543,9.999999747378752e-05,6.0,4.0,1.0,15.0,12.0,0.0,0.0,0.0,0.0,2.0,1.0,0.6303106248378754,0.0,0.0,50.0
23.438655853271484,50.230064392089844,18.0,4.0,0.0,27.0,11.0,0.0,0.0,0.0,0.0,0.0,0.0,0.0,1.3599992990493774,0.0,-3.269437074661255,9.999999747378752e-05,6.0,4.0,1.0,16.0,23.0,0.0,0.0,0.0,0.0,2.0,1.0,0.9585451185703278,0.0,0.0,37.0
18.048656463623047,56.08005142211914,18.0,4.0,0.0,66.0,13.0,0.0,0.0,0.0,0.0,0.0,0.0,-0.7099999785423279,-0.330000638961792,0.0,3.5990848541259766,9.999999747378752e-05,6.0,4.0,1.0,16.0,0.0,0.0,0.0,0.0,0.0,2.0,1.0,1.0842519402503967,0.0,0.0,37.0
5.178657054901123,39.960044860839844,18.0,4.0,0.0,66.0,26.0,0.0,0.0,0.0,0.0,0.0,0.0,-1.1100000143051147,-2.020000457763672,0.0,6.737981796264648,9.999999747378752e-05,6.0,4.0,1.0,14.0,10.0,0.0,0.0,0.0,0.0,2.0,1.0,0.0,0.0,0.0,37.0
-9.371341705322266,4.810042381286621,18.0,4.0,0.0,66.0,39.0,0.0,0.0,0.0,0.0,0.0,0.0,-1.1100000143051147,-2.9000000953674316,0.0,6.737981796264648,9.999999747378752e-05,6.0,4.0,1.0,14.0,23.0,0.0,0.0,0.0,0.0,2.0,1.0,0.0,0.0,0.0,44.0
-16.873342514038086,9.999999747378752e-05,18.0,4.0,0.0,178.0,-1.0,0.0,0.0,6.0,0.0,2.0,1.0,-0.1720004305243492,0.0,0.0,6.737981796264648,9.999999747378752e-05,6.0,4.0,1.0,64.0,7.0,0.0,0.0,0.0,0.0,2.0,1.0,0.0,0.0,0.0,7.0
-16.03396224975586,9.999999747378752e-05,18.0,4.0,0.0,234.0,4.0,0.0,0.0,0.0,0.0,2.0,1.0,1.678761899471283,0.0,0.0,6.737981796264648,9.999999747378752e-05,6.0,4.0,1.0,64.0,11.0,0.0,0.0,0.0,0.0,2.0,1.0,0.0,0.0,0.0,47.0
7.819930076599121,9.999999747378752e-05,18.0,4.0,0.0,234.0,17.0,0.0,0.0,0.0,0.0,2.0,1.0,2.2397459745407104,0.0,0.0,8.537982940673828,9.999999747378752e-05,6.0,4.0,1.0,64.0,24.0,0.0,0.0,0.0,0.0,2.0,1.0,0.0,0.0,0.0,14.0
16.964624404907227,9.999999747378752e-05,18.0,4.0,0.0,234.0,30.0,0.0,0.0,0.0,0.0,2.0,1.0,0.26044464111328125,0.0,0.0,7.037981986999512,9.999999747378752e-05,6.0,4.0,1.0,64.0,37.0,0.0,0.0,0.0,0.0,2.0,1.0,0.0,0.0,0.0,47.0
-7.262537002563477,9.999999747378752e-05,18.0,4.0,0.0,233.0,11.0,0.0,0.0,0.0,0.0,2.0,1.0,-2.87545382976532,0.0,0.0,7.037981986999512,9.999999747378752e-05,6.0,4.0,1.0,14.0,1.0,0.0,0.0,0.0,0.0,2.0,1.0,0.0,0.0,0.0,44.0
-16.407997131347656,9.999999747378752e-05,18.0,4.0,1.0,233.0,24.0,0.0,0.0,0.0,0.0,2.0,1.0,-0.4636230170726776,0.0,0.0,7.037981986999512,9.999999747378752e-05,6.0,4.0,0.0,14.0,2.0,0.0,0.0,0.0,0.0,2.0,1.0,0.0,0.0,0.0,44.0
-16.961421966552734,9.999999747378752e-05,18.0,4.0,1.0,178.0,-1.0,0.0,0.0,5.0,0.0,2.0,1.0,0.0,0.0,0.0,7.037981986999512,9.999999747378752e-05,6.0,4.0,0.0,14.0,15.0,0.0,0.0,0.0,0.0,2.0,1.0,0.0,0.0,0.0,44.0
9.784709930419922,9.999999747378752e-05,18.0,4.0,1.0,233.0,13.0,0.0,0.0,0.0,0.0,2.0,1.0,2.371005892753601,0.0,0.0,8.033607482910156,9.999999747378752e-05,6.0,4.0,0.0,14.0,8.0,0.0,0.0,0.0,0.0,2.0,1.0,0.0,0.0,0.0,37.0
16.75482749938965,9.999999747378752e-05,18.0,4.0,0.0,233.0,26.0,0.0,0.0,0.0,0.0,2.0,1.0,0.2744903415441513,0.0,0.0,6.53360652923584,9.999999747378752e-05,6.0,4.0,1.0,14.0,1.0,0.0,0.0,0.0,0.0,2.0,1.0,0.0,0.0,0.0,44.0
16.9895076751709,9.999999747378752e-05,18.0,4.0,0.0,178.0,-1.0,0.0,0.0,7.0,0.0,2.0,1.0,0.0,0.0,0.0,6.53360652923584,9.999999747378752e-05,6.0,4.0,1.0,14.0,14.0,0.0,0.0,0.0,0.0,2.0,1.0,0.0,0.0,0.0,44.0
23.03850746154785,21.16009521484375,18.0,4.0,0.0,26.0,8.0,0.0,0.0,0.0,0.0,1.0,0.0,0.7739999890327454,2.1899991035461426,0.0,7.753796100616455,9.999999747378752e-05,6.0,4.0,1.0,24.0,2.0,0.0,0.0,0.0,0.0,2.0,1.0,0.0008278787136077881,0.0,0.0,44.0
33.22050857543945,37.80008316040039,18.0,4.0,0.0,67.0,13.0,0.0,0.0,0.0,0.0,1.0,0.0,0.7739999890327454,0.4999990463256836,0.0,15.782692909240723,26.950092315673828,6.0,4.0,1.0,25.0,11.0,0.0,0.0,0.0,0.0,1.0,0.0,0.8943307399749756,1.7999989986419678,0.0,60.0
43.40251159667969,32.470069885253906,18.0,4.0,0.0,67.0,26.0,0.0,0.0,0.0,0.0,1.0,0.0,0.7739999890327454,-1.1900008916854858,0.0,30.025693893432617,38.52008056640625,6.0,4.0,1.0,25.0,24.0,0.0,0.0,0.0,0.0,1.0,0.0,1.1200000047683716,0.10999906063079834,0.0,60.0
53.1145133972168,9.999999747378752e-05,18.0,4.0,0.0,42.0,4.0,0.0,0.0,0.0,0.0,2.0,1.0,1.0879999995231628,0.0,0.0,43.92569351196289,28.120067596435547,6.0,4.0,1.0,29.0,2.0,0.0,0.0,0.0,0.0,1.0,0.0,1.0100001096725464,-1.580000877380371,0.0,44.0
54.69851303100586,9.999999747378752e-05,18.0,4.0,0.0,216.0,4.0,0.0,0.0,0.0,0.0,2.0,1.0,0.0,0.0,0.0,46.830406188964844,-0.6100935935974121,6.0,4.0,1.0,224.0,5.0,0.0,0.0,5.0,0.0,1.0,0.0,0.0,0.0,0.0,0.0
54.69851303100586,9.999999747378752e-05,18.0,4.0,0.0,219.0,4.0,0.0,0.0,0.0,0.0,2.0,1.0,0.0,0.0,0.0,48.6032600402832,-1.5166425704956055,6.0,4.0,0.0,239.0,4.0,0.0,0.0,0.0,0.0,1.0,0.0,0.0,0.0,0.0,11.0
54.69851303100586,9.999999747378752e-05,18.0,4.0,0.0,219.0,14.0,0.0,0.0,0.0,0.0,2.0,1.0,0.0,0.0,0.0,46.04331970214844,-1.1275463104248047,11.0,4.0,0.0,239.0,14.0,0.0,0.0,0.0,0.0,1.0,0.0,0.0,0.0,0.0,11.0
54.69851303100586,9.999999747378752e-05,18.0,4.0,0.0,219.0,27.0,0.0,0.0,0.0,0.0,2.0,1.0,0.0,0.0,0.0,33.69873809814453,4.490350723266602,15.0,4.0,1.0,86.0,11.0,0.0,0.0,18.0,0.0,1.0,0.0,-1.1352243423461914,-0.16477560997009277,0.0,47.0
54.69851303100586,9.999999747378752e-05,18.0,4.0,0.0,14.0,1.0,0.0,0.0,0.0,0.0,2.0,1.0,0.0,0.0,0.0,22.862272262573242,9.999999747378752e-05,15.0,4.0,1.0,15.0,1.0,0.0,0.0,0.0,0.0,2.0,1.0,-0.08987502753734589,0.0,0.0,14.0
54.69851303100586,23.220094680786133,18.0,4.0,0.0,25.0,9.0,0.0,0.0,0.0,0.0,1.0,0.0,0.0,2.0599989891052246,0.0,27.391494750976562,9.999999747378752e-05,15.0,4.0,1.0,16.0,16.0,0.0,0.0,0.0,0.0,2.0,1.0,1.0696304440498352,0.0,0.0,44.0
59.00851058959961,38.17007827758789,18.0,4.0,0.0,67.0,13.0,0.0,0.0,0.0,0.0,1.0,0.0,0.5660000443458557,0.3699990510940552,0.0,34.54294204711914,9.999999747378752e-05,15.0,4.0,1.0,16.0,33.0,0.0,0.0,0.0,0.0,2.0,1.0,1.1086179614067078,0.0,0.0,44.0
68.79849243164062,31.150068283081055,18.0,4.0,0.0,67.0,26.0,0.0,0.0,0.0,0.0,1.0,0.0,0.7739999890327454,-1.3200008869171143,0.0,41.7628288269043,9.999999747378752e-05,15.0,4.0,1.0,16.0,11.0,0.0,0.0,0.0,0.0,2.0,1.0,1.11515873670578,0.0,0.0,44.0
78.80646514892578,50.230064392089844,18.0,4.0,0.0,28.0,11.0,0.0,0.0,0.0,0.0,0.0,0.0,0.7739999890327454,1.3599992990493774,0.0,49.05171203613281,9.999999747378752e-05,15.0,4.0,1.0,16.0,29.0,0.0,0.0,0.0,0.0,2.0,1.0,1.1236761212348938,0.0,0.0,37.0
83.45845794677734,56.08005142211914,18.0,4.0,0.0,66.0,13.0,0.0,0.0,0.0,0.0,0.0,0.0,0.043999962508678436,-0.330000638961792,0.0,56.34548568725586,9.999999747378752e-05,15.0,4.0,1.0,16.0,7.0,0.0,0.0,0.0,0.0,2.0,1.0,1.1110236048698425,0.0,0.0,37.0
78.64046478271484,39.960044860839844,18.0,4.0,0.0,66.0,26.0,0.0,0.0,0.0,0.0,0.0,0.0,-0.6660000681877136,-2.020000457763672,0.0,62.30691146850586,9.999999747378752e-05,15.0,4.0,1.0,56.0,2.0,0.0,0.0,0.0,0.0,2.0,1.0,0.2976378798484802,0.0,0.0,37.0
65.58844757080078,4.810042381286621,18.0,4.0,0.0,66.0,39.0,0.0,0.0,0.0,0.0,0.0,0.0,-1.1100000143051147,-2.9000000953674316,0.0,62.375728607177734,9.999999747378752e-05,15.0,4.0,1.0,56.0,15.0,0.0,0.0,0.0,0.0,2.0,1.0,0.0,0.0,0.0,37.0
54.48844909667969,9.999999747378752e-05,18.0,4.0,0.0,178.0,-1.0,0.0,0.0,5.0,0.0,2.0,1.0,-0.4800003319978714,0.0,0.0,63.87572479248047,9.999999747378752e-05,15.0,4.0,1.0,56.0,28.0,0.0,0.0,0.0,0.0,2.0,1.0,0.0,0.0,0.0,47.0
27.742313385009766,9.999999747378752e-05,18.0,4.0,0.0,233.0,13.0,0.0,0.0,0.0,0.0,2.0,1.0,-2.371005892753601,0.0,0.0,63.87572479248047,9.999999747378752e-05,15.0,4.0,1.0,18.0,1.0,0.0,0.0,0.0,0.0,2.0,1.0,0.0,0.0,0.0,47.0
20.77219581604004,9.999999747378752e-05,18.0,4.0,1.0,233.0,26.0,0.0,0.0,0.0,0.0,2.0,1.0,-0.2744903415441513,0.0,0.0,63.87572479248047,9.999999747378752e-05,15.0,4.0,0.0,14.0,3.0,0.0,0.0,0.0,0.0,2.0,1.0,0.0,0.0,0.0,37.0
20.53751564025879,9.999999747378752e-05,18.0,4.0,1.0,178.0,-1.0,0.0,0.0,7.0,0.0,2.0,1.0,0.0,0.0,0.0,63.87572479248047,9.999999747378752e-05,15.0,4.0,0.0,14.0,16.0,0.0,0.0,0.0,0.0,2.0,1.0,0.0,0.0,0.0,37.0
20.53751564025879,9.999999747378752e-05,18.0,4.0,1.0,180.0,12.0,0.0,0.0,20.0,0.0,2.0,1.0,0.0,0.0,0.0,61.47564697265625,9.999999747378752e-05,15.0,4.0,0.0,15.0,12.0,0.0,0.0,0.0,0.0,2.0,1.0,-0.6261092722415924,0.0,0.0,50.0
20.53751564025879,23.220094680786133,18.0,4.0,1.0,25.0,9.0,0.0,0.0,0.0,0.0,1.0,0.0,0.0,2.0599989891052246,0.0,56.25733947753906,9.999999747378752e-05,15.0,4.0,0.0,16.0,25.0,0.0,0.0,0.0,0.0,2.0,1.0,-0.9516132771968842,0.0,0.0,50.0
20.53751564025879,47.66008758544922,18.0,4.0,1.0,27.0,13.0,0.0,0.0,0.0,0.0,0.0,0.0,0.0,1.0999993085861206,0.0,49.331825256347656,9.999999747378752e-05,15.0,4.0,0.0,16.0,1.0,0.0,0.0,0.0,0.0,2.0,1.0,-1.1067411303520203,0.0,0.0,37.0
15.147518157958984,50.13008499145508,18.0,4.0,1.0,67.0,13.0,0.0,0.0,0.0,0.0,0.0,0.0,-0.7099999785423279,-0.5900006294250488,0.0,42.11782455444336,9.999999747378752e-05,15.0,4.0,0.0,16.0,19.0,0.0,0.0,0.0,0.0,2.0,1.0,-1.102343738079071,0.0,0.0,37.0
1.7975183725357056,30.63007164001465,18.0,4.0,1.0,67.0,26.0,0.0,0.0,0.0,0.0,0.0,0.0,-1.1100000143051147,-2.280000686645508,0.0,34.88829803466797,9.999999747378752e-05,15.0,4.0,0.0,16.0,37.0,0.0,0.0,0.0,0.0,2.0,1.0,-1.1204527020454407,0.0,0.0,37.0
-12.752480506896973,0.00010013580322265625,18.0,4.0,1.0,42.0,1.0,0.0,0.0,0.0,0.0,2.0,1.0,-2.2200000286102295,-2.9000000953674316,0.0,27.53992462158203,9.999999747378752e-05,15.0,4.0,0.0,16.0,15.0,0.0,0.0,0.0,0.0,2.0,1.0,-1.1386783719062805,0.0,0.0,5.0
-15.832480430603027,9.999999747378752e-05,18.0,4.0,1.0,42.0,5.0,0.0,0.0,0.0,0.0,2.0,1.0,-1.2600001692771912,0.0,0.0,25.250242233276367,9.999999747378752e-05,15.0,4.0,0.0,16.0,20.0,0.0,0.0,0.0,0.0,2.0,1.0,-1.147682249546051,0.0,0.0,5.0
-17.552478790283203,9.999999747378752e-05,18.0,4.0,1.0,24.0,4.0,0.0,0.0,0.0,0.0,2.0,1.0,-0.6200003325939178,0.0,0.0,22.949161529541016,9.999999747378752e-05,15.0,4.0,0.0,16.0,26.0,0.0,0.0,0.0,0.0,2.0,1.0,-1.1518577933311462,0.0,0.0,37.0
-25.964981079101562,12.870100021362305,18.0,4.0,1.0,67.0,13.0,0.0,0.0,0.0,0.0,1.0,0.0,-0.942500114440918,0.21000003814697266,0.0,15.504626274108887,9.999999747378752e-05,15.0,4.0,0.0,16.0,4.0,0.0,0.0,0.0,0.0,2.0,1.0,-1.1493096947669983,0.0,0.0,60.0
-33.17748260498047,9.999999747378752e-05,18.0,4.0,1.0,72.0,11.0,0.0,0.0,0.0,0.0,2.0,1.0,-0.2530006766319275,0.0,0.0,8.00742244720459,9.999999747378752e-05,15.0,4.0,0.0,16.0,23.0,0.0,0.0,0.0,0.0,2.0,1.0,-1.154961884021759,0.0,0.0,50.0
-33.22398376464844,9.999999747378752e-05,18.0,4.0,1.0,178.0,-1.0,0.0,0.0,1.0,0.0,2.0,1.0,0.0,0.0,0.0,6.205055236816406,9.999999747378752e-05,15.0,4.0,0.0,14.0,13.0,0.0,0.0,0.0,0.0,2.0,1.0,0.0,0.0,0.0,44.0
-6.477853775024414,9.999999747378752e-05,18.0,4.0,1.0,233.0,13.0,0.0,0.0,0.0,0.0,2.0,1.0,2.371005892753601,0.0,0.0,14.178426742553711,9.999999747378752e-05,15.0,4.0,0.0,349.0,3.0,0.0,0.0,0.0,0.0,2.0,1.0,6.1600682735443115,0.0,0.0,50.0
0.49226367473602295,9.999999747378752e-05,18.0,4.0,0.0,233.0,26.0,0.0,0.0,0.0,0.0,2.0,1.0,0.2744903415441513,0.0,0.0,15.598455429077148,9.999999747378752e-05,15.0,4.0,0.0,350.0,1.0,0.0,0.0,0.0,0.0,2.0,1.0,-0.6062500178813934,0.0,0.0,44.0
5.903375625610352,18.729555130004883,24.0,4.0,1.0,90.0,8.0,0.0,0.0,34.0,0.0,1.0,0.0,0.42584359645843506,1.834445595741272,0.0,12.870330810546875,9.999999747378752e-05,15.0,4.0,0.0,350.0,10.0,0.0,0.0,0.0,0.0,2.0,1.0,-0.6062497794628143,0.0,0.0,5.0
7.52855110168457,24.263368606567383,24.0,4.0,1.0,90.0,12.0,0.0,0.0,30.0,0.0,1.0,0.0,0.394564151763916,1.1128579378128052,0.0,11.657831192016602,9.999999747378752e-05,15.0,4.0,0.0,350.0,14.0,0.0,0.0,0.0,0.0,2.0,1.0,-0.6062497794628143,0.0,0.0,35.0
11.946277618408203,22.62439727783203,24.0,4.0,1.0,90.0,25.0,0.0,0.0,17.0,0.0,1.0,0.0,0.2929059565067291,-1.0123021602630615,0.0,11.051581382751465,9.999999747378752e-05,15.0,4.0,0.0,14.0,3.0,0.0,0.0,0.0,0.0,2.0,1.0,0.0,0.0,0.0,5.0
13.039702415466309,18.07122039794922,24.0,4.0,1.0,90.0,29.0,0.0,0.0,13.0,0.0,1.0,0.0,0.2616265118122101,-1.2138898372650146,0.0,11.051581382751465,9.999999747378752e-05,15.0,4.0,0.0,56.0,3.0,0.0,0.0,0.0,0.0,2.0,1.0,0.0,0.0,0.0,35.0
15.729238510131836,-2.2954654693603516,24.0,4.0,1.0,90.0,42.0,0.0,0.0,0.0,0.0,1.0,0.0,0.15996813774108887,-1.8690497875213623,0.0,11.051581382751465,9.999999747378752e-05,15.0,4.0,0.0,56.0,16.0,0.0,0.0,0.0,0.0,2.0,1.0,0.0,0.0,0.0,37.0
18.933530807495117,9.999999747378752e-05,24.0,4.0,1.0,181.0,2.0,0.0,0.0,0.0,0.0,2.0,1.0,3.3600000143051147,0.0,0.0,9.551580429077148,9.999999747378752e-05,15.0,4.0,0.0,56.0,23.0,0.0,0.0,0.0,0.0,2.0,1.0,0.0,0.0,0.0,37.0
28.453529357910156,9.999999747378752e-05,24.0,4.0,1.0,181.0,15.0,0.0,0.0,0.0,0.0,2.0,1.0,0.32000070810317993,0.0,0.0,9.551580429077148,9.999999747378752e-05,15.0,4.0,0.0,56.0,36.0,0.0,0.0,0.0,0.0,2.0,1.0,0.0,0.0,0.0,37.0
28.53352928161621,9.999999747378752e-05,24.0,4.0,1.0,180.0,0.0,0.0,0.0,8.0,0.0,2.0,1.0,0.0,0.0,0.0,9.551580429077148,9.999999747378752e-05,15.0,4.0,1.0,18.0,9.0,0.0,0.0,0.0,0.0,2.0,1.0,0.0,0.0,0.0,14.0
28.53352928161621,23.220094680786133,24.0,4.0,1.0,25.0,9.0,0.0,0.0,0.0,0.0,1.0,0.0,0.0,2.0599989891052246,0.0,9.551580429077148,9.999999747378752e-05,15.0,4.0,1.0,14.0,11.0,0.0,0.0,0.0,0.0,2.0,1.0,0.0,0.0,0.0,44.0
32.843528747558594,38.170082092285156,24.0,4.0,1.0,66.0,13.0,0.0,0.0,0.0,0.0,1.0,0.0,0.5660000443458557,0.3699990510940552,0.0,9.55230712890625,9.999999747378752e-05,15.0,4.0,1.0,347.0,10.0,0.0,0.0,0.0,0.0,2.0,1.0,-1.8123770132660866e-05,0.0,0.0,37.0
34.811527252197266,31.150068283081055,24.0,4.0,1.0,66.0,26.0,0.0,0.0,0.0,0.0,1.0,0.0,-0.14399996399879456,-1.3200008869171143,0.0,9.568361282348633,9.999999747378752e-05,15.0,4.0,1.0,347.0,23.0,0.0,0.0,0.0,0.0,2.0,1.0,0.0018168239621445537,0.0,0.0,37.0
27.54952621459961,2.27005672454834,24.0,4.0,1.0,66.0,39.0,0.0,0.0,0.0,0.0,1.0,0.0,-0.8539999723434448,-2.9000000953674316,0.0,9.566143035888672,9.999999747378752e-05,15.0,4.0,1.0,347.0,36.0,0.0,0.0,0.0,0.0,2.0,1.0,-0.0015892180963419378,0.0,0.0,37.0
21.10753059387207,9.999999747378752e-05,24.0,4.0,1.0,178.0,-1.0,0.0,0.0,7.0,0.0,2.0,1.0,-0.02800026535987854,0.0,0.0,9.555472373962402,9.999999747378752e-05,15.0,4.0,1.0,347.0,49.0,0.0,0.0,0.0,0.0,2.0,1.0,-0.001084771880414337,0.0,0.0,50.0
21.10753059387207,9.999999747378752e-05,51.0,4.0,0.0,88.0,1.0,0.0,2.0,60.0,0.0,1.0,0.0,3.277815341949463,3.1653497219085693,0.0,9.55449390411377,9.999999747378752e-05,15.0,4.0,1.0,347.0,52.0,0.0,2.0,0.0,0.0,2.0,1.0,-0.00041299591248389333,0.0,0.0,50.0
51.39855194091797,39.519500732421875,51.0,4.0,0.0,88.0,13.0,0.0,0.0,48.0,0.0,1.0,0.0,2.3566734790802,1.603344202041626,0.0,21.169940948486328,9.999999747378752e-05,15.0,4.0,1.0,347.0,64.0,0.0,0.0,0.0,0.0,2.0,1.0,0.619899719953537,0.0,0.0,50.0
79.26264953613281,45.47124481201172,51.0,4.0,0.0,88.0,26.0,0.0,0.0,35.0,0.0,1.0,0.0,1.960578441619873,-0.26833105087280273,0.0,21.879398345947266,9.999999747378752e-05,15.0,4.0,1.0,347.0,77.0,0.0,0.0,0.0,0.0,2.0,1.0,0.007495879661291838,0.0,0.0,28.0
101.97750854492188,38.261199951171875,51.0,4.0,0.0,88.0,29.0,0.0,0.0,22.0,0.0,1.0,0.0,1.5644837617874146,-0.8000061511993408,1.0,21.882081985473633,9.999999747378752e-05,15.0,4.0,1.0,347.0,90.0,0.0,0.0,0.0,0.0,2.0,1.0,-0.0029926298884674907,0.0,0.0,37.0
119.54313659667969,24.139389038085938,51.0,4.0,0.0,88.0,29.0,0.0,0.0,9.0,0.0,1.0,0.0,1.168389081954956,-1.331681251525879,1.0,21.87277603149414,9.999999747378752e-05,15.0,4.0,1.0,14.0,4.0,0.0,0.0,0.0,0.0,2.0,1.0,0.0,0.0,0.0,37.0
131.12954711914062,3.1058104038238525,51.0,4.0,0.0,38.0,5.0,0.0,0.0,0.0,0.0,1.0,0.0,0.5422944128513336,-1.863356351852417,1.0,21.87277603149414,9.999999747378752e-05,15.0,4.0,1.0,14.0,17.0,0.0,0.0,0.0,0.0,2.0,1.0,0.0,0.0,0.0,37.0
130.01669311523438,-24.839540481567383,51.0,4.0,0.0,66.0,13.0,0.0,0.0,0.0,0.0,1.0,0.0,-0.5638003349304199,-2.395030677318573,1.0,24.95603370666504,9.999999747378752e-05,15.0,4.0,1.0,15.0,16.0,0.0,0.0,0.0,0.0,2.0,1.0,0.6827147305011749,0.0,0.0,37.0
117.78450012207031,-59.66996765136719,51.0,4.0,0.0,66.0,26.0,0.0,0.0,0.0,0.0,1.0,0.0,-1.1100000143051147,-2.9000000953674316,1.0,30.537765502929688,9.999999747378752e-05,15.0,4.0,1.0,16.0,26.0,0.0,0.0,0.0,0.0,2.0,1.0,1.0084567666053772,0.0,0.0,37.0
103.23446655273438,-97.36998748779297,51.0,4.0,0.0,66.0,39.0,0.0,0.0,0.0,0.0,1.0,0.0,-1.1100000143051147,-2.9000000953674316,1.0,37.7622184753418,9.999999747378752e-05,15.0,4.0,1.0,16.0,3.0,0.0,0.0,0.0,0.0,2.0,1.0,1.1513610482215881,0.0,0.0,37.0
88.68443298339844,-135.0699920654297,51.0,4.0,0.0,66.0,13.0,0.0,0.0,0.0,0.0,1.0,0.0,-1.1100000143051147,-2.9000000953674316,1.0,45.25908660888672,9.999999747378752e-05,15.0,4.0,1.0,16.0,22.0,0.0,0.0,0.0,0.0,2.0,1.0,1.1511810421943665,0.0,0.0,10.0
86.44442749023438,-140.86997985839844,0.0,3.0,0.0,0.0,-1.0,0.0,0.0,0.0,0.0,1.0,0.0,0.0,0.0,1.0,52.634681701660156,9.999999747378752e-05,15.0,4.0,1.0,16.0,0.0,0.0,0.0,0.0,0.0,2.0,1.0,1.1244093775749207,0.0,0.0,4.0
86.44442749023438,-140.86997985839844,0.0,3.0,0.0,0.0,-1.0,0.0,0.0,0.0,0.0,1.0,0.0,0.0,0.0,1.0,54.883506774902344,9.999999747378752e-05,15.0,4.0,1.0,16.0,5.0,0.0,0.0,0.0,0.0,2.0,1.0,1.1244093775749207,0.0,0.0,4.0
86.44442749023438,-140.86997985839844,0.0,3.0,0.0,0.0,-1.0,0.0,0.0,0.0,0.0,1.0,0.0,0.0,0.0,1.0,57.112247467041016,9.999999747378752e-05,15.0,4.0,1.0,16.0,11.0,0.0,0.0,0.0,0.0,2.0,1.0,1.1110236048698425,0.0,0.0,4.0
86.44442749023438,-140.86997985839844,0.0,3.0,0.0,0.0,-1.0,0.0,0.0,0.0,0.0,1.0,0.0,0.0,0.0,1.0,59.334293365478516,9.999999747378752e-05,15.0,4.0,1.0,16.0,16.0,0.0,0.0,0.0,0.0,2.0,1.0,1.1110236048698425,0.0,0.0,4.0
86.44442749023438,-140.86997985839844,0.0,3.0,0.0,0.0,-1.0,0.0,0.0,0.0,0.0,1.0,0.0,0.0,0.0,1.0,61.5362663269043,9.999999747378752e-05,15.0,4.0,1.0,16.0,22.0,0.0,0.0,0.0,0.0,2.0,1.0,1.0976377129554749,0.0,0.0,4.0
86.44442749023438,-140.86997985839844,0.0,3.0,0.0,0.0,-1.0,0.0,0.0,0.0,0.0,1.0,0.0,0.0,0.0,1.0,63.73154830932617,9.999999747378752e-05,15.0,4.0,1.0,16.0,27.0,0.0,0.0,0.0,0.0,2.0,1.0,1.0976377129554749,0.0,0.0,4.0
86.44442749023438,-140.86997985839844,0.0,3.0,0.0,0.0,-1.0,0.0,0.0,0.0,0.0,1.0,0.0,0.0,0.0,1.0,65.91344451904297,9.999999747378752e-05,15.0,4.0,1.0,16.0,32.0,0.0,0.0,0.0,0.0,2.0,1.0,1.0842519402503967,0.0,0.0,4.0
86.44442749023438,-140.86997985839844,0.0,3.0,0.0,0.0,-1.0,0.0,0.0,0.0,0.0,1.0,0.0,0.0,0.0,1.0,68.08196258544922,9.999999747378752e-05,15.0,4.0,1.0,16.0,38.0,0.0,0.0,0.0,0.0,2.0,1.0,1.0842519402503967,0.0,0.0,4.0
86.44442749023438,-140.86997985839844,0.0,3.0,0.0,0.0,-1.0,0.0,0.0,0.0,0.0,1.0,0.0,0.0,0.0,1.0,70.24378204345703,9.999999747378752e-05,15.0,4.0,1.0,16.0,3.0,0.0,0.0,0.0,0.0,2.0,1.0,1.0708661675453186,0.0,0.0,4.0
86.44442749023438,-140.86997985839844,0.0,3.0,0.0,0.0,-1.0,0.0,0.0,0.0,0.0,1.0,0.0,0.0,0.0,1.0,72.38550567626953,9.999999747378752e-05,15.0,4.0,1.0,16.0,8.0,0.0,0.0,0.0,0.0,2.0,1.0,1.0708661675453186,0.0,0.0,4.0
86.44442749023438,-140.86997985839844,0.0,3.0,0.0,0.0,-1.0,0.0,0.0,0.0,0.0,1.0,0.0,0.0,0.0,1.0,74.52722930908203,9.999999747378752e-05,15.0,4.0,1.0,16.0,14.0,0.0,0.0,0.0,0.0,2.0,1.0,1.0708661675453186,0.0,0.0,4.0
86.44442749023438,-140.86997985839844,0.0,3.0,0.0,0.0,-1.0,0.0,0.0,0.0,0.0,1.0,0.0,0.0,0.0,1.0,75.86896514892578,9.999999747378752e-05,15.0,4.0,1.0,264.0,3.0,0.0,0.0,0.0,0.0,2.0,1.0,0.4308663308620453,0.0,0.0,4.0
86.44442749023438,-140.86997985839844,0.0,3.0,0.0,0.0,-1.0,0.0,0.0,0.0,0.0,1.0,0.0,0.0,0.0,1.0,76.05982971191406,9.999999747378752e-05,15.0,4.0,1.0,264.0,7.0,0.0,0.0,0.0,0.0,2.0,1.0,0.0,0.0,0.0,4.0
16.0,109.4000015258789,0.0,3.0,0.0,12.0,4.0,0.0,0.0,0.0,0.0,1.0,0.0,0.0,-1.1500000953674316,0.0,76.05982971191406,9.999999747378752e-05,15.0,4.0,1.0,264.0,11.0,0.0,0.0,0.0,0.0,2.0,1.0,0.0,0.0,0.0,14.0
16.0,94.44998168945312,0.0,3.0,0.0,12.0,17.0,0.0,0.0,0.0,0.0,1.0,0.0,0.0,-1.1499996185302734,0.0,76.05982971191406,9.999999747378752e-05,15.0,4.0,1.0,264.0,24.0,0.0,0.0,0.0,0.0,2.0,1.0,0.0,0.0,0.0,50.0
16.0,79.49996185302734,0.0,3.0,0.0,12.0,30.0,0.0,0.0,0.0,0.0,1.0,0.0,0.0,-1.1499987840652466,0.0,76.05982971191406,9.999999747378752e-05,15.0,4.0,1.0,264.0,37.0,0.0,0.0,0.0,0.0,2.0,1.0,0.0,0.0,0.0,50.0
16.0,64.54995727539062,0.0,3.0,0.0,12.0,43.0,0.0,0.0,0.0,0.0,1.0,0.0,0.0,-1.1499977111816406,0.0,76.05982971191406,9.999999747378752e-05,15.0,4.0,1.0,264.0,50.0,0.0,0.0,0.0,0.0,2.0,1.0,0.0,0.0,0.0,14.0
16.0,49.5999870300293,0.0,3.0,0.0,12.0,56.0,0.0,0.0,0.0,0.0,1.0,0.0,0.0,-1.1499969959259033,0.0,76.05982971191406,9.999999747378752e-05,15.0,4.0,1.0,14.0,3.0,0.0,0.0,0.0,0.0,2.0,1.0,0.0,0.0,0.0,14.0
16.0,45.0,0.0,3.0,0.0,13.0,9.0,0.0,0.0,0.0,0.0,1.0,0.0,0.0,0.0,0.0,76.05982971191406,9.999999747378752e-05,15.0,4.0,1.0,14.0,16.0,0.0,0.0,0.0,0.0,2.0,1.0,0.0,0.0,0.0,14.0
16.0,69.43998718261719,0.0,3.0,0.0,27.0,13.0,0.0,0.0,0.0,0.0,0.0,0.0,0.0,1.0999993085861206,0.0,76.05982971191406,9.999999747378752e-05,15.0,4.0,0.0,18.0,10.0,0.0,0.0,0.0,0.0,2.0,1.0,0.0,0.0,0.0,37.0
10.609999656677246,71.90998077392578,0.0,3.0,0.0,66.0,13.0,0.0,0.0,0.0,0.0,0.0,0.0,-0.7099999785423279,-0.5900006294250488,0.0,76.05982971191406,9.999999747378752e-05,15.0,4.0,0.0,14.0,12.0,0.0,0.0,0.0,0.0,2.0,1.0,0.0,0.0,0.0,60.0
5.7099995613098145,26.40998077392578,0.0,3.0,0.0,66.0,26.0,0.0,0.0,0.0,0.0,0.0,0.0,-0.12400000542402267,-3.5,0.0,74.55818176269531,9.999999747378752e-05,15.0,4.0,0.0,15.0,7.0,0.0,0.0,0.0,0.0,2.0,1.0,-0.5424601137638092,0.0,0.0,60.0
7.197999954223633,9.999999747378752e-05,0.0,3.0,0.0,42.0,5.0,0.0,0.0,0.0,0.0,2.0,1.0,0.0,0.0,0.0,69.83177947998047,9.999999747378752e-05,15.0,4.0,0.0,16.0,21.0,0.0,0.0,0.0,0.0,2.0,1.0,-0.87745800614357,0.0,0.0,37.0
7.197999954223633,9.999999747378752e-05,0.0,3.0,0.0,212.0,13.0,0.0,0.0,0.0,0.0,2.0,1.0,0.0,0.0,0.0,63.121707916259766,9.999999747378752e-05,15.0,4.0,0.0,16.0,37.0,0.0,0.0,0.0,0.0,2.0,1.0,-1.1217095255851746,0.0,0.0,37.0
7.197999954223633,9.999999747378752e-05,0.0,3.0,0.0,212.0,26.0,0.0,0.0,0.0,0.0,2.0,1.0,0.0,0.0,0.0,55.684303283691406,9.999999747378752e-05,15.0,4.0,0.0,16.0,15.0,0.0,0.0,0.0,0.0,2.0,1.0,-1.152690351009369,0.0,0.0,5.0
7.197999954223633,9.999999747378752e-05,0.0,3.0,0.0,212.0,30.0,0.0,0.0,0.0,0.0,2.0,1.0,0.0,0.0,0.0,53.37688064575195,9.999999747378752e-05,15.0,4.0,0.0,16.0,21.0,0.0,0.0,0.0,0.0,2.0,1.0,-1.1541803479194641,0.0,0.0,5.0
7.197999954223633,9.999999747378752e-05,0.0,3.0,0.0,24.0,4.0,0.0,0.0,0.0,0.0,2.0,1.0,0.0,0.0,0.0,51.06757354736328,9.999999747378752e-05,15.0,4.0,0.0,16.0,27.0,0.0,0.0,0.0,0.0,2.0,1.0,-1.1548712849617004,0.0,0.0,37.0
1.8080003261566162,12.870100021362305,0.0,3.0,0.0,66.0,13.0,0.0,0.0,0.0,0.0,1.0,0.0,-0.7099999785423279,0.21000003814697266,0.0,43.558319091796875,9.999999747378752e-05,15.0,4.0,0.0,16.0,5.0,0.0,0.0,0.0,0.0,2.0,1.0,-1.1554195284843445,0.0,0.0,5.0
-0.9319997429847717,12.410099029541016,0.0,3.0,0.0,66.0,17.0,0.0,0.0,0.0,0.0,1.0,0.0,-0.6700000166893005,-0.309999942779541,0.0,41.24744415283203,9.999999747378752e-05,15.0,4.0,0.0,16.0,11.0,0.0,0.0,0.0,0.0,2.0,1.0,-1.1554459929466248,0.0,0.0,5.0
-3.51200008392334,9.870100021362305,0.0,3.0,0.0,66.0,21.0,0.0,0.0,0.0,0.0,1.0,0.0,-0.6300000548362732,-0.8299999237060547,0.0,38.9365348815918,9.999999747378752e-05,15.0,4.0,0.0,16.0,16.0,0.0,0.0,0.0,0.0,2.0,1.0,-1.1554582715034485,0.0,0.0,5.0
-5.932000160217285,5.250100135803223,0.0,3.0,0.0,66.0,25.0,0.0,0.0,0.0,0.0,1.0,0.0,-0.5900000929832458,-1.3499999046325684,0.0,36.6256103515625,9.999999747378752e-05,15.0,4.0,0.0,16.0,22.0,0.0,0.0,0.0,0.0,2.0,1.0,-1.155463993549347,0.0,0.0,5.0
-8.192000389099121,-1.4498995542526245,0.0,3.0,0.0,66.0,29.0,0.0,0.0,0.0,0.0,1.0,0.0,-0.5500001311302185,-1.869999885559082,0.0,34.31468200683594,9.999999747378752e-05,15.0,4.0,0.0,16.0,28.0,0.0,0.0,0.0,0.0,2.0,1.0,-1.155466616153717,0.0,0.0,44.0
-10.0260009765625,9.999999747378752e-05,0.0,3.0,0.0,178.0,-1.0,0.0,0.0,3.0,0.0,2.0,1.0,0.0,0.0,0.0,26.837345123291016,9.999999747378752e-05,15.0,4.0,0.0,16.0,6.0,0.0,0.0,0.0,0.0,2.0,1.0,-1.1421874165534973,0.0,0.0,50.0
-10.0260009765625,23.220094680786133,0.0,3.0,0.0,25.0,9.0,0.0,0.0,0.0,0.0,1.0,0.0,0.0,2.0599989891052246,0.0,25.07969093322754,9.999999747378752e-05,15.0,4.0,0.0,14.0,13.0,0.0,0.0,0.0,0.0,2.0,1.0,0.0,0.0,0.0,44.0
-5.716000556945801,38.17007827758789,0.0,3.0,0.0,67.0,13.0,0.0,0.0,0.0,0.0,1.0,0.0,0.5660000443458557,0.3699990510940552,0.0,25.07917022705078,9.999999747378752e-05,15.0,4.0,0.0,347.0,6.0,0.0,0.0,0.0,0.0,2.0,1.0,-0.00022835877462057397,0.0,0.0,50.0
0.7320008277893066,31.150068283081055,0.0,3.0,0.0,67.0,26.0,0.0,0.0,0.0,0.0,1.0,0.0,0.43600016832351685,-1.3200008869171143,0.0,25.0678653717041,9.999999747378752e-05,15.0,4.0,0.0,347.0,19.0,0.0,0.0,0.0,0.0,2.0,1.0,-0.0036515684332698584,0.0,0.0,50.0
1.5740010738372803,50.230064392089844,0.0,3.0,0.0,27.0,11.0,0.0,0.0,0.0,0.0,0.0,0.0,0.0,1.3599992990493774,0.0,25.06237030029297,9.999999747378752e-05,15.0,4.0,0.0,347.0,32.0,0.0,0.0,0.0,0.0,2.0,1.0,0.0009577125019859523,0.0,0.0,27.0
0.007515251636505127,53.83976745605469,0.0,3.0,0.0,359.0,13.0,0.0,0.0,0.0,0.0,0.0,0.0,-0.24607038497924805,-0.023047924041748047,0.0,25.073148727416992,9.999999747378752e-05,15.0,4.0,0.0,347.0,45.0,0.0,0.0,0.0,0.0,2.0,1.0,0.0016564810066483915,0.0,0.0,50.0
-12.984930038452148,14.747381210327148,0.0,3.0,0.0,359.0,26.0,0.0,0.0,0.0,0.0,0.0,0.0,-1.225423812866211,-3.8174819946289062,0.0,17.333419799804688,9.999999747378752e-05,15.0,4.0,0.0,347.0,58.0,0.0,0.0,0.0,0.0,2.0,1.0,-2.9551810026168823,0.0,0.0,28.0
-22.65916633605957,9.999999747378752e-05,0.0,3.0,0.0,360.0,7.0,0.0,0.0,0.0,0.0,2.0,1.0,0.0,0.0,0.0,12.7841796875,9.999999747378752e-05,15.0,4.0,0.0,347.0,71.0,0.0,0.0,0.0,0.0,2.0,1.0,-0.0158958425745368,0.0,0.0,50.0
-22.65916633605957,9.999999747378752e-05,0.0,3.0,0.0,360.0,20.0,0.0,0.0,0.0,0.0,2.0,1.0,0.0,0.0,0.0,12.742673873901367,9.999999747378752e-05,15.0,4.0,0.0,347.0,84.0,0.0,0.0,0.0,0.0,2.0,1.0,0.00030517578125,0.0,0.0,50.0
-22.65916633605957,9.999999747378752e-05,0.0,3.0,0.0,360.0,33.0,0.0,0.0,0.0,0.0,2.0,1.0,0.0,0.0,0.0,12.758033752441406,9.999999747378752e-05,15.0,4.0,0.0,347.0,97.0,0.0,0.0,0.0,0.0,2.0,1.0,0.0014591215876862407,0.0,0.0,50.0
-22.65916633605957,9.999999747378752e-05,0.0,3.0,0.0,178.0,-1.0,0.0,0.0,1.0,0.0,2.0,1.0,0.0,0.0,0.0,12.758501052856445,9.999999747378752e-05,15.0,4.0,0.0,14.0,11.0,0.0,0.0,0.0,0.0,2.0,1.0,0.0,0.0,0.0,11.0
-49.40529251098633,9.999999747378752e-05,0.0,3.0,0.0,233.0,13.0,0.0,0.0,0.0,0.0,2.0,1.0,-2.371005892753601,0.0,0.0,11.528087615966797,9.999999747378752e-05,15.0,4.0,0.0,15.0,6.0,0.0,0.0,0.0,0.0,2.0,1.0,-0.5116029977798462,0.0,0.0,44.0
-56.375396728515625,9.999999747378752e-05,0.0,3.0,1.0,233.0,26.0,0.0,0.0,0.0,0.0,2.0,1.0,-0.2744903415441513,0.0,0.0,6.969177722930908,9.999999747378752e-05,15.0,4.0,0.0,16.0,20.0,0.0,0.0,0.0,0.0,2.0,1.0,-0.852747768163681,0.0,0.0,5.0
-56.60313415527344,9.999999747378752e-05,0.0,3.0,1.0,233.0,30.0,0.0,0.0,0.0,0.0,2.0,1.0,-0.0417556744068861,0.0,0.0,5.140117168426514,9.999999747378752e-05,15.0,4.0,0.0,16.0,25.0,0.0,0.0,0.0,0.0,2.0,1.0,-0.9516132771968842,0.0,0.0,50.0
-56.610076904296875,18.970096588134766,0.0,3.0,1.0,25.0,7.0,0.0,0.0,0.0,0.0,1.0,0.0,0.0,2.3199992179870605,0.0,-1.877914309501648,9.999999747378752e-05,15.0,4.0,0.0,16.0,1.0,0.0,0.0,0.0,0.0,2.0,1.0,-1.1364973187446594,0.0,0.0,50.0
-56.610076904296875,43.41008758544922,0.0,3.0,1.0,27.0,13.0,0.0,0.0,0.0,0.0,0.0,0.0,0.0,1.0999993085861206,0.0,-9.347359657287598,9.999999747378752e-05,15.0,4.0,0.0,16.0,20.0,0.0,0.0,0.0,0.0,2.0,1.0,-1.1539074778556824,0.0,0.0,37.0
-62.00007629394531,45.88008499145508,0.0,3.0,1.0,67.0,13.0,0.0,0.0,0.0,0.0,0.0,0.0,-0.7099999785423279,-0.5900006294250488,0.0,-16.854522705078125,9.999999747378752e-05,15.0,4.0,0.0,16.0,38.0,0.0,0.0,0.0,0.0,2.0,1.0,-1.1553402543067932,0.0,0.0,44.0
-66.90007781982422,26.380075454711914,0.0,3.0,1.0,67.0,26.0,0.0,0.0,0.0,0.0,0.0,0.0,-0.12400000542402267,-2.280000686645508,0.0,-24.364788055419922,9.999999747378752e-05,15.0,4.0,0.0,16.0,16.0,0.0,0.0,0.0,0.0,2.0,1.0,-1.1554582715034485,0.0,0.0,44.0
-64.528076171875,9.999999747378752e-05,0.0,3.0,1.0,42.0,3.0,0.0,0.0,0.0,0.0,2.0,1.0,0.4880001097917557,0.0,0.0,-31.808917999267578,9.999999747378752e-05,15.0,4.0,0.0,16.0,35.0,0.0,0.0,0.0,0.0,2.0,1.0,-1.1289061903953552,0.0,0.0,5.0
-64.27607727050781,9.999999747378752e-05,0.0,3.0,1.0,24.0,3.0,0.0,0.0,0.0,0.0,2.0,1.0,0.0,0.0,0.0,-34.06673049926758,9.999999747378752e-05,15.0,4.0,0.0,16.0,0.0,0.0,0.0,0.0,0.0,2.0,1.0,-1.1289061903953552,0.0,0.0,44.0
-64.27607727050781,9.999999747378752e-05,0.0,3.0,1.0,212.0,13.0,0.0,0.0,0.0,0.0,2.0,1.0,0.0,0.0,0.0,-37.40704345703125,9.999999747378752e-05,15.0,4.0,0.0,14.0,10.0,0.0,0.0,0.0,0.0,2.0,1.0,0.0,0.0,0.0,44.0
-64.27607727050781,9.999999747378752e-05,0.0,3.0,1.0,212.0,26.0,0.0,0.0,0.0,0.0,2.0,1.0,0.0,0.0,0.0,-37.40704345703125,9.999999747378752e-05,15.0,4.0,0.0,64.0,12.0,0.0,0.0,0.0,0.0,2.0,1.0,0.0,0.0,0.0,44.0
-64.27607727050781,9.999999747378752e-05,0.0,3.0,1.0,181.0,0.0,0.0,3.0,2.0,0.0,2.0,1.0,-2.0,0.0,0.0,-37.40704345703125,9.999999747378752e-05,15.0,4.0,0.0,64.0,19.0,0.0,3.0,0.0,0.0,2.0,1.0,0.0,0.0,0.0,44.0
-72.03807067871094,9.999999747378752e-05,0.0,3.0,1.0,181.0,8.0,0.0,0.0,2.0,0.0,2.0,1.0,-0.9600005745887756,0.0,0.0,-37.38504409790039,9.999999747378752e-05,15.0,4.0,0.0,64.0,30.0,0.0,0.0,0.0,0.0,2.0,1.0,0.0,0.0,0.0,44.0
-73.23807525634766,9.999999747378752e-05,0.0,3.0,1.0,181.0,18.0,0.0,0.0,2.0,0.0,2.0,1.0,0.0,0.0,0.0,-37.38504409790039,9.999999747378752e-05,15.0,4.0,0.0,64.0,43.0,0.0,0.0,0.0,0.0,2.0,1.0,0.0,0.0,0.0,1.0
-73.2376480102539,9.999999747378752e-05,0.0,3.0,1.0,234.0,2.0,0.0,0.0,0.0,0.0,2.0,1.0,0.00042100688733626157,0.0,0.0,-37.38504409790039,9.999999747378752e-05,15.0,4.0,0.0,64.0,47.0,0.0,0.0,0.0,0.0,2.0,1.0,0.0,0.0,0.0,47.0
-85.5656967163086,0.0,0.0,3.0,1.0,234.0,15.0,0.0,0.0,0.0,0.0,2.0,1.0,-2.5078086853027344,0.0,0.0,-37.38504409790039,9.999999747378752e-05,15.0,4.0,0.0,14.0,11.0,0.0,0.0,0.0,0.0,2.0,1.0,0.0,0.0,0.0,53.0
-85.5656967163086,0.0,0.0,3.0,1.0,234.0,28.0,0.0,0.0,0.0,0.0,2.0,1.0,-0.6769485473632812,0.0,0.0,-38.61545944213867,9.999999747378752e-05,15.0,4.0,0.0,15.0,6.0,0.0,0.0,0.0,0.0,2.0,1.0,-0.5116029977798462,0.0,0.0,62.0
-81.10957336425781,16.650096893310547,0.0,3.0,1.0,25.0,6.0,0.0,0.0,0.0,0.0,1.0,0.0,0.7739999890327454,2.4499993324279785,0.0,-43.17436981201172,9.999999747378752e-05,15.0,4.0,0.0,16.0,20.0,0.0,0.0,0.0,0.0,2.0,1.0,-0.852747768163681,0.0,0.0,44.0
-70.9276123046875,36.67008590698242,0.0,3.0,1.0,66.0,13.0,0.0,0.0,0.0,0.0,1.0,0.0,0.7739999890327454,0.7599990367889404,0.0,-49.68855285644531,9.999999747378752e-05,15.0,4.0,0.0,16.0,36.0,0.0,0.0,0.0,0.0,2.0,1.0,-1.0771071314811707,0.0,0.0,5.0
-67.93161010742188,38.41007995605469,0.0,3.0,1.0,66.0,17.0,0.0,0.0,0.0,0.0,1.0,0.0,0.734000027179718,0.23999905586242676,0.0,-51.844478607177734,9.999999747378752e-05,15.0,4.0,0.0,16.0,1.0,0.0,0.0,0.0,0.0,2.0,1.0,-1.0757811665534973,0.0,0.0,44.0
-57.751625061035156,29.7000675201416,0.0,3.0,1.0,66.0,30.0,0.0,0.0,0.0,0.0,1.0,0.0,0.7739999890327454,-1.4500008821487427,0.0,-55.47697448730469,9.999999747378752e-05,15.0,4.0,0.0,14.0,9.0,0.0,0.0,0.0,0.0,2.0,1.0,0.0,0.0,0.0,44.0
-47.56962203979492,-0.6299433708190918,0.0,3.0,1.0,29.0,4.0,0.0,0.0,0.0,0.0,1.0,0.0,0.7739999890327454,-2.9000000953674316,0.0,-55.47697448730469,9.999999747378752e-05,15.0,4.0,0.0,14.0,22.0,0.0,0.0,0.0,0.0,2.0,1.0,0.0,0.0,0.0,44.0
-43.32962417602539,9.999999747378752e-05,0.0,3.0,1.0,180.0,0.0,0.0,0.0,8.0,0.0,2.0,1.0,0.0,0.0,0.0,-51.061256408691406,9.999999747378752e-05,15.0,4.0,0.0,60.0,8.0,0.0,0.0,0.0,0.0,2.0,1.0,0.4637565314769745,0.0,0.0,14.0
-43.32962417602539,23.220094680786133,0.0,3.0,1.0,25.0,9.0,0.0,0.0,0.0,0.0,1.0,0.0,0.0,2.0599989891052246,0.0,-70.1420669555664,9.999999747378752e-05,15.0,4.0,0.0,60.0,21.0,0.0,0.0,0.0,0.0,2.0,1.0,-2.571826934814453,0.0,0.0,27.0
-41.76313400268555,26.829797744750977,0.0,3.0,1.0,359.0,13.0,0.0,0.0,0.0,0.0,1.0,0.0,0.24607038497924805,-0.023047924041748047,0.0,-69.74742889404297,9.999999747378752e-05,15.0,4.0,0.0,60.0,34.0,0.0,0.0,0.0,0.0,2.0,1.0,0.029003141447901726,0.0,0.0,26.0
-29.490694046020508,9.999999747378752e-05,0.0,3.0,1.0,360.0,2.0,0.0,0.0,0.0,0.0,2.0,1.0,1.4908456802368164,0.0,0.0,-69.78634643554688,9.999999747378752e-05,15.0,4.0,0.0,60.0,47.0,0.0,0.0,0.0,0.0,2.0,1.0,-0.03090286161750555,0.0,0.0,14.0
-28.694425582885742,9.999999747378752e-05,0.0,3.0,1.0,360.0,15.0,0.0,0.0,0.0,0.0,2.0,1.0,0.0,0.0,0.0,-69.93338012695312,9.999999747378752e-05,15.0,4.0,0.0,60.0,60.0,0.0,0.0,0.0,0.0,2.0,1.0,-0.06411933526396751,0.0,0.0,14.0
-28.694425582885742,9.999999747378752e-05,0.0,3.0,1.0,360.0,28.0,0.0,0.0,0.0,0.0,2.0,1.0,0.0,0.0,0.0,-70.0953598022461,9.999999747378752e-05,15.0,4.0,1.0,18.0,8.0,0.0,0.0,0.0,0.0,2.0,1.0,0.0,0.0,0.0,44.0
-28.694425582885742,9.999999747378752e-05,0.0,3.0,1.0,360.0,41.0,0.0,0.0,0.0,0.0,2.0,1.0,0.0,0.0,0.0,-70.0953598022461,9.999999747378752e-05,15.0,4.0,1.0,14.0,10.0,0.0,0.0,0.0,0.0,2.0,1.0,0.0,0.0,0.0,44.0
-28.694425582885742,9.999999747378752e-05,0.0,3.0,1.0,180.0,0.0,0.0,0.0,9.0,0.0,2.0,1.0,0.0,0.0,0.0,-69.35682678222656,9.999999747378752e-05,15.0,4.0,1.0,15.0,3.0,0.0,0.0,0.0,0.0,2.0,1.0,0.4432194381952286,0.0,0.0,44.0
-21.861425399780273,23.220094680786133,0.0,3.0,1.0,25.0,9.0,0.0,0.0,0.0,0.0,1.0,0.0,0.7739999890327454,2.0599989891052246,0.0,-65.11509704589844,9.999999747378752e-05,15.0,4.0,1.0,16.0,17.0,0.0,0.0,0.0,0.0,2.0,1.0,0.8090127408504486,0.0,0.0,27.0
-20.29493522644043,26.829797744750977,0.0,3.0,1.0,359.0,13.0,0.0,0.0,0.0,0.0,1.0,0.0,0.24607038497924805,-0.023047924041748047,0.0,-58.76019287109375,9.999999747378752e-05,15.0,4.0,1.0,16.0,32.0,0.0,0.0,0.0,0.0,2.0,1.0,1.0966684222221375,0.0,0.0,44.0
-8.022489547729492,9.999999747378752e-05,0.0,3.0,1.0,360.0,2.0,0.0,0.0,0.0,0.0,2.0,1.0,1.4908456802368164,0.0,0.0,-51.37699890136719,9.999999747378752e-05,15.0,4.0,1.0,16.0,10.0,0.0,0.0,0.0,0.0,2.0,1.0,1.1558224558830261,0.0,0.0,50.0
-7.226221084594727,9.999999747378752e-05,0.0,3.0,1.0,360.0,15.0,0.0,0.0,0.0,0.0,2.0,1.0,0.0,0.0,0.0,-43.85702133178711,9.999999747378752e-05,15.0,4.0,1.0,16.0,29.0,0.0,0.0,0.0,0.0,2.0,1.0,1.1511810421943665,0.0,0.0,50.0
-7.226221084594727,9.999999747378752e-05,0.0,3.0,1.0,360.0,28.0,0.0,0.0,0.0,0.0,2.0,1.0,0.0,0.0,0.0,-35.486881256103516,6.820099830627441,15.0,4.0,1.0,25.0,4.0,0.0,0.0,0.0,0.0,1.0,0.0,1.1200000047683716,1.5099999904632568,0.0,44.0
-7.226221084594727,9.999999747378752e-05,0.0,3.0,1.0,360.0,41.0,0.0,0.0,0.0,0.0,2.0,1.0,0.0,0.0,0.0,-20.93687629699707,14.620099067687988,15.0,4.0,1.0,25.0,17.0,0.0,0.0,0.0,0.0,1.0,0.0,1.1100000143051147,-0.1799999475479126,0.0,44.0
-7.226221084594727,9.999999747378752e-05,0.0,3.0,1.0,180.0,0.0,0.0,0.0,9.0,0.0,2.0,1.0,0.0,0.0,0.0,-7.41687536239624,0.4500999450683594,15.0,4.0,1.0,25.0,30.0,0.0,0.0,0.0,0.0,1.0,0.0,0.9800001382827759,-1.869999885559082,0.0,5.0
-7.826221466064453,9.999999747378752e-05,0.0,3.0,1.0,24.0,4.0,0.0,0.0,0.0,0.0,2.0,1.0,0.0,0.0,0.0,-3.3668742179870605,9.999999747378752e-05,15.0,4.0,1.0,42.0,3.0,0.0,0.0,0.0,0.0,2.0,1.0,1.4400003552436829,0.0,0.0,37.0
-13.216221809387207,12.870100021362305,0.0,3.0,1.0,67.0,13.0,0.0,0.0,0.0,0.0,1.0,0.0,-0.7099999785423279,0.21000003814697266,0.0,-0.48687201738357544,9.999999747378752e-05,15.0,4.0,1.0,56.0,11.0,0.0,0.0,0.0,0.0,2.0,1.0,0.0,0.0,0.0,27.0
-21.702228546142578,9.999999747378752e-05,0.0,3.0,1.0,72.0,11.0,0.0,0.0,0.0,0.0,2.0,1.0,-0.6080001294612885,0.0,0.0,-0.48687201738357544,9.999999747378752e-05,15.0,4.0,1.0,56.0,24.0,0.0,0.0,0.0,0.0,2.0,1.0,0.0,0.0,0.0,57.0
-22.13422966003418,9.999999747378752e-05,0.0,3.0,1.0,39.0,2.0,0.0,0.0,0.0,0.0,2.0,1.0,0.0,0.0,0.0,-0.48687201738357544,9.999999747378752e-05,15.0,4.0,1.0,56.0,37.0,0.0,0.0,0.0,0.0,2.0,1.0,0.0,0.0,0.0,47.0
-40.45091247558594,9.999999747378752e-05,0.0,3.0,1.0,234.0,12.0,0.0,0.0,0.0,0.0,2.0,1.0,-3.2311285734176636,0.0,0.0,-0.48687201738357544,9.999999747378752e-05,15.0,4.0,0.0,18.0,10.0,0.0,0.0,0.0,0.0,2.0,1.0,0.0,0.0,0.0,50.0
-54.28385543823242,9.999999747378752e-05,0.0,3.0,1.0,234.0,25.0,0.0,0.0,0.0,0.0,2.0,1.0,-1.2895354628562927,0.0,0.0,-0.48687201738357544,9.999999747378752e-05,15.0,4.0,0.0,14.0,12.0,0.0,0.0,0.0,0.0,2.0,1.0,0.0,0.0,0.0,37.0
-55.997066497802734,9.999999747378752e-05,0.0,3.0,1.0,178.0,-1.0,0.0,0.0,6.0,0.0,2.0,1.0,0.0,0.0,0.0,-1.7172870635986328,9.999999747378752e-05,15.0,4.0,0.0,15.0,6.0,0.0,0.0,0.0,0.0,2.0,1.0,-0.5116029977798462,0.0,0.0,50.0
-55.997066497802734,23.220094680786133,0.0,3.0,1.0,25.0,9.0,0.0,0.0,0.0,0.0,1.0,0.0,0.0,2.0599989891052246,0.0,-6.276197910308838,9.999999747378752e-05,15.0,4.0,0.0,16.0,20.0,0.0,0.0,0.0,0.0,2.0,1.0,-0.852747768163681,0.0,0.0,50.0
-55.997066497802734,47.66008758544922,0.0,3.0,1.0,27.0,13.0,0.0,0.0,0.0,0.0,0.0,0.0,0.0,1.0999993085861206,0.0,-12.864140510559082,9.999999747378752e-05,15.0,4.0,0.0,16.0,36.0,0.0,0.0,0.0,0.0,2.0,1.0,-1.1145593523979187,0.0,0.0,44.0
-51.68706512451172,50.13008117675781,0.0,3.0,1.0,66.0,13.0,0.0,0.0,0.0,0.0,0.0,0.0,0.5660000443458557,-0.5900006294250488,0.0,-20.23857307434082,9.999999747378752e-05,15.0,4.0,0.0,16.0,14.0,0.0,0.0,0.0,0.0,2.0,1.0,-1.1289061903953552,0.0,0.0,37.0
-49.71906661987305,30.63007164001465,0.0,3.0,1.0,66.0,26.0,0.0,0.0,0.0,0.0,0.0,0.0,-0.14399996399879456,-2.280000686645508,0.0,-26.63037109375,9.999999747378752e-05,15.0,4.0,0.0,14.0,4.0,0.0,0.0,0.0,0.0,2.0,1.0,-0.46234388649463654,0.0,0.0,44.0
-47.35106658935547,9.999999747378752e-05,0.0,3.0,1.0,42.0,2.0,0.0,0.0,0.0,0.0,2.0,1.0,0.7040001153945923,0.0,0.0,-26.85271644592285,9.999999747378752e-05,15.0,4.0,0.0,14.0,17.0,0.0,0.0,0.0,0.0,2.0,1.0,0.0,0.0,0.0,14.0
-46.743064880371094,18.970096588134766,0.0,3.0,1.0,25.0,7.0,0.0,0.0,0.0,0.0,1.0,0.0,0.0,2.3199992179870605,0.0,-26.838037490844727,0.00010000000474974513,15.0,4.0,0.0,353.0,10.0,0.0,0.0,0.0,0.0,0.0,1.0,0.0,-0.0005254372954368591,0.0,31.0
-46.743064880371094,37.30008316040039,0.0,3.0,1.0,348.0,13.0,0.0,0.0,0.0,0.0,1.0,0.0,0.0,0.629999041557312,0.0,-29.24400520324707,35.422908782958984,15.0,4.0,0.0,353.0,23.0,0.0,0.0,0.0,0.0,0.0,0.0,-0.24059629440307617,2.2076339721679688,0.0,44.0
-46.743064880371094,33.660072326660156,0.0,3.0,1.0,348.0,26.0,0.0,0.0,0.0,0.0,1.0,0.0,0.0,-1.0600008964538574,0.0,-32.37176513671875,48.879295349121094,15.0,4.0,0.0,353.0,36.0,0.0,0.0,0.0,0.0,0.0,0.0,-0.24059629440307617,0.25554656982421875,0.0,44.0
-46.743064880371094,8.050058364868164,0.0,3.0,1.0,348.0,39.0,0.0,0.0,0.0,0.0,1.0,0.0,0.0,-2.7500014305114746,0.0,-35.4995231628418,37.86956787109375,15.0,4.0,0.0,353.0,49.0,0.0,0.0,0.0,0.0,0.0,0.0,-0.24059677124023438,-1.5085983276367188,0.0,44.0
-46.74839782714844,9.999999747378752e-05,0.0,3.0,1.0,347.0,52.0,0.0,0.0,0.0,0.0,2.0,1.0,-0.00041299591248389333,0.0,0.0,-38.627281188964844,16.814250946044922,15.0,4.0,0.0,353.0,62.0,0.0,0.0,0.0,0.0,0.0,0.0,-0.24059677124023438,-1.4315624237060547,0.0,44.0
-34.296627044677734,9.999999747378752e-05,0.0,3.0,1.0,347.0,65.0,0.0,0.0,0.0,0.0,2.0,1.0,0.472652405500412,0.0,0.0,-41.03949737548828,9.999999747378752e-05,15.0,4.0,0.0,43.0,3.0,0.0,0.0,0.0,0.0,2.0,1.0,0.0,0.0,0.0,44.0
-33.52046203613281,9.999999747378752e-05,0.0,3.0,1.0,347.0,78.0,0.0,0.0,0.0,0.0,2.0,1.0,0.006069183116778731,0.0,0.0,-41.33949661254883,9.999999747378752e-05,15.0,4.0,0.0,43.0,16.0,0.0,0.0,0.0,0.0,2.0,1.0,0.0,0.0,0.0,44.0
-33.52235794067383,9.999999747378752e-05,0.0,3.0,1.0,347.0,91.0,0.0,0.0,0.0,0.0,2.0,1.0,-0.0030803679255768657,0.0,0.0,-41.33949661254883,9.999999747378752e-05,15.0,4.0,0.0,43.0,29.0,0.0,0.0,0.0,0.0,2.0,1.0,0.0,0.0,0.0,44.0
-33.530128479003906,9.999999747378752e-05,0.0,3.0,1.0,178.0,-1.0,0.0,0.0,4.0,0.0,2.0,1.0,0.0,0.0,0.0,-41.1450080871582,9.999999747378752e-05,15.0,4.0,1.0,15.0,1.0,0.0,0.0,0.0,0.0,2.0,1.0,0.3889763802289963,0.0,0.0,44.0
-6.783998489379883,9.999999747378752e-05,0.0,3.0,1.0,233.0,13.0,0.0,0.0,0.0,0.0,2.0,1.0,2.371005892753601,0.0,0.0,-38.58881759643555,9.999999747378752e-05,15.0,4.0,1.0,14.0,8.0,0.0,0.0,0.0,0.0,2.0,1.0,0.0,0.0,0.0,44.0
0.1861189901828766,9.999999747378752e-05,0.0,3.0,0.0,233.0,26.0,0.0,0.0,0.0,0.0,2.0,1.0,0.2744903415441513,0.0,0.0,-38.27193069458008,9.999999747378752e-05,15.0,4.0,1.0,15.0,2.0,0.0,0.0,0.0,0.0,2.0,1.0,0.3487335592508316,0.0,0.0,44.0
0.4207991361618042,9.999999747378752e-05,0.0,3.0,0.0,178.0,-1.0,0.0,0.0,7.0,0.0,2.0,1.0,0.0,0.0,0.0,-34.40507125854492,9.999999747378752e-05,15.0,4.0,1.0,16.0,15.0,0.0,0.0,0.0,0.0,2.0,1.0,0.758920818567276,0.0,0.0,50.0
0.4207991361618042,21.16009521484375,0.0,3.0,0.0,25.0,8.0,0.0,0.0,0.0,0.0,1.0,0.0,0.0,2.1899991035461426,0.0,-32.30665969848633,9.999999747378752e-05,15.0,4.0,1.0,14.0,10.0,0.0,0.0,0.0,0.0,2.0,1.0,0.0,0.0,0.0,44.0
4.730799198150635,37.800079345703125,0.0,3.0,0.0,67.0,13.0,0.0,0.0,0.0,0.0,1.0,0.0,0.5660000443458557,0.4999990463256836,0.0,-42.00507354736328,9.999999747378752e-05,15.0,4.0,1.0,349.0,9.0,0.0,0.0,0.0,0.0,2.0,1.0,0.000631332368357107,0.0,0.0,44.0
14.52080249786377,32.47006607055664,0.0,3.0,0.0,67.0,26.0,0.0,0.0,0.0,0.0,1.0,0.0,0.7739999890327454,-1.1900008916854858,0.0,-16.016576766967773,9.999999747378752e-05,15.0,4.0,1.0,349.0,22.0,0.0,0.0,0.0,0.0,2.0,1.0,6.431943655014038,0.0,0.0,44.0
24.528804779052734,51.81005859375,0.0,3.0,0.0,28.0,11.0,0.0,0.0,0.0,0.0,0.0,0.0,0.7739999890327454,1.3599992990493774,0.0,11.341448783874512,9.999999747378752e-05,15.0,4.0,1.0,349.0,35.0,0.0,0.0,0.0,0.0,2.0,1.0,2.316390872001648,0.0,0.0,44.0
34.71080780029297,57.6600456237793,0.0,3.0,0.0,67.0,13.0,0.0,0.0,0.0,0.0,0.0,0.0,0.7739999890327454,-0.330000638961792,0.0,21.46518898010254,9.999999747378752e-05,15.0,4.0,1.0,349.0,48.0,0.0,0.0,0.0,0.0,2.0,1.0,1.0587233901023865,0.0,0.0,44.0
44.89280700683594,41.5400390625,0.0,3.0,0.0,67.0,26.0,0.0,0.0,0.0,0.0,0.0,0.0,0.7739999890327454,-2.020000457763672,0.0,25.50385093688965,9.999999747378752e-05,15.0,4.0,1.0,349.0,61.0,0.0,0.0,0.0,0.0,2.0,1.0,0.3083495944738388,0.0,0.0,44.0
55.07481002807617,6.3900370597839355,0.0,3.0,0.0,29.0,4.0,0.0,0.0,0.0,0.0,0.0,0.0,0.7739999890327454,-2.9000000953674316,0.0,26.07402229309082,9.999999747378752e-05,15.0,4.0,1.0,349.0,74.0,0.0,0.0,0.0,0.0,2.0,1.0,-0.03945922665297985,0.0,0.0,44.0
60.882808685302734,9.999999747378752e-05,0.0,3.0,0.0,178.0,-1.0,0.0,0.0,6.0,0.0,2.0,1.0,0.0,0.0,0.0,25.923555374145508,9.999999747378752e-05,15.0,4.0,1.0,14.0,8.0,0.0,0.0,0.0,0.0,2.0,1.0,0.0,0.0,0.0,44.0
80.67308807373047,9.999999747378752e-05,0.0,3.0,0.0,234.0,13.0,0.0,0.0,0.0,0.0,2.0,1.0,2.947193145751953,0.0,0.0,26.440479278564453,9.999999747378752e-05,15.0,4.0,1.0,15.0,2.0,0.0,0.0,0.0,0.0,2.0,1.0,0.40007592737674713,0.0,0.0,47.0
85.5656967163086,0.0,0.0,3.0,0.0,234.0,26.0,0.0,0.0,0.0,0.0,2.0,1.0,1.0869598388671875,0.0,0.0,30.499305725097656,9.999999747378752e-05,15.0,4.0,1.0,16.0,16.0,0.0,0.0,0.0,0.0,2.0,1.0,0.7840071618556976,0.0,0.0,50.0
85.590576171875,9.999999747378752e-05,0.0,3.0,0.0,178.0,-1.0,0.0,0.0,7.0,0.0,2.0,1.0,0.0,0.0,0.0,36.71631622314453,9.999999747378752e-05,15.0,4.0,1.0,16.0,31.0,0.0,0.0,0.0,0.0,2.0,1.0,1.0907015204429626,0.0,0.0,37.0
85.590576171875,9.999999747378752e-05,0.0,3.0,0.0,180.0,12.0,0.0,0.0,20.0,0.0,2.0,1.0,0.0,0.0,0.0,44.1253776550293,9.999999747378752e-05,15.0,4.0,1.0,16.0,9.0,0.0,0.0,0.0,0.0,2.0,1.0,1.1584226489067078,0.0,0.0,50.0
85.590576171875,23.220094680786133,0.0,3.0,0.0,25.0,9.0,0.0,0.0,0.0,0.0,1.0,0.0,0.0,2.0599989891052246,1.0,51.534767150878906,9.999999747378752e-05,15.0,4.0,1.0,16.0,27.0,0.0,0.0,0.0,0.0,2.0,1.0,1.1244093775749207,0.0,0.0,10.0
71.34056091308594,47.66008758544922,0.0,3.0,0.0,27.0,13.0,0.0,0.0,0.0,0.0,0.0,0.0,-1.1100000143051147,1.0999993085861206,0.0,58.716270446777344,9.999999747378752e-05,15.0,4.0,1.0,16.0,5.0,0.0,0.0,0.0,0.0,2.0,1.0,1.0842519402503967,0.0,0.0,44.0
61.24055099487305,50.13008499145508,0.0,3.0,0.0,67.0,13.0,0.0,0.0,0.0,0.0,0.0,0.0,-0.5240002870559692,-0.5900006294250488,0.0,61.319740295410156,9.999999747378752e-05,15.0,4.0,1.0,14.0,11.0,0.0,0.0,0.0,0.0,2.0,1.0,0.0,0.0,0.0,44.0
58.73854446411133,30.63007164001465,0.0,3.0,0.0,67.0,26.0,0.0,0.0,0.0,0.0,0.0,0.0,0.041999779641628265,-2.280000686645508,0.0,61.319740295410156,9.999999747378752e-05,15.0,4.0,0.0,18.0,9.0,0.0,0.0,0.0,0.0,2.0,1.0,0.0,0.0,0.0,44.0
63.524539947509766,9.999999747378752e-05,0.0,3.0,0.0,42.0,2.0,0.0,0.0,0.0,0.0,2.0,1.0,1.0759995579719543,0.0,0.0,61.319740295410156,14.200098037719727,15.0,4.0,0.0,25.0,5.0,0.0,0.0,0.0,0.0,1.0,0.0,0.0,2.5799994468688965,0.0,47.0
41.84421920776367,9.999999747378752e-05,0.0,3.0,0.0,233.0,10.0,0.0,0.0,0.0,0.0,2.0,1.0,-3.145877718925476,0.0,0.0,60.31099319458008,35.91008758544922,15.0,4.0,0.0,25.0,18.0,0.0,0.0,0.0,0.0,1.0,0.0,-0.35749998688697815,0.8899990320205688,0.0,44.0
31.492862701416016,9.999999747378752e-05,0.0,3.0,1.0,233.0,23.0,0.0,0.0,0.0,0.0,2.0,1.0,-0.5763930976390839,0.0,0.0,51.277244567871094,35.65007400512695,15.0,4.0,0.0,25.0,31.0,0.0,0.0,0.0,0.0,1.0,0.0,-0.7850000262260437,-0.8000009059906006,0.0,47.0
30.707626342773438,9.999999747378752e-05,0.0,3.0,1.0,178.0,-1.0,0.0,0.0,4.0,0.0,2.0,1.0,0.0,0.0,0.0,40.86786651611328,13.420061111450195,15.0,4.0,0.0,29.0,1.0,0.0,0.0,0.0,0.0,1.0,0.0,-0.7865626215934753,-2.4900012016296387,0.0,50.0
30.707626342773438,23.220094680786133,0.0,3.0,1.0,25.0,9.0,0.0,0.0,0.0,0.0,1.0,0.0,0.0,2.0599989891052246,0.0,33.51255798339844,9.999999747378752e-05,15.0,4.0,0.0,44.0,2.0,0.0,0.0,0.0,0.0,2.0,1.0,-0.3331255316734314,0.0,0.0,27.0
32.27411651611328,26.829797744750977,0.0,3.0,1.0,359.0,13.0,0.0,0.0,0.0,0.0,1.0,0.0,0.24607038497924805,-0.023047924041748047,0.0,33.41943359375,9.999999747378752e-05,15.0,4.0,0.0,44.0,15.0,0.0,0.0,0.0,0.0,2.0,1.0,0.0,0.0,0.0,50.0
37.91402053833008,10.642304420471191,0.0,3.0,1.0,359.0,20.0,0.0,1.0,0.0,0.0,1.0,0.0,1.2254228591918945,-3.8174800872802734,0.0,33.41943359375,9.999999747378752e-05,15.0,4.0,1.0,181.0,0.0,0.0,1.0,0.0,0.0,2.0,1.0,-0.9420000910758972,0.0,0.0,5.0
42.81571578979492,0.00010013580322265625,0.0,3.0,1.0,360.0,0.0,0.0,6.0,0.0,0.0,2.0,1.0,2.450845718383789,-3.8174800872802734,0.0,30.771432876586914,9.999999747378752e-05,15.0,4.0,1.0,181.0,0.0,0.0,6.0,0.0,0.0,2.0,1.0,-1.2680001258850098,0.0,0.0,50.0
47.4288330078125,9.999999747378752e-05,0.0,3.0,1.0,360.0,8.0,0.0,0.0,0.0,0.0,2.0,1.0,0.0,0.0,0.0,27.84343147277832,9.999999747378752e-05,15.0,4.0,1.0,179.0,-1.0,0.0,0.0,1.0,0.0,2.0,1.0,-0.17200031131505966,0.0,0.0,14.0
47.4288330078125,9.999999747378752e-05,0.0,3.0,1.0,360.0,21.0,0.0,0.0,0.0,0.0,2.0,1.0,0.0,0.0,0.0,27.837430953979492,9.999999747378752e-05,15.0,4.0,1.0,180.0,6.0,0.0,0.0,14.0,0.0,2.0,1.0,0.0,0.0,0.0,14.0
47.4288330078125,9.999999747378752e-05,0.0,3.0,1.0,360.0,34.0,0.0,0.0,0.0,0.0,2.0,1.0,0.0,0.0,0.0,27.837430953979492,9.999999747378752e-05,15.0,4.0,1.0,14.0,4.0,0.0,0.0,24.0,0.0,2.0,1.0,0.0,0.0,0.0,14.0
47.4288330078125,9.999999747378752e-05,0.0,3.0,1.0,14.0,3.0,0.0,0.0,0.0,0.0,2.0,1.0,0.0,0.0,0.0,27.837430953979492,9.999999747378752e-05,15.0,4.0,1.0,45.0,3.0,0.0,0.0,0.0,0.0,2.0,1.0,0.0,0.0,0.0,14.0
48.432369232177734,4.344618320465088,3.0,3.0,0.0,79.0,9.0,0.0,0.0,5.0,0.0,1.0,0.0,0.09611248970031738,-0.463009238243103,0.0,27.837430953979492,9.999999747378752e-05,15.0,4.0,1.0,45.0,13.0,0.0,0.0,0.0,0.0,2.0,1.0,0.0,0.0,0.0,5.0
48.7330207824707,0.6895128488540649,3.0,3.0,0.0,79.0,13.0,0.0,0.0,1.0,0.0,1.0,0.0,0.06259295344352722,-1.1842365562915802,0.0,27.837430953979492,9.999999747378752e-05,15.0,4.0,1.0,45.0,17.0,0.0,0.0,0.0,0.0,2.0,1.0,0.0,0.0,0.0,14.0
48.9365348815918,26.35125732421875,3.0,3.0,0.0,27.0,13.0,0.0,0.0,0.0,0.0,0.0,0.0,0.0,1.0999993085861206,0.0,27.837430953979492,9.999999747378752e-05,15.0,4.0,1.0,24.0,3.0,0.0,0.0,0.0,0.0,2.0,1.0,0.0,0.0,0.0,44.0
53.24653244018555,28.821250915527344,3.0,3.0,0.0,67.0,13.0,0.0,0.0,0.0,0.0,0.0,0.0,0.5660000443458557,-0.5900006294250488,0.0,34.897117614746094,28.62009048461914,15.0,4.0,1.0,25.0,12.0,0.0,0.0,0.0,0.0,1.0,0.0,0.5333071351051331,1.6699990034103394,0.0,44.0
63.036529541015625,9.321243286132812,3.0,3.0,0.0,67.0,26.0,0.0,0.0,0.0,0.0,0.0,0.0,0.7739999890327454,-2.280000686645508,0.0,40.92011260986328,38.50008010864258,15.0,4.0,1.0,25.0,25.0,0.0,0.0,0.0,0.0,1.0,0.0,0.4033072590827942,-0.020000934600830078,0.0,44.0
70.34851837158203,9.999999747378752e-05,3.0,3.0,0.0,178.0,-1.0,0.0,0.0,4.0,0.0,2.0,1.0,0.2880001664161682,0.0,0.0,45.253108978271484,26.410066604614258,15.0,4.0,1.0,65.0,13.0,0.0,0.0,0.0,0.0,1.0,0.0,0.2733073830604553,-1.7100008726119995,0.0,47.0
43.60239028930664,9.999999747378752e-05,3.0,3.0,0.0,233.0,13.0,0.0,0.0,0.0,0.0,2.0,1.0,-2.371005892753601,0.0,0.0,48.126102447509766,9.999999747378752e-05,15.0,4.0,1.0,70.0,3.0,0.0,0.0,0.0,0.0,2.0,1.0,0.1466146931052208,0.0,0.0,44.0
36.632286071777344,9.999999747378752e-05,3.0,3.0,1.0,233.0,26.0,0.0,0.0,0.0,0.0,2.0,1.0,-0.2744903415441513,0.0,0.0,48.72610092163086,9.999999747378752e-05,15.0,4.0,1.0,70.0,29.0,0.0,0.0,0.0,0.0,2.0,1.0,0.0,0.0,0.0,44.0
36.397605895996094,9.999999747378752e-05,3.0,3.0,1.0,178.0,-1.0,0.0,0.0,7.0,0.0,2.0,1.0,0.0,0.0,0.0,48.72610092163086,9.999999747378752e-05,15.0,4.0,0.0,44.0,1.0,0.0,0.0,0.0,0.0,2.0,1.0,0.0,0.0,0.0,50.0
35.30633544921875,3.7013020515441895,5.0,3.0,1.0,79.0,10.0,0.0,0.0,4.0,0.0,1.0,0.0,-0.08773265033960342,-0.6433160305023193,0.0,48.72610092163086,9.999999747378752e-05,15.0,4.0,0.0,44.0,12.0,0.0,0.0,0.0,0.0,2.0,1.0,0.0,0.0,0.0,5.0
35.03920364379883,3.674969434738159,5.0,3.0,1.0,27.0,1.0,0.0,0.0,0.0,0.0,0.0,0.0,-0.05421309918165207,2.9854564666748047,0.0,48.72610092163086,9.999999747378752e-05,15.0,4.0,0.0,44.0,16.0,0.0,0.0,0.0,0.0,2.0,1.0,0.0,0.0,0.0,37.0
29.499906539916992,27.321256637573242,5.0,3.0,1.0,67.0,13.0,0.0,0.0,0.0,0.0,0.0,0.0,-0.7099999785423279,0.9699993133544922,0.0,47.5239143371582,6.070099830627441,15.0,4.0,0.0,25.0,2.0,0.0,0.0,0.0,0.0,1.0,0.0,-0.6232812404632568,2.9699997901916504,0.0,60.0
24.599905014038086,28.10124969482422,5.0,3.0,1.0,67.0,26.0,0.0,0.0,0.0,0.0,0.0,0.0,-0.12400000542402267,-0.7200006246566772,0.0,38.45845031738281,32.85009002685547,15.0,4.0,0.0,25.0,15.0,0.0,0.0,0.0,0.0,1.0,0.0,-0.682187557220459,1.279999017715454,0.0,60.0
26.087907791137695,9.999999747378752e-05,5.0,3.0,1.0,42.0,5.0,0.0,0.0,0.0,0.0,2.0,1.0,0.0,0.0,0.0,30.500015258789062,37.66007614135742,15.0,4.0,0.0,65.0,11.0,0.0,0.0,0.0,0.0,1.0,0.0,-0.5521876811981201,-0.41000092029571533,0.0,50.0
26.087907791137695,14.200098037719727,11.0,3.0,0.0,86.0,1.0,0.0,2.0,26.0,0.0,1.0,0.0,1.383007287979126,1.383007287979126,0.0,25.528139114379883,26.410066604614258,15.0,4.0,0.0,65.0,21.0,0.0,2.0,0.0,0.0,1.0,0.0,-0.45218777656555176,-1.7100008726119995,0.0,50.0
37.54526138305664,28.829788208007812,11.0,3.0,0.0,86.0,13.0,0.0,0.0,14.0,0.0,1.0,0.0,0.7899056673049927,-0.47278833389282227,0.0,20.881885528564453,9.989738464355469e-05,15.0,4.0,0.0,70.0,1.0,0.0,0.0,0.0,0.0,2.0,1.0,-0.6643757820129395,-2.9000000953674316,0.0,44.0
45.086124420166016,7.758888244628906,11.0,3.0,0.0,86.0,26.0,0.0,0.0,1.0,0.0,1.0,0.0,0.4002038836479187,-2.349166989326477,0.0,20.353134155273438,9.999999747378752e-05,15.0,4.0,0.0,70.0,27.0,0.0,0.0,0.0,0.0,2.0,1.0,0.0,0.0,0.0,44.0
47.3720588684082,9.999999747378752e-05,11.0,3.0,0.0,178.0,-1.0,0.0,0.0,5.0,0.0,2.0,1.0,0.0,0.0,0.0,20.353134155273438,9.999999747378752e-05,15.0,4.0,1.0,14.0,1.0,0.0,0.0,0.0,0.0,2.0,1.0,0.0,0.0,0.0,14.0
47.3720588684082,23.220094680786133,11.0,3.0,0.0,25.0,9.0,0.0,0.0,0.0,0.0,1.0,0.0,0.0,2.0599989891052246,0.0,20.353134155273438,9.999999747378752e-05,15.0,4.0,1.0,14.0,14.0,0.0,0.0,0.0,0.0,2.0,1.0,0.0,0.0,0.0,14.0
47.3720588684082,47.66008758544922,11.0,3.0,0.0,27.0,13.0,0.0,0.0,0.0,0.0,0.0,0.0,0.0,1.0999993085861206,0.0,22.149900436401367,9.999999747378752e-05,15.0,4.0,1.0,15.0,9.0,0.0,0.0,0.0,0.0,2.0,1.0,0.5751698315143585,0.0,0.0,44.0
51.68205642700195,50.13008499145508,11.0,3.0,0.0,67.0,13.0,0.0,0.0,0.0,0.0,0.0,0.0,0.5660000443458557,-0.5900006294250488,0.0,27.076068878173828,9.999999747378752e-05,15.0,4.0,1.0,16.0,21.0,0.0,0.0,0.0,0.0,2.0,1.0,0.9087052643299103,0.0,0.0,44.0
61.47205352783203,30.63007164001465,11.0,3.0,0.0,67.0,26.0,0.0,0.0,0.0,0.0,0.0,0.0,0.7739999890327454,-2.280000686645508,0.0,33.819618225097656,9.999999747378752e-05,15.0,4.0,1.0,16.0,37.0,0.0,0.0,0.0,0.0,2.0,1.0,1.0973911881446838,0.0,0.0,44.0
71.6540298461914,0.00010013580322265625,11.0,3.0,0.0,42.0,1.0,0.0,0.0,0.0,0.0,2.0,1.0,1.5479999780654907,-2.9000000953674316,0.0,41.07051086425781,9.999999747378752e-05,15.0,4.0,1.0,16.0,15.0,0.0,0.0,0.0,0.0,2.0,1.0,1.1222681403160095,0.0,0.0,37.0
75.02002716064453,9.999999747378752e-05,11.0,3.0,0.0,180.0,0.0,0.0,0.0,9.0,0.0,2.0,1.0,0.0,0.0,0.0,48.37459945678711,9.999999747378752e-05,15.0,4.0,1.0,16.0,33.0,0.0,0.0,0.0,0.0,2.0,1.0,1.1242396235466003,0.0,0.0,44.0
81.85301208496094,23.220094680786133,11.0,3.0,0.0,26.0,9.0,0.0,0.0,0.0,0.0,1.0,0.0,0.7739999890327454,2.0599989891052246,0.0,55.60287094116211,9.999999747378752e-05,15.0,4.0,1.0,16.0,11.0,0.0,0.0,0.0,0.0,2.0,1.0,1.1110236048698425,0.0,0.0,50.0
81.85301208496094,47.66008758544922,11.0,3.0,0.0,27.0,13.0,0.0,0.0,0.0,0.0,0.0,0.0,0.0,1.0999993085861206,0.0,62.77768325805664,9.999999747378752e-05,15.0,4.0,1.0,16.0,28.0,0.0,0.0,0.0,0.0,2.0,1.0,1.0976377129554749,0.0,0.0,37.0
76.46300506591797,50.13008117675781,11.0,3.0,0.0,66.0,13.0,0.0,0.0,0.0,0.0,0.0,0.0,-0.7099999785423279,-0.5900006294250488,0.0,69.7319564819336,9.999999747378752e-05,15.0,4.0,1.0,14.0,1.0,0.0,0.0,0.0,0.0,2.0,1.0,0.9108662009239197,0.0,0.0,44.0
71.56300354003906,30.63007164001465,11.0,3.0,0.0,66.0,26.0,0.0,0.0,0.0,0.0,0.0,0.0,-0.12400000542402267,-2.280000686645508,0.0,70.80912017822266,9.999999747378752e-05,15.0,4.0,1.0,14.0,14.0,0.0,0.0,0.0,0.0,2.0,1.0,0.0,0.0,0.0,44.0
74.49101257324219,9.999999747378752e-05,11.0,3.0,0.0,42.0,2.0,0.0,0.0,0.0,0.0,2.0,1.0,0.7440000772476196,0.0,0.0,70.50911712646484,9.999999747378752e-05,15.0,4.0,1.0,64.0,5.0,0.0,0.0,0.0,0.0,2.0,1.0,0.0,0.0,0.0,11.0
71.11402893066406,18.970096588134766,11.0,3.0,0.0,25.0,7.0,0.0,0.0,0.0,0.0,1.0,0.0,-0.7739999890327454,2.3199992179870605,0.0,69.3091049194336,9.999999747378752e-05,15.0,4.0,1.0,64.0,18.0,0.0,0.0,0.0,0.0,2.0,1.0,0.0,0.0,0.0,27.0
69.54753875732422,22.57979965209961,11.0,3.0,0.0,359.0,13.0,0.0,0.0,0.0,0.0,1.0,0.0,-0.24607038497924805,-0.023047924041748047,0.0,69.3091049194336,9.999999747378752e-05,15.0,4.0,1.0,64.0,31.0,0.0,0.0,0.0,0.0,2.0,1.0,0.0,0.0,0.0,27.0
63.90762710571289,6.392306327819824,11.0,3.0,0.0,359.0,20.0,0.0,0.0,0.0,0.0,1.0,0.0,-1.2254228591918945,-3.8174800872802734,0.0,72.23905944824219,2.439525842666626,28.0,4.0,0.0,80.0,3.0,0.0,0.0,26.0,0.0,1.0,0.0,1.4466345310211182,1.1369991302490234,0.0,50.0
57.7042350769043,9.999999747378752e-05,11.0,3.0,0.0,360.0,10.0,0.0,0.0,0.0,0.0,2.0,1.0,0.0,0.0,0.0,87.70685577392578,2.1666064262390137,28.0,4.0,0.0,80.0,16.0,0.0,0.0,13.0,0.0,1.0,0.0,0.9697126150131226,-1.0135592222213745,1.0,11.0
57.7042350769043,9.999999747378752e-05,11.0,3.0,0.0,360.0,23.0,0.0,0.0,0.0,0.0,2.0,1.0,0.0,0.0,0.0,96.39654541015625,-18.01357650756836,28.0,4.0,0.0,27.0,1.0,0.0,0.0,0.0,0.0,0.0,0.0,-0.08533439040184021,3.1358821392059326,1.0,44.0
57.7042350769043,9.999999747378752e-05,11.0,3.0,0.0,360.0,36.0,0.0,0.0,0.0,0.0,2.0,1.0,0.0,0.0,0.0,87.27373504638672,7.698975086212158,28.0,4.0,0.0,27.0,14.0,0.0,0.0,0.0,0.0,0.0,0.0,-1.095381736755371,0.9853231562301517,1.0,44.0
57.7042350769043,9.999999747378752e-05,11.0,3.0,0.0,178.0,-1.0,0.0,0.0,4.0,0.0,2.0,1.0,0.0,0.0,0.0,74.49874877929688,8.47896671295166,28.0,4.0,0.0,27.0,27.0,0.0,0.0,0.0,0.0,0.0,0.0,-0.7366044521331787,-0.7200006246566772,0.0,44.0
77.49451446533203,9.999999747378752e-05,11.0,3.0,0.0,234.0,13.0,0.0,0.0,0.0,0.0,2.0,1.0,2.947193145751953,0.0,0.0,69.17743682861328,9.999999747378752e-05,28.0,4.0,0.0,42.0,3.0,0.0,0.0,0.0,0.0,2.0,1.0,0.0,0.0,0.0,47.0
85.5656967163086,0.0,11.0,3.0,0.0,234.0,26.0,0.0,0.0,0.0,0.0,2.0,1.0,1.0869598388671875,0.0,0.0,69.17743682861328,9.999999747378752e-05,28.0,4.0,1.0,14.0,1.0,0.0,0.0,0.0,0.0,2.0,1.0,0.0,0.0,0.0,50.0
85.590576171875,9.999999747378752e-05,11.0,3.0,0.0,178.0,-1.0,0.0,0.0,7.0,0.0,2.0,1.0,0.0,0.0,0.0,69.17743682861328,9.999999747378752e-05,28.0,4.0,1.0,14.0,14.0,0.0,0.0,0.0,0.0,2.0,1.0,0.0,0.0,0.0,50.0
86.49799346923828,4.8076276779174805,13.0,3.0,0.0,76.0,8.0,0.0,0.0,6.0,0.0,1.0,0.0,0.10449238866567612,-0.28270232677459717,1.0,69.17743682861328,9.999999747378752e-05,28.0,4.0,1.0,45.0,2.0,0.0,0.0,0.0,0.0,2.0,1.0,0.0,0.0,0.0,37.0
82.96851348876953,4.253551959991455,16.0,3.0,0.0,85.0,9.0,0.0,0.0,5.0,0.0,1.0,0.0,-0.07591721415519714,-0.4600061774253845,0.0,72.9418716430664,9.999999747378752e-05,28.0,4.0,1.0,46.0,5.0,0.0,0.0,0.0,0.0,2.0,1.0,7.52886700630188,0.0,0.0,50.0
89.5041275024414,11.023852348327637,24.0,3.0,0.0,86.0,9.0,0.0,0.0,13.0,0.0,1.0,0.0,0.7206940650939941,-0.04805004596710205,1.0,76.37528991699219,9.999999747378752e-05,28.0,4.0,1.0,47.0,2.0,0.0,0.0,0.0,0.0,2.0,1.0,0.0,0.0,0.0,37.0
92.07182312011719,5.653362274169922,25.0,3.0,0.0,84.0,4.0,0.0,0.0,3.0,0.0,1.0,0.0,0.2728467285633087,0.21657723188400269,1.0,76.37528991699219,9.999999747378752e-05,28.0,4.0,1.0,48.0,8.0,0.0,0.0,0.0,0.0,2.0,1.0,0.0,0.0,0.0,10.0
88.16089630126953,13.190741539001465,26.0,3.0,0.0,84.0,7.0,0.0,0.0,0.0,0.0,0.0,0.0,0.10816580802202225,-0.6311224848031998,1.0,76.37528991699219,9.999999747378752e-05,28.0,4.0,1.0,48.0,19.0,0.0,0.0,0.0,0.0,2.0,1.0,0.0,0.0,0.0,10.0
85.99266815185547,8.448838233947754,28.0,3.0,0.0,84.0,1.0,0.0,2.0,6.0,0.0,0.0,0.0,0.35261276364326477,0.35261276364326477,1.0,76.37528991699219,9.999999747378752e-05,28.0,4.0,1.0,48.0,30.0,0.0,2.0,0.0,0.0,2.0,1.0,0.0,0.0,0.0,10.0
75.732177734375,6.670817852020264,28.0,3.0,0.0,84.0,4.0,0.0,0.0,3.0,0.0,0.0,0.0,0.20572087168693542,-0.10684943199157715,0.0,76.37528991699219,9.999999747378752e-05,28.0,4.0,1.0,48.0,39.0,0.0,0.0,0.0,0.0,2.0,1.0,0.0,0.0,0.0,50.0
75.45414733886719,4.048386573791504,29.0,3.0,1.0,84.0,5.0,0.0,0.0,2.0,0.0,0.0,0.0,-0.17574383318424225,-0.27810926735401154,0.0,76.37528991699219,9.999999747378752e-05,28.0,4.0,1.0,49.0,4.0,0.0,0.0,0.0,0.0,2.0,1.0,0.0,0.0,0.0,37.0
71.32506561279297,9.999999747378752e-05,29.0,3.0,1.0,178.0,-1.0,0.0,0.0,2.0,0.0,2.0,1.0,0.0,0.0,0.0,78.17530822753906,9.999999747378752e-05,28.0,4.0,1.0,18.0,7.0,0.0,0.0,0.0,0.0,2.0,1.0,0.0,0.0,0.0,5.0
71.02506256103516,9.999999747378752e-05,29.0,3.0,1.0,24.0,4.0,0.0,0.0,0.0,0.0,2.0,1.0,0.0,0.0,0.0,78.47531127929688,9.999999747378752e-05,28.0,4.0,0.0,18.0,11.0,0.0,0.0,0.0,0.0,2.0,1.0,0.0,0.0,0.0,37.0
65.63504791259766,12.870100021362305,29.0,3.0,1.0,67.0,13.0,0.0,0.0,0.0,0.0,1.0,0.0,-0.7099999785423279,0.21000003814697266,0.0,77.84445190429688,3.100100040435791,28.0,4.0,0.0,25.0,1.0,0.0,0.0,0.0,0.0,1.0,0.0,-0.630859375,3.0999999046325684,0.0,60.0
61.31304168701172,9.999999747378752e-05,29.0,3.0,1.0,72.0,11.0,0.0,0.0,0.0,0.0,2.0,1.0,0.0,0.0,0.0,67.00834655761719,31.57008934020996,28.0,4.0,0.0,25.0,14.0,0.0,0.0,0.0,0.0,1.0,0.0,-1.1018749475479126,1.4099990129470825,0.0,47.0
61.31304168701172,9.999999747378752e-05,29.0,3.0,1.0,178.0,-1.0,0.0,0.0,1.0,0.0,2.0,1.0,0.0,0.0,0.0,54.24208450317383,38.07007598876953,28.0,4.0,0.0,25.0,27.0,0.0,0.0,0.0,0.0,1.0,0.0,-0.6912500858306885,-0.2800009250640869,0.0,5.0
61.31304168701172,9.999999747378752e-05,29.0,3.0,1.0,24.0,4.0,0.0,0.0,0.0,0.0,2.0,1.0,0.0,0.0,0.0,52.07708740234375,35.65007400512695,28.0,4.0,0.0,25.0,31.0,0.0,0.0,0.0,0.0,1.0,0.0,-0.4512500762939453,-0.8000009059906006,0.0,47.0
51.30503845214844,24.440092086791992,29.0,3.0,1.0,28.0,13.0,0.0,0.0,0.0,0.0,0.0,0.0,-0.7739999890327454,1.0999993085861206,0.0,49.42083740234375,13.420061111450195,28.0,4.0,0.0,29.0,1.0,0.0,0.0,0.0,0.0,1.0,0.0,-0.12125002592802048,-2.4900012016296387,0.0,37.0
37.585044860839844,26.910083770751953,29.0,3.0,1.0,67.0,13.0,0.0,0.0,0.0,0.0,0.0,0.0,-1.1100000143051147,-0.5900006294250488,0.0,48.90333557128906,9.999999747378752e-05,28.0,4.0,0.0,70.0,15.0,0.0,0.0,0.0,0.0,2.0,1.0,0.0,0.0,0.0,44.0
27.485044479370117,7.410076141357422,29.0,3.0,1.0,67.0,26.0,0.0,0.0,0.0,0.0,0.0,0.0,-0.5240002870559692,-2.280000686645508,0.0,48.90333557128906,9.999999747378752e-05,28.0,4.0,0.0,14.0,6.0,0.0,0.0,0.0,0.0,2.0,1.0,0.0,0.0,0.0,60.0
25.48104476928711,9.999999747378752e-05,29.0,3.0,1.0,41.0,1.0,0.0,0.0,0.0,0.0,2.0,1.0,0.0,0.0,0.0,45.57906723022461,9.999999747378752e-05,28.0,4.0,0.0,14.0,1.0,0.0,0.0,0.0,0.0,2.0,1.0,-0.5180381238460541,0.0,0.0,44.0
25.48104476928711,9.999999747378752e-05,29.0,3.0,1.0,63.0,8.0,0.0,0.0,0.0,0.0,2.0,1.0,0.0,0.0,0.0,45.28200912475586,9.999999747378752e-05,28.0,4.0,0.0,14.0,14.0,0.0,0.0,0.0,0.0,2.0,1.0,0.0,0.0,0.0,37.0
25.48104476928711,9.999999747378752e-05,29.0,3.0,1.0,63.0,21.0,0.0,0.0,0.0,0.0,2.0,1.0,0.0,0.0,0.0,45.296688079833984,0.00010000000474974513,28.0,4.0,0.0,353.0,12.0,0.0,0.0,0.0,0.0,0.0,1.0,0.0,0.00025901850312948227,0.0,57.0
25.48104476928711,9.999999747378752e-05,29.0,3.0,1.0,63.0,34.0,0.0,0.0,0.0,0.0,2.0,1.0,0.0,0.0,0.0,42.40952682495117,39.156837463378906,28.0,4.0,0.0,353.0,25.0,0.0,0.0,0.0,0.0,0.0,0.0,-0.24059653282165527,1.7591972351074219,0.0,44.0
25.48104476928711,9.999999747378752e-05,29.0,3.0,1.0,178.0,-1.0,0.0,0.0,7.0,0.0,2.0,1.0,0.0,0.0,0.0,39.281768798828125,48.798065185546875,28.0,4.0,0.0,353.0,38.0,0.0,0.0,0.0,0.0,0.0,0.0,-0.24059581756591797,-0.13570404052734375,0.0,50.0
25.48104476928711,21.16009521484375,29.0,3.0,1.0,25.0,8.0,0.0,0.0,0.0,0.0,1.0,0.0,0.0,2.1899991035461426,0.0,36.15401077270508,34.6849479675293,28.0,4.0,0.0,353.0,51.0,0.0,0.0,0.0,0.0,0.0,0.0,-0.24059581756591797,-1.6165809631347656,0.0,31.0
25.48104476928711,37.800079345703125,29.0,3.0,1.0,348.0,13.0,0.0,0.0,0.0,0.0,1.0,0.0,0.0,0.4999990463256836,0.0,33.02625274658203,14.208582878112793,28.0,4.0,0.0,353.0,64.0,0.0,0.0,0.0,0.0,0.0,0.0,-0.24059677124023438,-1.2562904357910156,0.0,44.0
25.48104476928711,32.47006607055664,29.0,3.0,1.0,348.0,26.0,0.0,0.0,0.0,0.0,1.0,0.0,0.0,-1.1900008916854858,0.0,27.91943359375,9.999999747378752e-05,28.0,4.0,0.0,43.0,5.0,0.0,0.0,0.0,0.0,2.0,1.0,-0.5780685842037201,0.0,0.0,44.0
25.48104476928711,5.170053005218506,29.0,3.0,1.0,348.0,39.0,0.0,0.0,0.0,0.0,1.0,0.0,0.0,-2.8800015449523926,0.0,27.532331466674805,9.999999747378752e-05,28.0,4.0,0.0,43.0,18.0,0.0,0.0,0.0,0.0,2.0,1.0,0.0,0.0,0.0,5.0
25.180143356323242,9.999999747378752e-05,29.0,3.0,1.0,347.0,43.0,0.0,0.0,0.0,0.0,2.0,1.0,-0.001803504244890064,0.0,0.0,27.83233070373535,9.999999747378752e-05,28.0,4.0,0.0,43.0,22.0,0.0,0.0,0.0,0.0,2.0,1.0,0.0,0.0,0.0,44.0
22.774816513061523,9.999999747378752e-05,29.0,3.0,1.0,347.0,52.0,0.0,8.0,0.0,0.0,2.0,1.0,-0.00041299591248389333,0.0,0.0,30.232324600219727,9.999999747378752e-05,55.0,4.0,0.0,88.0,1.0,0.0,8.0,64.0,0.0,1.0,0.0,3.4530467987060547,3.334568738937378,0.0,44.0
30.518178939819336,9.999999747378752e-05,29.0,3.0,1.0,347.0,58.0,0.0,0.0,0.0,0.0,2.0,1.0,2.9551810026168823,0.0,0.0,50.18019104003906,16.53353500366211,55.0,4.0,0.0,88.0,7.0,0.0,0.0,58.0,0.0,1.0,0.0,3.2329282760620117,2.342003345489502,0.0,44.0
35.067413330078125,9.999999747378752e-05,29.0,3.0,1.0,347.0,71.0,0.0,0.0,0.0,0.0,2.0,1.0,0.0158958425745368,0.0,0.0,88.86978912353516,31.925670623779297,55.0,4.0,0.0,88.0,20.0,0.0,0.0,45.0,0.0,1.0,0.0,2.756004810333252,0.19144463539123535,1.0,44.0
35.10891342163086,9.999999747378752e-05,29.0,3.0,1.0,347.0,84.0,0.0,0.0,0.0,0.0,2.0,1.0,-0.00030517578125,0.0,0.0,121.35939025878906,26.11054801940918,55.0,4.0,0.0,88.0,29.0,0.0,0.0,32.0,0.0,1.0,0.0,2.279081344604492,-0.6991136074066162,1.0,44.0
35.09355545043945,9.999999747378752e-05,29.0,3.0,1.0,347.0,97.0,0.0,0.0,0.0,0.0,2.0,1.0,-0.0014591215876862407,0.0,0.0,147.6490020751953,13.798168182373047,55.0,4.0,0.0,88.0,29.0,0.0,0.0,19.0,0.0,1.0,0.0,1.8021595478057861,-1.1596720218658447,1.0,44.0
57.90740966796875,9.999999747378752e-05,29.0,3.0,1.0,233.0,10.0,0.0,0.0,0.0,0.0,2.0,1.0,3.145877718925476,0.0,0.0,167.73863220214844,-4.501476287841797,55.0,4.0,0.0,88.0,29.0,0.0,0.0,6.0,0.0,1.0,0.0,1.3252376317977905,-1.6202304363250732,1.0,37.0
68.25877380371094,9.999999747378752e-05,29.0,3.0,0.0,233.0,23.0,0.0,0.0,0.0,0.0,2.0,1.0,0.5763930976390839,0.0,0.0,173.0560760498047,12.051613807678223,55.0,4.0,0.0,27.0,8.0,0.0,0.0,0.0,0.0,0.0,0.0,-0.2629343271255493,2.569210171699524,1.0,44.0
69.04399871826172,9.999999747378752e-05,29.0,3.0,0.0,178.0,-1.0,0.0,0.0,4.0,0.0,2.0,1.0,0.0,0.0,0.0,166.29945373535156,30.397430419921875,55.0,4.0,0.0,27.0,21.0,0.0,0.0,0.0,0.0,0.0,0.0,-0.7398561537265778,0.4186510443687439,1.0,44.0
85.5656967163086,0.0,29.0,3.0,0.0,234.0,13.0,0.0,0.0,0.0,0.0,2.0,1.0,2.947193145751953,0.0,0.0,153.5493621826172,20.98542022705078,55.0,4.0,0.0,27.0,34.0,0.0,0.0,0.0,0.0,0.0,0.0,-1.1112500429153442,-1.6300005912780762,1.0,59.0
85.5656967163086,0.0,29.0,3.0,0.0,234.0,26.0,0.0,0.0,0.0,0.0,2.0,1.0,1.0869598388671875,0.0,0.0,139.10308837890625,-11.134586334228516,55.0,4.0,0.0,27.0,47.0,0.0,0.0,0.0,0.0,0.0,0.0,-1.1112500429153442,-2.9000000953674316,1.0,59.0
85.590576171875,9.999999747378752e-05,29.0,3.0,0.0,14.0,8.0,0.0,0.0,0.0,0.0,2.0,1.0,0.0,0.0,0.0,133.79087829589844,-19.84290885925293,55.0,4.0,0.0,354.0,10.0,0.0,0.0,0.0,0.0,0.0,0.0,-0.3665294349193573,-0.001221084501594305,1.0,10.0
75.8505630493164,23.220094680786133,29.0,3.0,0.0,25.0,9.0,0.0,0.0,0.0,0.0,1.0,0.0,-1.1100000143051147,2.0599989891052246,0.0,121.5469741821289,1.3784618377685547,55.0,4.0,0.0,354.0,23.0,0.0,0.0,0.0,0.0,0.0,0.0,-1.2987159490585327,1.6991615295410156,1.0,50.0
75.8505630493164,47.66008758544922,29.0,3.0,0.0,27.0,13.0,0.0,0.0,0.0,0.0,0.0,0.0,0.0,1.0999993085861206,0.0,104.20781707763672,15.633216857910156,55.0,4.0,0.0,354.0,36.0,0.0,0.0,0.0,0.0,0.0,0.0,-1.3430161476135254,0.6061439514160156,1.0,44.0
80.16056823730469,50.13008499145508,29.0,3.0,0.0,67.0,13.0,0.0,0.0,0.0,0.0,0.0,0.0,0.5660000443458557,-0.5900006294250488,0.0,86.69648742675781,16.154064178466797,55.0,4.0,0.0,354.0,49.0,0.0,0.0,0.0,0.0,0.0,0.0,-1.347562313079834,-0.7017631530761719,1.0,50.0
86.60855865478516,30.63007164001465,29.0,3.0,0.0,67.0,26.0,0.0,0.0,0.0,0.0,0.0,0.0,0.43600016832351685,-2.280000686645508,1.0,79.9203109741211,-2.597372055053711,55.0,4.0,0.0,354.0,62.0,0.0,0.0,0.0,0.0,0.0,0.0,-0.494634747505188,-1.5607643127441406,0.0,10.0
88.89775085449219,-5.889933109283447,29.0,3.0,0.0,29.0,4.0,0.0,0.0,0.0,0.0,0.0,0.0,-0.22399982810020447,-2.9000000953674316,1.0,78.30458068847656,9.999999747378752e-05,55.0,4.0,0.0,43.0,12.0,0.0,0.0,0.0,0.0,2.0,1.0,0.0,0.0,0.0,10.0
