-18.520008087158203,9.999999747378752e-05,0.0,4.0,1.0,235.0,19.0,0.0,0.0,9.0,0.0,2.0,1.0,0.0,0.0,0.0,60.0,9.999999747378752e-05,0.0,4.0,0.0,14.0,107.0,0.0,0.0,0.0,0.0,2.0,1.0,0.0,0.0,0.0,48.0
-18.520008087158203,9.999999747378752e-05,0.0,4.0,1.0,235.0,19.0,0.0,0.0,9.0,0.0,2.0,1.0,0.0,0.0,0.0,60.0,9.999999747378752e-05,0.0,4.0,0.0,14.0,120.0,0.0,0.0,0.0,0.0,2.0,1.0,0.0,0.0,0.0,48.0
-18.520008087158203,9.999999747378752e-05,0.0,4.0,1.0,235.0,19.0,0.0,0.0,9.0,0.0,2.0,1.0,0.0,0.0,0.0,60.0,9.999999747378752e-05,0.0,4.0,0.0,14.0,133.0,0.0,0.0,0.0,0.0,2.0,1.0,0.0,0.0,0.0,48.0
-60.0,10.219610214233398,0.0,4.0,1.0,323.0,4.0,0.0,0.0,0.0,0.0,1.0,0.0,0.0,0.0,0.0,60.0,10.0,0.0,4.0,0.0,322.0,-1.0,0.0,0.0,0.0,0.0,1.0,0.0,0.0,0.0,0.0,4.0
-60.0,10.933344841003418,0.0,4.0,1.0,323.0,17.0,0.0,0.0,0.0,0.0,1.0,0.0,0.0,0.0,0.0,60.0,10.658831596374512,0.0,4.0,0.0,323.0,12.0,0.0,0.0,0.0,0.0,1.0,0.0,0.0,0.0,0.0,30.0
-60.0,11.647079467773438,0.0,4.0,1.0,324.0,-1.0,0.0,0.0,0.0,0.0,1.0,0.0,0.0,0.0,0.0,60.0,11.372566223144531,0.0,4.0,0.0,323.0,25.0,0.0,0.0,0.0,0.0,1.0,0.0,0.0,0.0,0.0,50.0
-60.0,10.933344841003418,0.0,4.0,1.0,324.0,-1.0,0.0,0.0,0.0,0.0,1.0,0.0,0.0,0.0,0.0,60.0,11.207858085632324,0.0,4.0,0.0,324.0,-1.0,0.0,0.0,0.0,0.0,1.0,0.0,0.0,0.0,0.0,30.0
-60.0,10.219610214233398,0.0,4.0,1.0,324.0,-1.0,0.0,0.0,0.0,0.0,1.0,0.0,0.0,0.0,0.0,60.0,10.494123458862305,0.0,4.0,0.0,324.0,-1.0,0.0,0.0,0.0,0.0,1.0,0.0,0.0,0.0,0.0,12.0
-60.0,2.904902696609497,0.0,4.0,1.0,29.0,2.0,0.0,0.0,0.0,0.0,1.0,0.0,0.0,-1.2999999523162842,0.0,60.0,8.104902267456055,0.0,4.0,0.0,29.0,5.0,0.0,0.0,0.0,0.0,1.0,0.0,0.0,-0.6499999761581421,0.0,42.0
-60.0,9.999999747378752e-05,0.0,4.0,1.0,178.0,-1.0,0.0,0.0,2.0,0.0,2.0,1.0,0.0,0.0,0.0,60.0,9.999999747378752e-05,0.0,4.0,0.0,42.0,5.0,0.0,0.0,0.0,0.0,2.0,1.0,0.0,0.0,0.0,30.0
-60.0,9.999999747378752e-05,0.0,4.0,1.0,235.0,13.0,0.0,0.0,3.0,0.0,2.0,1.0,0.0,0.0,0.0,60.0,9.999999747378752e-05,0.0,4.0,0.0,42.0,18.0,0.0,0.0,0.0,0.0,2.0,1.0,0.0,0.0,0.0,48.0
-60.0,9.999999747378752e-05,0.0,4.0,1.0,235.0,26.0,0.0,0.0,3.0,0.0,2.0,1.0,0.0,0.0,0.0,60.0,9.999999747378752e-05,0.0,4.0,0.0,14.0,1.0,0.0,0.0,0.0,0.0,2.0,1.0,0.0,0.0,0.0,48.0
-60.0,9.999999747378752e-05,0.0,4.0,1.0,39.0,7.0,0.0,0.0,0.0,0.0,2.0,1.0,0.0,0.0,0.0,60.0,9.999999747378752e-05,0.0,4.0,0.0,14.0,14.0,0.0,0.0,0.0,0.0,2.0,1.0,0.0,0.0,0.0,40.0
-60.0,9.999999747378752e-05,0.0,4.0,1.0,180.0,0.0,0.0,0.0,12.0,0.0,2.0,1.0,0.0,0.0,0.0,60.0,9.999999747378752e-05,0.0,4.0,0.0,14.0,27.0,0.0,0.0,0.0,0.0,2.0,1.0,0.0,0.0,0.0,30.0
-60.0,9.999999747378752e-05,0.0,4.0,1.0,235.0,13.0,0.0,0.0,13.0,0.0,2.0,1.0,0.0,0.0,0.0,60.0,9.999999747378752e-05,0.0,4.0,0.0,14.0,40.0,0.0,0.0,0.0,0.0,2.0,1.0,0.0,0.0,0.0,48.0
-60.0,9.999999747378752e-05,0.0,4.0,1.0,235.0,26.0,0.0,0.0,13.0,0.0,2.0,1.0,0.0,0.0,0.0,60.0,9.999999747378752e-05,0.0,4.0,0.0,14.0,53.0,0.0,0.0,0.0,0.0,2.0,1.0,0.0,0.0,0.0,48.0
-60.0,9.999999747378752e-05,0.0,4.0,1.0,39.0,7.0,0.0,0.0,0.0,0.0,2.0,1.0,0.0,0.0,0.0,60.0,9.999999747378752e-05,0.0,4.0,0.0,14.0,6.0,0.0,0.0,0.0,0.0,2.0,1.0,0.0,0.0,0.0,40.0
-60.0,9.999999747378752e-05,0.0,4.0,1.0,180.0,0.0,0.0,0.0,12.0,0.0,2.0,1.0,0.0,0.0,0.0,60.0,9.999999747378752e-05,0.0,4.0,0.0,14.0,19.0,0.0,0.0,0.0,0.0,2.0,1.0,0.0,0.0,0.0,30.0
-60.0,9.999999747378752e-05,0.0,4.0,1.0,235.0,13.0,0.0,0.0,13.0,0.0,2.0,1.0,0.0,0.0,0.0,60.0,9.999999747378752e-05,0.0,4.0,0.0,14.0,32.0,0.0,0.0,0.0,0.0,2.0,1.0,0.0,0.0,0.0,48.0
-60.0,9.999999747378752e-05,0.0,4.0,1.0,235.0,26.0,0.0,0.0,13.0,0.0,2.0,1.0,0.0,0.0,0.0,60.0,9.999999747378752e-05,0.0,4.0,0.0,14.0,45.0,0.0,0.0,0.0,0.0,2.0,1.0,0.0,0.0,0.0,48.0
-60.0,9.999999747378752e-05,0.0,4.0,1.0,39.0,7.0,0.0,0.0,0.0,0.0,2.0,1.0,0.0,0.0,0.0,60.0,9.999999747378752e-05,0.0,4.0,0.0,14.0,58.0,0.0,0.0,0.0,0.0,2.0,1.0,0.0,0.0,0.0,40.0
-60.0,9.999999747378752e-05,0.0,4.0,1.0,180.0,0.0,0.0,0.0,12.0,0.0,2.0,1.0,0.0,0.0,0.0,60.0,9.999999747378752e-05,0.0,4.0,0.0,14.0,1.0,0.0,0.0,0.0,0.0,2.0,1.0,0.0,0.0,0.0,30.0
-60.0,9.999999747378752e-05,0.0,4.0,1.0,235.0,13.0,0.0,0.0,13.0,0.0,2.0,1.0,0.0,0.0,0.0,60.0,9.999999747378752e-05,0.0,4.0,0.0,14.0,14.0,0.0,0.0,0.0,0.0,2.0,1.0,0.0,0.0,0.0,48.0
-60.0,9.999999747378752e-05,0.0,4.0,1.0,235.0,26.0,0.0,0.0,13.0,0.0,2.0,1.0,0.0,0.0,0.0,60.0,9.999999747378752e-05,0.0,4.0,0.0,14.0,27.0,0.0,0.0,0.0,0.0,2.0,1.0,0.0,0.0,0.0,48.0
-60.0,9.999999747378752e-05,0.0,4.0,1.0,39.0,7.0,0.0,0.0,0.0,0.0,2.0,1.0,0.0,0.0,0.0,60.0,9.999999747378752e-05,0.0,4.0,0.0,14.0,40.0,0.0,0.0,0.0,0.0,2.0,1.0,0.0,0.0,0.0,40.0
-60.0,9.999999747378752e-05,0.0,4.0,1.0,180.0,0.0,0.0,0.0,12.0,0.0,2.0,1.0,0.0,0.0,0.0,60.0,9.999999747378752e-05,0.0,4.0,0.0,14.0,53.0,0.0,0.0,0.0,0.0,2.0,1.0,0.0,0.0,0.0,30.0
-60.0,9.999999747378752e-05,0.0,4.0,1.0,235.0,13.0,0.0,0.0,13.0,0.0,2.0,1.0,0.0,0.0,0.0,60.0,9.999999747378752e-05,0.0,4.0,0.0,14.0,6.0,0.0,0.0,0.0,0.0,2.0,1.0,0.0,0.0,0.0,48.0
-60.0,9.999999747378752e-05,0.0,4.0,1.0,235.0,26.0,0.0,0.0,13.0,0.0,2.0,1.0,0.0,0.0,0.0,60.0,9.999999747378752e-05,0.0,4.0,0.0,14.0,19.0,0.0,0.0,0.0,0.0,2.0,1.0,0.0,0.0,0.0,48.0
-60.0,9.999999747378752e-05,0.0,4.0,1.0,39.0,7.0,0.0,0.0,0.0,0.0,2.0,1.0,0.0,0.0,0.0,60.0,9.999999747378752e-05,0.0,4.0,0.0,14.0,32.0,0.0,0.0,0.0,0.0,2.0,1.0,0.0,0.0,0.0,40.0
-60.0,9.999999747378752e-05,0.0,4.0,1.0,180.0,0.0,0.0,0.0,12.0,0.0,2.0,1.0,0.0,0.0,0.0,60.0,9.999999747378752e-05,0.0,4.0,0.0,14.0,45.0,0.0,0.0,0.0,0.0,2.0,1.0,0.0,0.0,0.0,30.0
-60.0,9.999999747378752e-05,0.0,4.0,1.0,235.0,13.0,0.0,0.0,13.0,0.0,2.0,1.0,0.0,0.0,0.0,60.0,9.999999747378752e-05,0.0,4.0,0.0,14.0,58.0,0.0,0.0,0.0,0.0,2.0,1.0,0.0,0.0,0.0,48.0
-60.0,9.999999747378752e-05,0.0,4.0,1.0,235.0,26.0,0.0,0.0,13.0,0.0,2.0,1.0,0.0,0.0,0.0,60.0,9.999999747378752e-05,0.0,4.0,0.0,14.0,1.0,0.0,0.0,0.0,0.0,2.0,1.0,0.0,0.0,0.0,48.0
-60.0,9.999999747378752e-05,0.0,4.0,1.0,39.0,7.0,0.0,0.0,0.0,0.0,2.0,1.0,0.0,0.0,0.0,60.0,9.999999747378752e-05,0.0,4.0,0.0,14.0,14.0,0.0,0.0,0.0,0.0,2.0,1.0,0.0,0.0,0.0,40.0
-60.0,9.999999747378752e-05,0.0,4.0,1.0,180.0,0.0,0.0,0.0,12.0,0.0,2.0,1.0,0.0,0.0,0.0,60.0,9.999999747378752e-05,0.0,4.0,0.0,14.0,27.0,0.0,0.0,0.0,0.0,2.0,1.0,0.0,0.0,0.0,30.0
-60.0,9.999999747378752e-05,0.0,4.0,1.0,235.0,13.0,0.0,0.0,13.0,0.0,2.0,1.0,0.0,0.0,0.0,60.0,9.999999747378752e-05,0.0,4.0,0.0,14.0,40.0,0.0,0.0,0.0,0.0,2.0,1.0,0.0,0.0,0.0,48.0
-60.0,9.999999747378752e-05,0.0,4.0,1.0,235.0,26.0,0.0,0.0,13.0,0.0,2.0,1.0,0.0,0.0,0.0,60.0,9.999999747378752e-05,0.0,4.0,0.0,14.0,53.0,0.0,0.0,0.0,0.0,2.0,1.0,0.0,0.0,0.0,48.0
-60.0,9.999999747378752e-05,0.0,4.0,1.0,39.0,7.0,0.0,0.0,0.0,0.0,2.0,1.0,0.0,0.0,0.0,60.0,9.999999747378752e-05,0.0,4.0,0.0,14.0,66.0,0.0,0.0,0.0,0.0,2.0,1.0,0.0,0.0,0.0,40.0
-60.0,9.999999747378752e-05,0.0,4.0,1.0,180.0,0.0,0.0,0.0,12.0,0.0,2.0,1.0,0.0,0.0,0.0,60.0,9.999999747378752e-05,0.0,4.0,0.0,14.0,4.0,0.0,0.0,0.0,0.0,2.0,1.0,0.0,0.0,0.0,30.0
-60.0,9.999999747378752e-05,0.0,4.0,1.0,235.0,13.0,0.0,0.0,13.0,0.0,2.0,1.0,0.0,0.0,0.0,60.0,9.999999747378752e-05,0.0,4.0,0.0,14.0,17.0,0.0,0.0,0.0,0.0,2.0,1.0,0.0,0.0,0.0,48.0
-60.0,9.999999747378752e-05,0.0,4.0,1.0,235.0,26.0,0.0,0.0,13.0,0.0,2.0,1.0,0.0,0.0,0.0,60.0,9.999999747378752e-05,0.0,4.0,0.0,14.0,30.0,0.0,0.0,0.0,0.0,2.0,1.0,0.0,0.0,0.0,48.0
-60.0,9.999999747378752e-05,0.0,4.0,1.0,39.0,7.0,0.0,0.0,0.0,0.0,2.0,1.0,0.0,0.0,0.0,60.0,9.999999747378752e-05,0.0,4.0,0.0,14.0,43.0,0.0,0.0,0.0,0.0,2.0,1.0,0.0,0.0,0.0,40.0
-60.0,9.999999747378752e-05,0.0,4.0,1.0,180.0,0.0,0.0,0.0,12.0,0.0,2.0,1.0,0.0,0.0,0.0,60.0,9.999999747378752e-05,0.0,4.0,0.0,14.0,56.0,0.0,0.0,0.0,0.0,2.0,1.0,0.0,0.0,0.0,30.0
-60.0,9.999999747378752e-05,0.0,4.0,1.0,235.0,13.0,0.0,0.0,13.0,0.0,2.0,1.0,0.0,0.0,0.0,60.0,9.999999747378752e-05,0.0,4.0,0.0,14.0,9.0,0.0,0.0,0.0,0.0,2.0,1.0,0.0,0.0,0.0,48.0
-60.0,9.999999747378752e-05,0.0,4.0,1.0,235.0,26.0,0.0,0.0,13.0,0.0,2.0,1.0,0.0,0.0,0.0,60.0,9.999999747378752e-05,0.0,4.0,0.0,14.0,22.0,0.0,0.0,0.0,0.0,2.0,1.0,0.0,0.0,0.0,48.0
-60.0,9.999999747378752e-05,0.0,4.0,1.0,39.0,7.0,0.0,0.0,0.0,0.0,2.0,1.0,0.0,0.0,0.0,60.0,9.999999747378752e-05,0.0,4.0,0.0,14.0,35.0,0.0,0.0,0.0,0.0,2.0,1.0,0.0,0.0,0.0,40.0
-60.0,9.999999747378752e-05,0.0,4.0,1.0,180.0,0.0,0.0,0.0,12.0,0.0,2.0,1.0,0.0,0.0,0.0,60.0,9.999999747378752e-05,0.0,4.0,0.0,14.0,48.0,0.0,0.0,0.0,0.0,2.0,1.0,0.0,0.0,0.0,30.0
-60.0,9.999999747378752e-05,0.0,4.0,1.0,235.0,13.0,0.0,0.0,13.0,0.0,2.0,1.0,0.0,0.0,0.0,60.0,9.999999747378752e-05,0.0,4.0,0.0,14.0,1.0,0.0,0.0,0.0,0.0,2.0,1.0,0.0,0.0,0.0,48.0
-60.0,9.999999747378752e-05,0.0,4.0,1.0,235.0,26.0,0.0,0.0,13.0,0.0,2.0,1.0,0.0,0.0,0.0,60.0,9.999999747378752e-05,0.0,4.0,0.0,14.0,14.0,0.0,0.0,0.0,0.0,2.0,1.0,0.0,0.0,0.0,48.0
-60.0,9.999999747378752e-05,0.0,4.0,1.0,39.0,7.0,0.0,0.0,0.0,0.0,2.0,1.0,0.0,0.0,0.0,60.0,9.999999747378752e-05,0.0,4.0,0.0,14.0,27.0,0.0,0.0,0.0,0.0,2.0,1.0,0.0,0.0,0.0,40.0
-60.0,9.999999747378752e-05,0.0,4.0,1.0,180.0,0.0,0.0,0.0,12.0,0.0,2.0,1.0,0.0,0.0,0.0,60.0,9.999999747378752e-05,0.0,4.0,0.0,14.0,40.0,0.0,0.0,0.0,0.0,2.0,1.0,0.0,0.0,0.0,30.0
-60.0,9.999999747378752e-05,0.0,4.0,1.0,235.0,13.0,0.0,0.0,13.0,0.0,2.0,1.0,0.0,0.0,0.0,60.0,9.999999747378752e-05,0.0,4.0,0.0,14.0,53.0,0.0,0.0,0.0,0.0,2.0,1.0,0.0,0.0,0.0,48.0
-60.0,9.999999747378752e-05,0.0,4.0,1.0,235.0,26.0,0.0,0.0,13.0,0.0,2.0,1.0,0.0,0.0,0.0,60.0,9.999999747378752e-05,0.0,4.0,0.0,14.0,66.0,0.0,0.0,0.0,0.0,2.0,1.0,0.0,0.0,0.0,48.0
-60.0,9.999999747378752e-05,0.0,4.0,1.0,39.0,7.0,0.0,0.0,0.0,0.0,2.0,1.0,0.0,0.0,0.0,60.0,9.999999747378752e-05,0.0,4.0,0.0,14.0,4.0,0.0,0.0,0.0,0.0,2.0,1.0,0.0,0.0,0.0,40.0
-60.0,9.999999747378752e-05,0.0,4.0,1.0,180.0,0.0,0.0,0.0,12.0,0.0,2.0,1.0,0.0,0.0,0.0,60.0,9.999999747378752e-05,0.0,4.0,0.0,14.0,17.0,0.0,0.0,0.0,0.0,2.0,1.0,0.0,0.0,0.0,30.0
-60.0,9.999999747378752e-05,0.0,4.0,1.0,235.0,13.0,0.0,0.0,13.0,0.0,2.0,1.0,0.0,0.0,0.0,60.0,9.999999747378752e-05,0.0,4.0,0.0,14.0,30.0,0.0,0.0,0.0,0.0,2.0,1.0,0.0,0.0,0.0,48.0
-60.0,9.999999747378752e-05,0.0,4.0,1.0,235.0,26.0,0.0,0.0,13.0,0.0,2.0,1.0,0.0,0.0,0.0,60.0,9.999999747378752e-05,0.0,4.0,0.0,14.0,43.0,0.0,0.0,0.0,0.0,2.0,1.0,0.0,0.0,0.0,48.0
-60.0,9.999999747378752e-05,0.0,4.0,1.0,39.0,7.0,0.0,0.0,0.0,0.0,2.0,1.0,0.0,0.0,0.0,60.0,9.999999747378752e-05,0.0,4.0,0.0,14.0,56.0,0.0,0.0,0.0,0.0,2.0,1.0,0.0,0.0,0.0,40.0
-60.0,9.999999747378752e-05,0.0,4.0,1.0,180.0,0.0,0.0,0.0,12.0,0.0,2.0,1.0,0.0,0.0,0.0,60.0,9.999999747378752e-05,0.0,4.0,0.0,14.0,9.0,0.0,0.0,0.0,0.0,2.0,1.0,0.0,0.0,0.0,30.0
-60.0,9.999999747378752e-05,0.0,4.0,1.0,235.0,13.0,0.0,0.0,13.0,0.0,2.0,1.0,0.0,0.0,0.0,60.0,9.999999747378752e-05,0.0,4.0,0.0,14.0,22.0,0.0,0.0,0.0,0.0,2.0,1.0,0.0,0.0,0.0,48.0
-60.0,9.999999747378752e-05,0.0,4.0,1.0,235.0,26.0,0.0,0.0,13.0,0.0,2.0,1.0,0.0,0.0,0.0,60.0,9.999999747378752e-05,0.0,4.0,0.0,14.0,35.0,0.0,0.0,0.0,0.0,2.0,1.0,0.0,0.0,0.0,48.0
-60.0,9.999999747378752e-05,0.0,4.0,1.0,39.0,7.0,0.0,0.0,0.0,0.0,2.0,1.0,0.0,0.0,0.0,60.0,9.999999747378752e-05,0.0,4.0,0.0,14.0,48.0,0.0,0.0,0.0,0.0,2.0,1.0,0.0,0.0,0.0,40.0
-60.0,9.999999747378752e-05,0.0,4.0,1.0,180.0,0.0,0.0,0.0,12.0,0.0,2.0,1.0,0.0,0.0,0.0,60.0,9.999999747378752e-05,0.0,4.0,0.0,14.0,61.0,0.0,0.0,0.0,0.0,2.0,1.0,0.0,0.0,0.0,30.0
-60.0,9.999999747378752e-05,0.0,4.0,1.0,235.0,13.0,0.0,0.0,13.0,0.0,2.0,1.0,0.0,0.0,0.0,60.0,9.999999747378752e-05,0.0,4.0,0.0,14.0,4.0,0.0,0.0,0.0,0.0,2.0,1.0,0.0,0.0,0.0,48.0
-60.0,9.999999747378752e-05,0.0,4.0,1.0,235.0,26.0,0.0,0.0,13.0,0.0,2.0,1.0,0.0,0.0,0.0,60.0,9.999999747378752e-05,0.0,4.0,0.0,14.0,17.0,0.0,0.0,0.0,0.0,2.0,1.0,0.0,0.0,0.0,48.0
-60.0,9.999999747378752e-05,0.0,4.0,1.0,39.0,7.0,0.0,0.0,0.0,0.0,2.0,1.0,0.0,0.0,0.0,60.0,9.999999747378752e-05,0.0,4.0,0.0,14.0,30.0,0.0,0.0,0.0,0.0,2.0,1.0,0.0,0.0,0.0,40.0
-60.0,9.999999747378752e-05,0.0,4.0,1.0,180.0,0.0,0.0,0.0,12.0,0.0,2.0,1.0,0.0,0.0,0.0,60.0,9.999999747378752e-05,0.0,4.0,0.0,14.0,43.0,0.0,0.0,0.0,0.0,2.0,1.0,0.0,0.0,0.0,30.0
-60.0,9.999999747378752e-05,0.0,4.0,1.0,235.0,13.0,0.0,0.0,13.0,0.0,2.0,1.0,0.0,0.0,0.0,60.0,9.999999747378752e-05,0.0,4.0,0.0,14.0,56.0,0.0,0.0,0.0,0.0,2.0,1.0,0.0,0.0,0.0,48.0
-60.0,9.999999747378752e-05,0.0,4.0,1.0,235.0,26.0,0.0,0.0,13.0,0.0,2.0,1.0,0.0,0.0,0.0,60.0,9.999999747378752e-05,0.0,4.0,0.0,14.0,9.0,0.0,0.0,0.0,0.0,2.0,1.0,0.0,0.0,0.0,48.0
-60.0,9.999999747378752e-05,0.0,4.0,1.0,39.0,7.0,0.0,0.0,0.0,0.0,2.0,1.0,0.0,0.0,0.0,60.0,9.999999747378752e-05,0.0,4.0,0.0,14.0,22.0,0.0,0.0,0.0,0.0,2.0,1.0,0.0,0.0,0.0,40.0
-60.0,9.999999747378752e-05,0.0,4.0,1.0,180.0,0.0,0.0,0.0,12.0,0.0,2.0,1.0,0.0,0.0,0.0,60.0,9.999999747378752e-05,0.0,4.0,0.0,14.0,35.0,0.0,0.0,0.0,0.0,2.0,1.0,0.0,0.0,0.0,30.0
-60.0,9.999999747378752e-05,0.0,4.0,1.0,235.0,13.0,0.0,0.0,13.0,0.0,2.0,1.0,0.0,0.0,0.0,60.0,9.999999747378752e-05,0.0,4.0,0.0,14.0,48.0,0.0,0.0,0.0,0.0,2.0,1.0,0.0,0.0,0.0,48.0
-60.0,9.999999747378752e-05,0.0,4.0,1.0,235.0,26.0,0.0,0.0,13.0,0.0,2.0,1.0,0.0,0.0,0.0,60.0,9.999999747378752e-05,0.0,4.0,0.0,14.0,1.0,0.0,0.0,0.0,0.0,2.0,1.0,0.0,0.0,0.0,48.0
-60.0,9.999999747378752e-05,0.0,4.0,1.0,39.0,7.0,0.0,0.0,0.0,0.0,2.0,1.0,0.0,0.0,0.0,60.0,9.999999747378752e-05,0.0,4.0,0.0,14.0,14.0,0.0,0.0,0.0,0.0,2.0,1.0,0.0,0.0,0.0,40.0
-60.0,9.999999747378752e-05,0.0,4.0,1.0,180.0,0.0,0.0,0.0,12.0,0.0,2.0,1.0,0.0,0.0,0.0,60.0,9.999999747378752e-05,0.0,4.0,0.0,14.0,27.0,0.0,0.0,0.0,0.0,2.0,1.0,0.0,0.0,0.0,30.0
-60.0,9.999999747378752e-05,0.0,4.0,1.0,235.0,13.0,0.0,0.0,13.0,0.0,2.0,1.0,0.0,0.0,0.0,60.0,9.999999747378752e-05,0.0,4.0,0.0,14.0,40.0,0.0,0.0,0.0,0.0,2.0,1.0,0.0,0.0,0.0,48.0
-60.0,9.999999747378752e-05,0.0,4.0,1.0,235.0,26.0,0.0,0.0,13.0,0.0,2.0,1.0,0.0,0.0,0.0,60.0,9.999999747378752e-05,0.0,4.0,0.0,14.0,53.0,0.0,0.0,0.0,0.0,2.0,1.0,0.0,0.0,0.0,48.0
-60.0,9.999999747378752e-05,0.0,4.0,1.0,39.0,7.0,0.0,0.0,0.0,0.0,2.0,1.0,0.0,0.0,0.0,60.0,9.999999747378752e-05,0.0,4.0,0.0,14.0,66.0,0.0,0.0,0.0,0.0,2.0,1.0,0.0,0.0,0.0,40.0
-60.0,9.999999747378752e-05,0.0,4.0,1.0,180.0,0.0,0.0,0.0,12.0,0.0,2.0,1.0,0.0,0.0,0.0,60.0,9.999999747378752e-05,0.0,4.0,0.0,14.0,4.0,0.0,0.0,0.0,0.0,2.0,1.0,0.0,0.0,0.0,30.0
-60.0,9.999999747378752e-05,0.0,4.0,1.0,235.0,13.0,0.0,0.0,13.0,0.0,2.0,1.0,0.0,0.0,0.0,60.0,9.999999747378752e-05,0.0,4.0,0.0,14.0,17.0,0.0,0.0,0.0,0.0,2.0,1.0,0.0,0.0,0.0,48.0
-60.0,9.999999747378752e-05,0.0,4.0,1.0,235.0,26.0,0.0,0.0,13.0,0.0,2.0,1.0,0.0,0.0,0.0,60.0,9.999999747378752e-05,0.0,4.0,0.0,14.0,30.0,0.0,0.0,0.0,0.0,2.0,1.0,0.0,0.0,0.0,48.0
-60.0,9.999999747378752e-05,0.0,4.0,1.0,39.0,7.0,0.0,0.0,0.0,0.0,2.0,1.0,0.0,0.0,0.0,60.0,9.999999747378752e-05,0.0,4.0,0.0,14.0,43.0,0.0,0.0,0.0,0.0,2.0,1.0,0.0,0.0,0.0,40.0
-60.0,9.999999747378752e-05,0.0,4.0,1.0,180.0,0.0,0.0,0.0,12.0,0.0,2.0,1.0,0.0,0.0,0.0,60.0,9.999999747378752e-05,0.0,4.0,0.0,14.0,56.0,0.0,0.0,0.0,0.0,2.0,1.0,0.0,0.0,0.0,30.0
-60.0,9.999999747378752e-05,0.0,4.0,1.0,235.0,13.0,0.0,0.0,13.0,0.0,2.0,1.0,0.0,0.0,0.0,60.0,9.999999747378752e-05,0.0,4.0,0.0,14.0,69.0,0.0,0.0,0.0,0.0,2.0,1.0,0.0,0.0,0.0,48.0
-60.0,9.999999747378752e-05,0.0,4.0,1.0,235.0,26.0,0.0,0.0,13.0,0.0,2.0,1.0,0.0,0.0,0.0,60.0,9.999999747378752e-05,0.0,4.0,0.0,14.0,12.0,0.0,0.0,0.0,0.0,2.0,1.0,0.0,0.0,0.0,48.0
-60.0,9.999999747378752e-05,0.0,4.0,1.0,39.0,7.0,0.0,0.0,0.0,0.0,2.0,1.0,0.0,0.0,0.0,60.0,9.999999747378752e-05,0.0,4.0,0.0,14.0,25.0,0.0,0.0,0.0,0.0,2.0,1.0,0.0,0.0,0.0,40.0
-60.0,9.999999747378752e-05,0.0,4.0,1.0,180.0,0.0,0.0,0.0,12.0,0.0,2.0,1.0,0.0,0.0,0.0,60.0,9.999999747378752e-05,0.0,4.0,0.0,14.0,38.0,0.0,0.0,0.0,0.0,2.0,1.0,0.0,0.0,0.0,30.0
-60.0,9.999999747378752e-05,0.0,4.0,1.0,235.0,13.0,0.0,0.0,13.0,0.0,2.0,1.0,0.0,0.0,0.0,60.0,9.999999747378752e-05,0.0,4.0,0.0,14.0,51.0,0.0,0.0,0.0,0.0,2.0,1.0,0.0,0.0,0.0,48.0
-60.0,9.999999747378752e-05,0.0,4.0,1.0,235.0,26.0,0.0,0.0,13.0,0.0,2.0,1.0,0.0,0.0,0.0,60.0,9.999999747378752e-05,0.0,4.0,0.0,14.0,4.0,0.0,0.0,0.0,0.0,2.0,1.0,0.0,0.0,0.0,48.0
-60.0,9.999999747378752e-05,0.0,4.0,1.0,39.0,7.0,0.0,0.0,0.0,0.0,2.0,1.0,0.0,0.0,0.0,60.0,9.999999747378752e-05,0.0,4.0,0.0,14.0,17.0,0.0,0.0,0.0,0.0,2.0,1.0,0.0,0.0,0.0,40.0
-60.0,9.999999747378752e-05,0.0,4.0,1.0,180.0,0.0,0.0,0.0,12.0,0.0,2.0,1.0,0.0,0.0,0.0,60.0,9.999999747378752e-05,0.0,4.0,0.0,14.0,30.0,0.0,0.0,0.0,0.0,2.0,1.0,0.0,0.0,0.0,30.0
-60.0,9.999999747378752e-05,0.0,4.0,1.0,235.0,13.0,0.0,0.0,13.0,0.0,2.0,1.0,0.0,0.0,0.0,60.0,9.999999747378752e-05,0.0,4.0,0.0,14.0,43.0,0.0,0.0,0.0,0.0,2.0,1.0,0.0,0.0,0.0,48.0
-60.0,9.999999747378752e-05,0.0,4.0,1.0,235.0,26.0,0.0,0.0,13.0,0.0,2.0,1.0,0.0,0.0,0.0,60.0,9.999999747378752e-05,0.0,4.0,0.0,14.0,56.0,0.0,0.0,0.0,0.0,2.0,1.0,0.0,0.0,0.0,48.0
-60.0,9.999999747378752e-05,0.0,4.0,1.0,39.0,7.0,0.0,0.0,0.0,0.0,2.0,1.0,0.0,0.0,0.0,60.0,9.999999747378752e-05,0.0,4.0,0.0,14.0,69.0,0.0,0.0,0.0,0.0,2.0,1.0,0.0,0.0,0.0,40.0
-60.0,9.999999747378752e-05,0.0,4.0,1.0,180.0,0.0,0.0,0.0,12.0,0.0,2.0,1.0,0.0,0.0,0.0,60.0,9.999999747378752e-05,0.0,4.0,0.0,14.0,12.0,0.0,0.0,0.0,0.0,2.0,1.0,0.0,0.0,0.0,30.0
-60.0,9.999999747378752e-05,0.0,4.0,1.0,235.0,13.0,0.0,0.0,13.0,0.0,2.0,1.0,0.0,0.0,0.0,60.0,9.999999747378752e-05,0.0,4.0,0.0,14.0,25.0,0.0,0.0,0.0,0.0,2.0,1.0,0.0,0.0,0.0,48.0
-60.0,9.999999747378752e-05,0.0,4.0,1.0,235.0,26.0,0.0,0.0,13.0,0.0,2.0,1.0,0.0,0.0,0.0,60.0,9.999999747378752e-05,0.0,4.0,0.0,14.0,38.0,0.0,0.0,0.0,0.0,2.0,1.0,0.0,0.0,0.0,48.0
-60.0,9.999999747378752e-05,0.0,4.0,1.0,39.0,7.0,0.0,0.0,0.0,0.0,2.0,1.0,0.0,0.0,0.0,60.0,9.999999747378752e-05,0.0,4.0,0.0,14.0,51.0,0.0,0.0,0.0,0.0,2.0,1.0,0.0,0.0,0.0,40.0
-60.0,9.999999747378752e-05,0.0,4.0,1.0,180.0,0.0,0.0,0.0,12.0,0.0,2.0,1.0,0.0,0.0,0.0,60.0,9.999999747378752e-05,0.0,4.0,0.0,14.0,4.0,0.0,0.0,0.0,0.0,2.0,1.0,0.0,0.0,0.0,30.0
-60.0,9.999999747378752e-05,0.0,4.0,1.0,235.0,13.0,0.0,0.0,13.0,0.0,2.0,1.0,0.0,0.0,0.0,60.0,9.999999747378752e-05,0.0,4.0,0.0,14.0,17.0,0.0,0.0,0.0,0.0,2.0,1.0,0.0,0.0,0.0,48.0
-60.0,9.999999747378752e-05,0.0,4.0,1.0,235.0,26.0,0.0,0.0,13.0,0.0,2.0,1.0,0.0,0.0,0.0,60.0,9.999999747378752e-05,0.0,4.0,0.0,14.0,30.0,0.0,0.0,0.0,0.0,2.0,1.0,0.0,0.0,0.0,48.0
-60.0,9.999999747378752e-05,0.0,4.0,1.0,39.0,7.0,0.0,0.0,0.0,0.0,2.0,1.0,0.0,0.0,0.0,60.0,9.999999747378752e-05,0.0,4.0,0.0,14.0,43.0,0.0,0.0,0.0,0.0,2.0,1.0,0.0,0.0,0.0,40.0
-60.0,9.999999747378752e-05,0.0,4.0,1.0,180.0,0.0,0.0,0.0,12.0,0.0,2.0,1.0,0.0,0.0,0.0,60.0,9.999999747378752e-05,0.0,4.0,0.0,14.0,56.0,0.0,0.0,0.0,0.0,2.0,1.0,0.0,0.0,0.0,30.0
-60.0,9.999999747378752e-05,0.0,4.0,1.0,235.0,13.0,0.0,0.0,13.0,0.0,2.0,1.0,0.0,0.0,0.0,60.0,9.999999747378752e-05,0.0,4.0,0.0,14.0,9.0,0.0,0.0,0.0,0.0,2.0,1.0,0.0,0.0,0.0,48.0
-60.0,9.999999747378752e-05,0.0,4.0,1.0,235.0,26.0,0.0,0.0,13.0,0.0,2.0,1.0,0.0,0.0,0.0,60.0,9.999999747378752e-05,0.0,4.0,0.0,14.0,22.0,0.0,0.0,0.0,0.0,2.0,1.0,0.0,0.0,0.0,48.0
-60.0,9.999999747378752e-05,0.0,4.0,1.0,39.0,7.0,0.0,0.0,0.0,0.0,2.0,1.0,0.0,0.0,0.0,60.0,9.999999747378752e-05,0.0,4.0,0.0,14.0,35.0,0.0,0.0,0.0,0.0,2.0,1.0,0.0,0.0,0.0,40.0
-60.0,9.999999747378752e-05,0.0,4.0,1.0,180.0,0.0,0.0,0.0,12.0,0.0,2.0,1.0,0.0,0.0,0.0,60.0,9.999999747378752e-05,0.0,4.0,0.0,14.0,48.0,0.0,0.0,0.0,0.0,2.0,1.0,0.0,0.0,0.0,30.0
-60.0,9.999999747378752e-05,0.0,4.0,1.0,235.0,13.0,0.0,0.0,13.0,0.0,2.0,1.0,0.0,0.0,0.0,60.0,9.999999747378752e-05,0.0,4.0,0.0,14.0,1.0,0.0,0.0,0.0,0.0,2.0,1.0,0.0,0.0,0.0,48.0
-60.0,9.999999747378752e-05,0.0,4.0,1.0,235.0,26.0,0.0,0.0,13.0,0.0,2.0,1.0,0.0,0.0,0.0,60.0,9.999999747378752e-05,0.0,4.0,0.0,14.0,14.0,0.0,0.0,0.0,0.0,2.0,1.0,0.0,0.0,0.0,48.0
-60.0,9.999999747378752e-05,0.0,4.0,1.0,39.0,7.0,0.0,0.0,0.0,0.0,2.0,1.0,0.0,0.0,0.0,60.0,9.999999747378752e-05,0.0,4.0,0.0,14.0,27.0,0.0,0.0,0.0,0.0,2.0,1.0,0.0,0.0,0.0,40.0
-60.0,9.999999747378752e-05,0.0,4.0,1.0,180.0,0.0,0.0,0.0,12.0,0.0,2.0,1.0,0.0,0.0,0.0,60.0,9.999999747378752e-05,0.0,4.0,0.0,14.0,40.0,0.0,0.0,0.0,0.0,2.0,1.0,0.0,0.0,0.0,30.0
-60.0,9.999999747378752e-05,0.0,4.0,1.0,235.0,13.0,0.0,0.0,13.0,0.0,2.0,1.0,0.0,0.0,0.0,60.0,9.999999747378752e-05,0.0,4.0,0.0,14.0,53.0,0.0,0.0,0.0,0.0,2.0,1.0,0.0,0.0,0.0,48.0
-60.0,9.999999747378752e-05,0.0,4.0,1.0,235.0,26.0,0.0,0.0,13.0,0.0,2.0,1.0,0.0,0.0,0.0,60.0,9.999999747378752e-05,0.0,4.0,0.0,14.0,66.0,0.0,0.0,0.0,0.0,2.0,1.0,0.0,0.0,0.0,48.0
-60.0,9.999999747378752e-05,0.0,4.0,1.0,39.0,7.0,0.0,0.0,0.0,0.0,2.0,1.0,0.0,0.0,0.0,60.0,9.999999747378752e-05,0.0,4.0,0.0,14.0,4.0,0.0,0.0,0.0,0.0,2.0,1.0,0.0,0.0,0.0,40.0
-60.0,9.999999747378752e-05,0.0,4.0,1.0,180.0,0.0,0.0,0.0,12.0,0.0,2.0,1.0,0.0,0.0,0.0,60.0,9.999999747378752e-05,0.0,4.0,0.0,14.0,17.0,0.0,0.0,0.0,0.0,2.0,1.0,0.0,0.0,0.0,30.0
-60.0,9.999999747378752e-05,0.0,4.0,1.0,235.0,13.0,0.0,0.0,13.0,0.0,2.0,1.0,0.0,0.0,0.0,60.0,9.999999747378752e-05,0.0,4.0,0.0,14.0,30.0,0.0,0.0,0.0,0.0,2.0,1.0,0.0,0.0,0.0,48.0
-60.0,9.999999747378752e-05,0.0,4.0,1.0,235.0,26.0,0.0,0.0,13.0,0.0,2.0,1.0,0.0,0.0,0.0,60.0,9.999999747378752e-05,0.0,4.0,0.0,14.0,43.0,0.0,0.0,0.0,0.0,2.0,1.0,0.0,0.0,0.0,48.0
-60.0,9.999999747378752e-05,0.0,4.0,1.0,39.0,7.0,0.0,0.0,0.0,0.0,2.0,1.0,0.0,0.0,0.0,60.0,9.999999747378752e-05,0.0,4.0,0.0,14.0,56.0,0.0,0.0,0.0,0.0,2.0,1.0,0.0,0.0,0.0,40.0
-60.0,9.999999747378752e-05,0.0,4.0,1.0,180.0,0.0,0.0,0.0,12.0,0.0,2.0,1.0,0.0,0.0,0.0,60.0,9.999999747378752e-05,0.0,4.0,0.0,14.0,69.0,0.0,0.0,0.0,0.0,2.0,1.0,0.0,0.0,0.0,30.0
-60.0,9.999999747378752e-05,0.0,4.0,1.0,235.0,13.0,0.0,0.0,13.0,0.0,2.0,1.0,0.0,0.0,0.0,60.0,9.999999747378752e-05,0.0,4.0,0.0,14.0,12.0,0.0,0.0,0.0,0.0,2.0,1.0,0.0,0.0,0.0,48.0
-60.0,9.999999747378752e-05,0.0,4.0,1.0,235.0,26.0,0.0,0.0,13.0,0.0,2.0,1.0,0.0,0.0,0.0,60.0,9.999999747378752e-05,0.0,4.0,0.0,14.0,25.0,0.0,0.0,0.0,0.0,2.0,1.0,0.0,0.0,0.0,48.0
-60.0,9.999999747378752e-05,0.0,4.0,1.0,39.0,7.0,0.0,0.0,0.0,0.0,2.0,1.0,0.0,0.0,0.0,60.0,9.999999747378752e-05,0.0,4.0,0.0,14.0,38.0,0.0,0.0,0.0,0.0,2.0,1.0,0.0,0.0,0.0,40.0
-60.0,9.999999747378752e-05,0.0,4.0,1.0,180.0,0.0,0.0,0.0,12.0,0.0,2.0,1.0,0.0,0.0,0.0,60.0,9.999999747378752e-05,0.0,4.0,0.0,14.0,51.0,0.0,0.0,0.0,0.0,2.0,1.0,0.0,0.0,0.0,30.0
-60.0,9.999999747378752e-05,0.0,4.0,1.0,235.0,13.0,0.0,0.0,13.0,0.0,2.0,1.0,0.0,0.0,0.0,60.0,9.999999747378752e-05,0.0,4.0,0.0,14.0,4.0,0.0,0.0,0.0,0.0,2.0,1.0,0.0,0.0,0.0,48.0
-60.0,9.999999747378752e-05,0.0,4.0,1.0,235.0,26.0,0.0,0.0,13.0,0.0,2.0,1.0,0.0,0.0,0.0,60.0,9.999999747378752e-05,0.0,4.0,0.0,14.0,17.0,0.0,0.0,0.0,0.0,2.0,1.0,0.0,0.0,0.0,48.0
-60.0,9.999999747378752e-05,0.0,4.0,1.0,39.0,7.0,0.0,0.0,0.0,0.0,2.0,1.0,0.0,0.0,0.0,60.0,9.999999747378752e-05,0.0,4.0,0.0,14.0,30.0,0.0,0.0,0.0,0.0,2.0,1.0,0.0,0.0,0.0,40.0
-60.0,9.999999747378752e-05,0.0,4.0,1.0,180.0,0.0,0.0,0.0,12.0,0.0,2.0,1.0,0.0,0.0,0.0,60.0,9.999999747378752e-05,0.0,4.0,0.0,14.0,43.0,0.0,0.0,0.0,0.0,2.0,1.0,0.0,0.0,0.0,30.0
-60.0,9.999999747378752e-05,0.0,4.0,1.0,235.0,13.0,0.0,0.0,13.0,0.0,2.0,1.0,0.0,0.0,0.0,60.0,9.999999747378752e-05,0.0,4.0,0.0,14.0,56.0,0.0,0.0,0.0,0.0,2.0,1.0,0.0,0.0,0.0,48.0
-60.0,9.999999747378752e-05,0.0,4.0,1.0,235.0,26.0,0.0,0.0,13.0,0.0,2.0,1.0,0.0,0.0,0.0,60.0,9.999999747378752e-05,0.0,4.0,0.0,14.0,69.0,0.0,0.0,0.0,0.0,2.0,1.0,0.0,0.0,0.0,48.0
-60.0,9.999999747378752e-05,0.0,4.0,1.0,39.0,7.0,0.0,0.0,0.0,0.0,2.0,1.0,0.0,0.0,0.0,60.0,9.999999747378752e-05,0.0,4.0,0.0,14.0,12.0,0.0,0.0,0.0,0.0,2.0,1.0,0.0,0.0,0.0,40.0
-60.0,9.999999747378752e-05,0.0,4.0,1.0,180.0,0.0,0.0,0.0,12.0,0.0,2.0,1.0,0.0,0.0,0.0,60.0,9.999999747378752e-05,0.0,4.0,0.0,14.0,25.0,0.0,0.0,0.0,0.0,2.0,1.0,0.0,0.0,0.0,48.0
-60.0,9.999999747378752e-05,0.0,4.0,1.0,235.0,13.0,0.0,0.0,13.0,0.0,2.0,1.0,0.0,0.0,0.0,60.0,9.999999747378752e-05,0.0,4.0,0.0,14.0,38.0,0.0,0.0,0.0,0.0,2.0,1.0,0.0,0.0,0.0,48.0
-60.0,9.999999747378752e-05,0.0,4.0,1.0,235.0,26.0,0.0,0.0,13.0,0.0,2.0,1.0,0.0,0.0,0.0,60.0,9.999999747378752e-05,0.0,4.0,0.0,14.0,51.0,0.0,0.0,0.0,0.0,2.0,1.0,0.0,0.0,0.0,48.0
-60.0,9.999999747378752e-05,0.0,4.0,1.0,39.0,7.0,0.0,0.0,0.0,0.0,2.0,1.0,0.0,0.0,0.0,60.0,9.999999747378752e-05,0.0,4.0,0.0,14.0,64.0,0.0,0.0,0.0,0.0,2.0,1.0,0.0,0.0,0.0,40.0
-60.0,9.999999747378752e-05,0.0,4.0,1.0,180.0,0.0,0.0,0.0,12.0,0.0,2.0,1.0,0.0,0.0,0.0,60.0,9.999999747378752e-05,0.0,4.0,0.0,14.0,2.0,0.0,0.0,0.0,0.0,2.0,1.0,0.0,0.0,0.0,30.0
-60.0,9.999999747378752e-05,0.0,4.0,1.0,235.0,13.0,0.0,0.0,13.0,0.0,2.0,1.0,0.0,0.0,0.0,60.0,9.999999747378752e-05,0.0,4.0,0.0,14.0,15.0,0.0,0.0,0.0,0.0,2.0,1.0,0.0,0.0,0.0,48.0
-60.0,9.999999747378752e-05,0.0,4.0,1.0,235.0,26.0,0.0,0.0,13.0,0.0,2.0,1.0,0.0,0.0,0.0,60.0,9.999999747378752e-05,0.0,4.0,0.0,14.0,28.0,0.0,0.0,0.0,0.0,2.0,1.0,0.0,0.0,0.0,48.0
-60.0,9.999999747378752e-05,0.0,4.0,1.0,39.0,7.0,0.0,0.0,0.0,0.0,2.0,1.0,0.0,0.0,0.0,60.0,9.999999747378752e-05,0.0,4.0,0.0,14.0,41.0,0.0,0.0,0.0,0.0,2.0,1.0,0.0,0.0,0.0,40.0
-60.0,9.999999747378752e-05,0.0,4.0,1.0,180.0,0.0,0.0,0.0,12.0,0.0,2.0,1.0,0.0,0.0,0.0,60.0,9.999999747378752e-05,0.0,4.0,0.0,14.0,54.0,0.0,0.0,0.0,0.0,2.0,1.0,0.0,0.0,0.0,30.0
-60.0,9.999999747378752e-05,0.0,4.0,1.0,235.0,13.0,0.0,0.0,13.0,0.0,2.0,1.0,0.0,0.0,0.0,60.0,9.999999747378752e-05,0.0,4.0,0.0,14.0,7.0,0.0,0.0,0.0,0.0,2.0,1.0,0.0,0.0,0.0,48.0
-60.0,9.999999747378752e-05,0.0,4.0,1.0,235.0,26.0,0.0,0.0,13.0,0.0,2.0,1.0,0.0,0.0,0.0,60.0,9.999999747378752e-05,0.0,4.0,0.0,14.0,20.0,0.0,0.0,0.0,0.0,2.0,1.0,0.0,0.0,0.0,48.0
-60.0,9.999999747378752e-05,0.0,4.0,1.0,39.0,7.0,0.0,0.0,0.0,0.0,2.0,1.0,0.0,0.0,0.0,60.0,9.999999747378752e-05,0.0,4.0,0.0,14.0,33.0,0.0,0.0,0.0,0.0,2.0,1.0,0.0,0.0,0.0,40.0
-60.0,9.999999747378752e-05,0.0,4.0,1.0,180.0,0.0,0.0,0.0,12.0,0.0,2.0,1.0,0.0,0.0,0.0,60.0,9.999999747378752e-05,0.0,4.0,0.0,14.0,46.0,0.0,0.0,0.0,0.0,2.0,1.0,0.0,0.0,0.0,30.0
-60.0,9.999999747378752e-05,0.0,4.0,1.0,235.0,13.0,0.0,0.0,13.0,0.0,2.0,1.0,0.0,0.0,0.0,60.0,9.999999747378752e-05,0.0,4.0,0.0,14.0,59.0,0.0,0.0,0.0,0.0,2.0,1.0,0.0,0.0,0.0,48.0
-60.0,9.999999747378752e-05,0.0,4.0,1.0,235.0,26.0,0.0,0.0,13.0,0.0,2.0,1.0,0.0,0.0,0.0,60.0,9.999999747378752e-05,0.0,4.0,0.0,14.0,12.0,0.0,0.0,0.0,0.0,2.0,1.0,0.0,0.0,0.0,48.0
-60.0,9.999999747378752e-05,0.0,4.0,1.0,39.0,7.0,0.0,0.0,0.0,0.0,2.0,1.0,0.0,0.0,0.0,60.0,9.999999747378752e-05,0.0,4.0,0.0,14.0,25.0,0.0,0.0,0.0,0.0,2.0,1.0,0.0,0.0,0.0,40.0
-60.0,9.999999747378752e-05,0.0,4.0,1.0,180.0,0.0,0.0,0.0,12.0,0.0,2.0,1.0,0.0,0.0,0.0,60.0,9.999999747378752e-05,0.0,4.0,0.0,14.0,38.0,0.0,0.0,0.0,0.0,2.0,1.0,0.0,0.0,0.0,30.0
-60.0,9.999999747378752e-05,0.0,4.0,1.0,235.0,13.0,0.0,0.0,13.0,0.0,2.0,1.0,0.0,0.0,0.0,60.0,9.999999747378752e-05,0.0,4.0,0.0,14.0,51.0,0.0,0.0,0.0,0.0,2.0,1.0,0.0,0.0,0.0,48.0
-60.0,9.999999747378752e-05,0.0,4.0,1.0,235.0,26.0,0.0,0.0,13.0,0.0,2.0,1.0,0.0,0.0,0.0,60.0,9.999999747378752e-05,0.0,4.0,0.0,14.0,4.0,0.0,0.0,0.0,0.0,2.0,1.0,0.0,0.0,0.0,48.0
-60.0,9.999999747378752e-05,0.0,4.0,1.0,39.0,7.0,0.0,0.0,0.0,0.0,2.0,1.0,0.0,0.0,0.0,60.0,9.999999747378752e-05,0.0,4.0,0.0,14.0,17.0,0.0,0.0,0.0,0.0,2.0,1.0,0.0,0.0,0.0,40.0
-60.0,9.999999747378752e-05,0.0,4.0,1.0,180.0,0.0,0.0,0.0,12.0,0.0,2.0,1.0,0.0,0.0,0.0,60.0,9.999999747378752e-05,0.0,4.0,0.0,14.0,30.0,0.0,0.0,0.0,0.0,2.0,1.0,0.0,0.0,0.0,30.0
-60.0,9.999999747378752e-05,0.0,4.0,1.0,235.0,13.0,0.0,0.0,13.0,0.0,2.0,1.0,0.0,0.0,0.0,60.0,9.999999747378752e-05,0.0,4.0,0.0,14.0,43.0,0.0,0.0,0.0,0.0,2.0,1.0,0.0,0.0,0.0,48.0
-60.0,9.999999747378752e-05,0.0,4.0,1.0,235.0,26.0,0.0,0.0,13.0,0.0,2.0,1.0,0.0,0.0,0.0,60.0,9.999999747378752e-05,0.0,4.0,0.0,14.0,56.0,0.0,0.0,0.0,0.0,2.0,1.0,0.0,0.0,0.0,48.0
-60.0,9.999999747378752e-05,0.0,4.0,1.0,39.0,7.0,0.0,0.0,0.0,0.0,2.0,1.0,0.0,0.0,0.0,60.0,9.999999747378752e-05,0.0,4.0,0.0,14.0,9.0,0.0,0.0,0.0,0.0,2.0,1.0,0.0,0.0,0.0,40.0
-60.0,9.999999747378752e-05,0.0,4.0,1.0,180.0,0.0,0.0,0.0,12.0,0.0,2.0,1.0,0.0,0.0,0.0,60.0,9.999999747378752e-05,0.0,4.0,0.0,14.0,22.0,0.0,0.0,0.0,0.0,2.0,1.0,0.0,0.0,0.0,30.0
-60.0,9.999999747378752e-05,0.0,4.0,1.0,235.0,13.0,0.0,0.0,13.0,0.0,2.0,1.0,0.0,0.0,0.0,60.0,9.999999747378752e-05,0.0,4.0,0.0,14.0,35.0,0.0,0.0,0.0,0.0,2.0,1.0,0.0,0.0,0.0,48.0
-60.0,9.999999747378752e-05,0.0,4.0,1.0,235.0,26.0,0.0,0.0,13.0,0.0,2.0,1.0,0.0,0.0,0.0,60.0,9.999999747378752e-05,0.0,4.0,0.0,14.0,48.0,0.0,0.0,0.0,0.0,2.0,1.0,0.0,0.0,0.0,48.0
-60.0,9.999999747378752e-05,0.0,4.0,1.0,39.0,7.0,0.0,0.0,0.0,0.0,2.0,1.0,0.0,0.0,0.0,60.0,9.999999747378752e-05,0.0,4.0,0.0,14.0,1.0,0.0,0.0,0.0,0.0,2.0,1.0,0.0,0.0,0.0,40.0
-60.0,9.999999747378752e-05,0.0,4.0,1.0,180.0,0.0,0.0,0.0,12.0,0.0,2.0,1.0,0.0,0.0,0.0,60.0,9.999999747378752e-05,0.0,4.0,0.0,14.0,14.0,0.0,0.0,0.0,0.0,2.0,1.0,0.0,0.0,0.0,30.0
-60.0,9.999999747378752e-05,0.0,4.0,1.0,235.0,13.0,0.0,0.0,13.0,0.0,2.0,1.0,0.0,0.0,0.0,60.0,9.999999747378752e-05,0.0,4.0,0.0,14.0,27.0,0.0,0.0,0.0,0.0,2.0,1.0,0.0,0.0,0.0,48.0
-60.0,9.999999747378752e-05,0.0,4.0,1.0,235.0,26.0,0.0,0.0,13.0,0.0,2.0,1.0,0.0,0.0,0.0,60.0,9.999999747378752e-05,0.0,4.0,0.0,14.0,40.0,0.0,0.0,0.0,0.0,2.0,1.0,0.0,0.0,0.0,48.0
-60.0,9.999999747378752e-05,0.0,4.0,1.0,39.0,7.0,0.0,0.0,0.0,0.0,2.0,1.0,0.0,0.0,0.0,60.0,9.999999747378752e-05,0.0,4.0,0.0,14.0,53.0,0.0,0.0,0.0,0.0,2.0,1.0,0.0,0.0,0.0,40.0
-60.0,9.999999747378752e-05,0.0,4.0,1.0,180.0,0.0,0.0,0.0,12.0,0.0,2.0,1.0,0.0,0.0,0.0,60.0,9.999999747378752e-05,0.0,4.0,0.0,14.0,66.0,0.0,0.0,0.0,0.0,2.0,1.0,0.0,0.0,0.0,30.0
-60.0,9.999999747378752e-05,0.0,4.0,1.0,235.0,13.0,0.0,0.0,13.0,0.0,2.0,1.0,0.0,0.0,0.0,60.0,9.999999747378752e-05,0.0,4.0,0.0,14.0,4.0,0.0,0.0,0.0,0.0,2.0,1.0,0.0,0.0,0.0,48.0
-60.0,9.999999747378752e-05,0.0,4.0,1.0,235.0,26.0,0.0,0.0,13.0,0.0,2.0,1.0,0.0,0.0,0.0,60.0,9.999999747378752e-05,0.0,4.0,0.0,14.0,17.0,0.0,0.0,0.0,0.0,2.0,1.0,0.0,0.0,0.0,48.0
-60.0,9.999999747378752e-05,0.0,4.0,1.0,39.0,7.0,0.0,0.0,0.0,0.0,2.0,1.0,0.0,0.0,0.0,60.0,9.999999747378752e-05,0.0,4.0,0.0,14.0,30.0,0.0,0.0,0.0,0.0,2.0,1.0,0.0,0.0,0.0,40.0
-60.0,9.999999747378752e-05,0.0,4.0,1.0,180.0,0.0,0.0,0.0,12.0,0.0,2.0,1.0,0.0,0.0,0.0,60.0,9.999999747378752e-05,0.0,4.0,0.0,14.0,43.0,0.0,0.0,0.0,0.0,2.0,1.0,0.0,0.0,0.0,30.0
-60.0,9.999999747378752e-05,0.0,4.0,1.0,235.0,13.0,0.0,0.0,13.0,0.0,2.0,1.0,0.0,0.0,0.0,60.0,9.999999747378752e-05,0.0,4.0,0.0,14.0,56.0,0.0,0.0,0.0,0.0,2.0,1.0,0.0,0.0,0.0,48.0
-60.0,9.999999747378752e-05,0.0,4.0,1.0,235.0,26.0,0.0,0.0,13.0,0.0,2.0,1.0,0.0,0.0,0.0,60.0,9.999999747378752e-05,0.0,4.0,0.0,14.0,9.0,0.0,0.0,0.0,0.0,2.0,1.0,0.0,0.0,0.0,48.0
-60.0,9.999999747378752e-05,0.0,4.0,1.0,39.0,7.0,0.0,0.0,0.0,0.0,2.0,1.0,0.0,0.0,0.0,60.0,9.999999747378752e-05,0.0,4.0,0.0,14.0,22.0,0.0,0.0,0.0,0.0,2.0,1.0,0.0,0.0,0.0,40.0
-60.0,9.999999747378752e-05,0.0,4.0,1.0,180.0,0.0,0.0,0.0,12.0,0.0,2.0,1.0,0.0,0.0,0.0,60.0,9.999999747378752e-05,0.0,4.0,0.0,14.0,35.0,0.0,0.0,0.0,0.0,2.0,1.0,0.0,0.0,0.0,30.0
