-98.2345199584961,-142.52993774414062,0.0,0.0,0.0,0.0,-1.0,0.0,0.0,0.0,0.0,1.0,0.0,0.0,0.0,1.0,-80.34257507324219,9.999999747378752e-05,63.0,4.0,1.0,40.0,116.0,0.0,0.0,0.0,0.0,2.0,1.0,0.0,0.0,0.0,0.0
-98.2345199584961,-142.52993774414062,0.0,0.0,0.0,0.0,-1.0,0.0,0.0,0.0,0.0,1.0,0.0,0.0,0.0,1.0,-80.34257507324219,9.999999747378752e-05,63.0,4.0,1.0,40.0,120.0,0.0,0.0,0.0,0.0,2.0,1.0,0.0,0.0,0.0,0.0
-98.2345199584961,-142.52993774414062,0.0,0.0,0.0,0.0,-1.0,0.0,0.0,0.0,0.0,1.0,0.0,0.0,0.0,1.0,-80.34257507324219,9.999999747378752e-05,63.0,4.0,1.0,40.0,124.0,0.0,0.0,0.0,0.0,2.0,1.0,0.0,0.0,0.0,0.0
-98.2345199584961,-142.52993774414062,0.0,0.0,0.0,0.0,-1.0,0.0,0.0,0.0,0.0,1.0,0.0,0.0,0.0,1.0,-80.34257507324219,9.999999747378752e-05,63.0,4.0,1.0,40.0,128.0,0.0,0.0,0.0,0.0,2.0,1.0,0.0,0.0,0.0,0.0
-98.2345199584961,-142.52993774414062,0.0,0.0,0.0,0.0,-1.0,0.0,0.0,0.0,0.0,1.0,0.0,0.0,0.0,1.0,-80.34257507324219,9.999999747378752e-05,63.0,4.0,1.0,40.0,132.0,0.0,0.0,0.0,0.0,2.0,1.0,0.0,0.0,0.0,0.0
-60.0,10.0,0.0,4.0,1.0,322.0,-1.0,0.0,0.0,0.0,0.0,1.0,0.0,0.0,0.0,0.0,60.0,10.0,0.0,4.0,0.0,322.0,-1.0,0.0,0.0,0.0,0.0,1.0,0.0,0.0,0.0,0.0,44.0
-60.0,10.658831596374512,0.0,4.0,1.0,323.0,12.0,0.0,0.0,0.0,0.0,1.0,0.0,0.0,0.0,0.0,60.0,10.384318351745605,0.0,4.0,0.0,323.0,7.0,0.0,0.0,0.0,0.0,1.0,0.0,0.0,0.0,0.0,44.0
-60.0,11.372566223144531,0.0,4.0,1.0,323.0,25.0,0.0,0.0,0.0,0.0,1.0,0.0,0.0,0.0,0.0,60.0,11.098052978515625,0.0,4.0,0.0,323.0,20.0,0.0,0.0,0.0,0.0,1.0,0.0,0.0,0.0,0.0,44.0
-60.0,11.207858085632324,0.0,4.0,1.0,324.0,-1.0,0.0,0.0,0.0,0.0,1.0,0.0,0.0,0.0,0.0,60.0,11.48237133026123,0.0,4.0,0.0,324.0,-1.0,0.0,0.0,0.0,0.0,1.0,0.0,0.0,0.0,0.0,44.0
-60.0,10.494123458862305,0.0,4.0,1.0,324.0,-1.0,0.0,0.0,0.0,0.0,1.0,0.0,0.0,0.0,0.0,60.0,10.768636703491211,0.0,4.0,0.0,324.0,-1.0,0.0,0.0,0.0,0.0,1.0,0.0,0.0,0.0,0.0,44.0
-60.0,8.104902267456055,0.0,4.0,1.0,29.0,5.0,0.0,0.0,0.0,0.0,1.0,0.0,0.0,-0.6499999761581421,0.0,60.0,10.054903030395508,0.0,4.0,0.0,324.0,-1.0,0.0,0.0,0.0,0.0,1.0,0.0,0.0,0.0,0.0,44.0
-60.0,9.999999747378752e-05,0.0,4.0,1.0,42.0,5.0,0.0,0.0,0.0,0.0,2.0,1.0,0.0,0.0,0.0,60.0,-1.775097131729126,0.0,4.0,0.0,29.0,5.0,0.0,0.0,0.0,0.0,1.0,0.0,0.0,-1.6899999380111694,0.0,44.0
-60.0,9.999999747378752e-05,0.0,4.0,1.0,180.0,0.0,0.0,0.0,10.0,0.0,2.0,1.0,0.0,0.0,0.0,60.0,9.999999747378752e-05,0.0,4.0,0.0,42.0,13.0,0.0,0.0,0.0,0.0,2.0,1.0,0.0,0.0,0.0,20.0
-66.83300018310547,23.220094680786133,0.0,4.0,1.0,26.0,9.0,0.0,0.0,0.0,0.0,1.0,0.0,-0.7739999890327454,2.0599989891052246,0.0,60.0,9.999999747378752e-05,0.0,4.0,0.0,42.0,26.0,0.0,0.0,0.0,0.0,2.0,1.0,0.0,0.0,0.0,44.0
-72.56500244140625,38.170082092285156,0.0,4.0,1.0,66.0,13.0,0.0,0.0,0.0,0.0,1.0,0.0,-0.18800003826618195,0.3699990510940552,0.0,60.0,9.999999747378752e-05,0.0,4.0,0.0,14.0,9.0,0.0,0.0,0.0,0.0,2.0,1.0,0.0,0.0,0.0,44.0
-70.69900512695312,31.150068283081055,0.0,4.0,1.0,66.0,26.0,0.0,0.0,0.0,0.0,1.0,0.0,0.3779999911785126,-1.3200008869171143,0.0,60.0,9.999999747378752e-05,0.0,4.0,0.0,14.0,22.0,0.0,0.0,0.0,0.0,2.0,1.0,0.0,0.0,0.0,44.0
-62.03701400756836,2.27005672454834,0.0,4.0,1.0,66.0,39.0,0.0,0.0,0.0,0.0,1.0,0.0,0.7739999890327454,-2.9000000953674316,0.0,57.46562194824219,9.999999747378752e-05,0.0,4.0,0.0,20.0,2.0,0.0,0.0,0.0,0.0,2.0,1.0,-4.316249847412109,0.0,0.0,44.0
-56.2290153503418,9.999999747378752e-05,0.0,4.0,1.0,178.0,-1.0,0.0,0.0,6.0,0.0,2.0,1.0,0.0,0.0,0.0,27.939395904541016,9.999999747378752e-05,0.0,4.0,0.0,20.0,15.0,0.0,0.0,0.0,0.0,2.0,1.0,-4.542499780654907,0.0,0.0,20.0
-76.01929473876953,9.999999747378752e-05,0.0,4.0,1.0,234.0,13.0,0.0,0.0,0.0,0.0,2.0,1.0,-2.9471930265426636,0.0,0.0,-1.5868511199951172,9.999999747378752e-05,0.0,4.0,0.0,21.0,12.0,0.0,0.0,0.0,0.0,2.0,1.0,-4.542499780654907,0.0,0.0,44.0
-85.5656967163086,0.0,0.0,4.0,1.0,234.0,26.0,0.0,0.0,0.0,0.0,2.0,1.0,-1.0869598388671875,0.0,0.0,-28.23310089111328,9.999999747378752e-05,0.0,4.0,0.0,23.0,7.0,0.0,0.0,0.0,0.0,2.0,1.0,-3.2624999284744263,0.0,0.0,44.0
-85.590576171875,9.999999747378752e-05,0.0,4.0,1.0,178.0,-1.0,0.0,0.0,7.0,0.0,2.0,1.0,0.0,0.0,0.0,-42.15935134887695,9.999999747378752e-05,0.0,4.0,0.0,23.0,20.0,0.0,0.0,0.0,0.0,2.0,1.0,-1.1824995875358582,0.0,0.0,20.0
-91.63957214355469,21.16009521484375,0.0,4.0,1.0,26.0,8.0,0.0,0.0,0.0,0.0,1.0,0.0,-0.7739999890327454,2.1899991035461426,1.0,-44.058101654052734,9.999999747378752e-05,0.0,4.0,0.0,14.0,5.0,0.0,0.0,0.0,0.0,2.0,1.0,0.0,0.0,0.0,21.0
-100.79157257080078,37.80008316040039,0.0,4.0,1.0,69.0,13.0,0.0,0.0,0.0,0.0,1.0,0.0,-0.6440001130104065,0.4999990463256836,1.0,-45.548248291015625,9.999999747378752e-05,0.0,4.0,0.0,15.0,6.0,0.0,0.0,0.0,0.0,2.0,1.0,-0.7227091491222382,0.0,0.0,21.0
-108.25357818603516,32.470069885253906,0.0,4.0,1.0,69.0,26.0,0.0,0.0,0.0,0.0,1.0,0.0,-0.5140002369880676,-1.1900008916854858,1.0,-52.953857421875,9.999999747378752e-05,0.0,4.0,0.0,16.0,22.0,0.0,0.0,0.0,0.0,2.0,1.0,-1.3252500891685486,0.0,0.0,21.0
-114.02558135986328,-13.029930114746094,0.0,4.0,1.0,69.0,39.0,0.0,0.0,0.0,0.0,1.0,0.0,-0.38400036096572876,-3.5,1.0,-61.796165466308594,9.999999747378752e-05,0.0,4.0,0.0,17.0,3.0,0.0,0.0,0.0,0.0,2.0,1.0,-1.2537500262260437,0.0,0.0,21.0
-118.10758972167969,-58.529930114746094,0.0,4.0,1.0,69.0,13.0,0.0,0.0,0.0,0.0,1.0,0.0,-0.2540004849433899,-3.5,1.0,-63.94428634643555,9.999999747378752e-05,0.0,4.0,0.0,14.0,12.0,0.0,0.0,0.0,0.0,2.0,1.0,0.0,0.0,0.0,21.0
-120.49959564208984,-104.0299301147461,0.0,4.0,1.0,69.0,26.0,0.0,0.0,0.0,0.0,1.0,0.0,-0.1240004226565361,-3.5,1.0,-63.94428634643555,9.999999747378752e-05,0.0,4.0,0.0,14.0,25.0,0.0,0.0,0.0,0.0,2.0,1.0,0.0,0.0,0.0,21.0
-121.20360565185547,-142.52993774414062,0.0,3.0,1.0,0.0,-1.0,0.0,0.0,0.0,0.0,1.0,0.0,0.0,0.0,1.0,-63.94428634643555,9.999999747378752e-05,0.0,4.0,0.0,14.0,38.0,0.0,0.0,0.0,0.0,2.0,1.0,0.0,0.0,0.0,44.0
-121.20360565185547,-142.52993774414062,0.0,3.0,1.0,0.0,-1.0,0.0,0.0,0.0,0.0,1.0,0.0,0.0,0.0,1.0,-63.94428634643555,9.999999747378752e-05,0.0,4.0,0.0,14.0,51.0,0.0,0.0,0.0,0.0,2.0,1.0,0.0,0.0,0.0,44.0
-121.20360565185547,-142.52993774414062,0.0,3.0,1.0,0.0,-1.0,0.0,0.0,0.0,0.0,1.0,0.0,0.0,0.0,1.0,-63.94428634643555,9.999999747378752e-05,0.0,4.0,0.0,14.0,4.0,0.0,0.0,0.0,0.0,2.0,1.0,0.0,0.0,0.0,44.0
-121.20360565185547,-142.52993774414062,0.0,3.0,1.0,0.0,-1.0,0.0,0.0,0.0,0.0,1.0,0.0,0.0,0.0,1.0,-63.94428634643555,9.999999747378752e-05,0.0,4.0,0.0,14.0,17.0,0.0,0.0,0.0,0.0,2.0,1.0,0.0,0.0,0.0,44.0
-121.20360565185547,-142.52993774414062,0.0,3.0,1.0,0.0,-1.0,0.0,0.0,0.0,0.0,1.0,0.0,0.0,0.0,1.0,-63.94428634643555,9.999999747378752e-05,0.0,4.0,1.0,18.0,10.0,0.0,0.0,0.0,0.0,2.0,1.0,0.0,0.0,0.0,44.0
16.0,104.79999542236328,0.0,3.0,0.0,12.0,8.0,0.0,0.0,0.0,0.0,1.0,0.0,0.0,-1.149999976158142,0.0,-63.687408447265625,9.999999747378752e-05,0.0,4.0,1.0,14.0,11.0,0.0,0.0,0.0,0.0,2.0,1.0,0.0,0.0,0.0,21.0
16.0,89.84998321533203,0.0,3.0,0.0,12.0,21.0,0.0,0.0,0.0,0.0,1.0,0.0,0.0,-1.1499996185302734,0.0,-39.9774169921875,3.100100040435791,0.0,4.0,1.0,25.0,1.0,0.0,0.0,0.0,0.0,1.0,0.0,2.0999999046325684,3.0999999046325684,0.0,0.0
16.0,85.2499771118164,0.0,3.0,0.0,12.0,25.0,0.0,0.0,0.0,0.0,1.0,0.0,0.0,-1.1499993801116943,0.0,-30.326519012451172,6.070099830627441,0.0,4.0,1.0,236.0,3.0,0.0,0.0,0.0,0.0,1.0,0.0,2.259899616241455,0.0,0.0,0.0
16.0,80.64997100830078,0.0,3.0,0.0,12.0,29.0,0.0,0.0,0.0,0.0,1.0,0.0,0.0,-1.1499991416931152,0.0,-23.331905364990234,6.070099830627441,0.0,4.0,1.0,236.0,7.0,0.0,0.0,0.0,0.0,1.0,0.0,1.482719898223877,0.0,0.0,0.0
16.0,76.04996490478516,0.0,3.0,0.0,12.0,33.0,0.0,0.0,0.0,0.0,1.0,0.0,0.0,-1.1499989032745361,0.0,-18.742740631103516,6.070099830627441,0.0,4.0,1.0,236.0,11.0,0.0,0.0,0.0,0.0,1.0,0.0,0.9728124141693115,0.0,0.0,0.0
16.0,71.44995880126953,0.0,3.0,0.0,12.0,37.0,0.0,0.0,0.0,0.0,1.0,0.0,0.0,-1.149998426437378,0.0,-15.731790542602539,6.070099830627441,0.0,4.0,1.0,236.0,15.0,0.0,0.0,0.0,0.0,1.0,0.0,0.638262152671814,0.0,0.0,0.0
16.0,66.84996032714844,0.0,3.0,0.0,12.0,41.0,0.0,0.0,0.0,0.0,1.0,0.0,0.0,-1.1499977111816406,0.0,-13.756304740905762,6.070099830627441,0.0,4.0,1.0,236.0,19.0,0.0,0.0,0.0,0.0,1.0,0.0,0.41876375675201416,0.0,0.0,0.0
16.0,62.249961853027344,0.0,3.0,0.0,12.0,45.0,0.0,0.0,0.0,0.0,1.0,0.0,0.0,-1.1499974727630615,0.0,-12.460188865661621,6.070099830627441,0.0,4.0,1.0,236.0,23.0,0.0,0.0,0.0,0.0,1.0,0.0,0.27475085854530334,0.0,0.0,0.0
16.0,57.64997100830078,0.0,3.0,0.0,12.0,49.0,0.0,0.0,0.0,0.0,1.0,0.0,0.0,-1.1499974727630615,0.0,-11.609807014465332,6.070099830627441,0.0,4.0,1.0,236.0,27.0,0.0,0.0,0.0,0.0,1.0,0.0,0.18026402592658997,0.0,0.0,0.0
16.0,53.04998016357422,0.0,3.0,0.0,12.0,53.0,0.0,0.0,0.0,0.0,1.0,0.0,0.0,-1.1499972343444824,0.0,-11.039527893066406,2.4400997161865234,0.0,4.0,1.0,236.0,31.0,0.0,0.0,0.0,0.0,1.0,0.0,0.126013845205307,-3.5,0.0,0.0
16.0,48.449989318847656,0.0,3.0,0.0,12.0,57.0,0.0,0.0,0.0,0.0,1.0,0.0,0.0,-1.1499967575073242,0.0,-10.887500762939453,9.999999747378752e-05,0.0,4.0,1.0,43.0,10.0,0.0,0.0,0.0,0.0,2.0,1.0,0.0,0.0,0.0,0.0
16.0,45.0,0.0,3.0,0.0,13.0,1.0,0.0,0.0,0.0,0.0,1.0,0.0,0.0,0.0,0.0,-10.887500762939453,9.999999747378752e-05,0.0,4.0,1.0,43.0,22.0,0.0,0.0,0.0,0.0,2.0,1.0,0.0,0.0,0.0,21.0
16.0,2.8699989318847656,0.0,3.0,0.0,69.0,13.0,0.0,0.0,0.0,0.0,1.0,0.0,0.0,-3.5,0.0,-10.887500762939453,9.999999747378752e-05,0.0,4.0,1.0,14.0,11.0,0.0,0.0,0.0,0.0,2.0,1.0,0.0,0.0,0.0,21.0
16.0,9.999999747378752e-05,0.0,3.0,0.0,74.0,14.0,0.0,0.0,0.0,0.0,2.0,1.0,0.0,0.0,0.0,-10.887500762939453,9.999999747378752e-05,0.0,4.0,1.0,14.0,24.0,0.0,0.0,0.0,0.0,2.0,1.0,0.0,0.0,0.0,50.0
16.0,9.999999747378752e-05,0.0,3.0,0.0,14.0,1.0,0.0,0.0,0.0,0.0,2.0,1.0,0.0,0.0,0.0,-10.887500762939453,9.999999747378752e-05,0.0,4.0,1.0,14.0,37.0,0.0,0.0,0.0,0.0,2.0,1.0,0.0,0.0,0.0,50.0
16.0,21.16009521484375,0.0,3.0,0.0,25.0,8.0,0.0,0.0,0.0,0.0,1.0,0.0,0.0,2.1899991035461426,0.0,-10.887500762939453,9.999999747378752e-05,0.0,4.0,1.0,14.0,50.0,0.0,0.0,0.0,0.0,2.0,1.0,0.0,0.0,0.0,21.0
16.0,37.800079345703125,0.0,3.0,0.0,69.0,13.0,0.0,0.0,0.0,0.0,1.0,0.0,0.0,0.4999990463256836,0.0,-10.887500762939453,9.999999747378752e-05,0.0,4.0,1.0,14.0,3.0,0.0,0.0,0.0,0.0,2.0,1.0,0.0,0.0,0.0,21.0
16.0,32.47006607055664,0.0,3.0,0.0,69.0,26.0,0.0,0.0,0.0,0.0,1.0,0.0,0.0,-1.1900008916854858,0.0,-10.887500762939453,9.999999747378752e-05,0.0,4.0,1.0,14.0,16.0,0.0,0.0,0.0,0.0,2.0,1.0,0.0,0.0,0.0,21.0
16.0,9.999999747378752e-05,0.0,3.0,0.0,42.0,3.0,0.0,0.0,0.0,0.0,2.0,1.0,0.0,0.0,0.0,-10.887500762939453,9.999999747378752e-05,0.0,4.0,1.0,40.0,2.0,0.0,0.0,0.0,0.0,2.0,1.0,0.0,0.0,0.0,50.0
16.0,18.970096588134766,0.0,3.0,0.0,25.0,7.0,0.0,0.0,0.0,0.0,1.0,0.0,0.0,2.3199992179870605,0.0,-10.887500762939453,9.999999747378752e-05,0.0,4.0,1.0,14.0,3.0,0.0,0.0,0.0,0.0,2.0,1.0,0.0,0.0,0.0,21.0
16.0,37.30008316040039,0.0,3.0,0.0,69.0,13.0,0.0,0.0,0.0,0.0,1.0,0.0,0.0,0.629999041557312,0.0,-10.887500762939453,9.999999747378752e-05,0.0,4.0,1.0,14.0,16.0,0.0,0.0,0.0,0.0,2.0,1.0,0.0,0.0,0.0,21.0
16.0,33.660072326660156,0.0,3.0,0.0,69.0,26.0,0.0,0.0,0.0,0.0,1.0,0.0,0.0,-1.0600008964538574,0.0,-10.535850524902344,9.999999747378752e-05,0.0,4.0,1.0,15.0,2.0,0.0,0.0,0.0,0.0,2.0,1.0,0.41329942643642426,0.0,0.0,21.0
16.0,9.999999747378752e-05,0.0,3.0,0.0,42.0,2.0,0.0,0.0,0.0,0.0,2.0,1.0,0.0,0.0,0.0,-3.056698799133301,9.999999747378752e-05,0.0,4.0,1.0,17.0,12.0,0.0,0.0,1.0,0.0,2.0,1.0,1.4960406422615051,0.0,0.0,50.0
16.0,16.650096893310547,0.0,3.0,0.0,25.0,6.0,0.0,0.0,0.0,0.0,1.0,0.0,0.0,2.4499993324279785,0.0,6.805335998535156,9.999999747378752e-05,0.0,4.0,1.0,14.0,1.0,0.0,0.0,0.0,0.0,2.0,1.0,1.1393588185310364,0.0,0.0,21.0
16.0,36.67008590698242,0.0,3.0,0.0,69.0,13.0,0.0,0.0,0.0,0.0,1.0,0.0,0.0,0.7599990367889404,0.0,8.553092956542969,9.999999747378752e-05,0.0,4.0,1.0,14.0,14.0,0.0,0.0,0.0,0.0,2.0,1.0,0.0,0.0,0.0,21.0
16.0,34.72007369995117,0.0,3.0,0.0,69.0,26.0,0.0,0.0,0.0,0.0,1.0,0.0,0.0,-0.930000901222229,0.0,11.282739639282227,9.999999747378752e-05,0.0,4.0,1.0,16.0,8.0,0.0,0.0,0.0,0.0,2.0,1.0,0.8512163460254669,0.0,0.0,21.0
16.299999237060547,9.999999747378752e-05,0.0,3.0,0.0,42.0,2.0,0.0,0.0,0.0,0.0,2.0,1.0,0.0,0.0,0.0,12.408575057983398,9.999999747378752e-05,0.0,4.0,1.0,14.0,12.0,0.0,0.0,0.0,0.0,2.0,1.0,0.0,0.0,0.0,50.0
18.099994659423828,16.650096893310547,0.0,3.0,0.0,25.0,6.0,0.0,0.0,0.0,0.0,1.0,0.0,0.0,2.4499993324279785,0.0,10.608573913574219,9.999999747378752e-05,0.0,4.0,1.0,24.0,1.0,0.0,0.0,0.0,0.0,2.0,1.0,0.0,0.0,0.0,21.0
18.099994659423828,36.67008590698242,0.0,3.0,0.0,69.0,13.0,0.0,0.0,0.0,0.0,1.0,0.0,0.0,0.7599990367889404,0.0,10.828073501586914,25.15009307861328,0.0,4.0,1.0,25.0,10.0,0.0,0.0,0.0,0.0,1.0,0.0,0.1119999960064888,1.9299989938735962,0.0,21.0
18.099994659423828,38.50008010864258,0.0,3.0,0.0,69.0,19.0,0.0,0.0,0.0,0.0,1.0,0.0,0.0,-0.020000934600830078,0.0,11.500073432922363,22.687267303466797,16.0,4.0,1.0,86.0,4.0,0.0,0.0,28.0,0.0,1.0,0.0,-2.6906356254130515e-08,-2.5699411630630493,0.0,21.0
18.099994659423828,0.00010013580322265625,0.0,3.0,0.0,74.0,1.0,0.0,0.0,0.0,0.0,2.0,1.0,0.0,-3.5,0.0,11.500073432922363,9.999999747378752e-05,16.0,4.0,1.0,42.0,5.0,0.0,0.0,0.0,0.0,2.0,1.0,0.0,0.0,0.0,50.0
18.399993896484375,9.999999747378752e-05,0.0,3.0,0.0,74.0,17.0,0.0,0.0,0.0,0.0,2.0,1.0,0.0,0.0,0.0,11.2000732421875,9.999999747378752e-05,16.0,4.0,1.0,42.0,18.0,0.0,0.0,0.0,0.0,2.0,1.0,0.0,0.0,0.0,50.0
18.399993896484375,9.999999747378752e-05,0.0,3.0,0.0,178.0,-1.0,0.0,0.0,2.0,0.0,2.0,1.0,0.0,0.0,0.0,11.2000732421875,9.999999747378752e-05,16.0,4.0,1.0,14.0,1.0,0.0,0.0,0.0,0.0,2.0,1.0,0.0,0.0,0.0,20.0
-8.346138000488281,9.999999747378752e-05,0.0,3.0,0.0,233.0,13.0,0.0,0.0,0.0,0.0,2.0,1.0,-2.371005892753601,0.0,0.0,11.500073432922363,9.999999747378752e-05,16.0,4.0,1.0,24.0,3.0,0.0,0.0,0.0,0.0,2.0,1.0,0.0,0.0,0.0,20.0
-15.316255569458008,9.999999747378752e-05,0.0,3.0,1.0,233.0,26.0,0.0,0.0,0.0,0.0,2.0,1.0,-0.2744903415441513,0.0,0.0,11.466073036193848,28.62009048461914,16.0,4.0,1.0,25.0,12.0,0.0,0.0,0.0,0.0,1.0,0.0,-0.03399999812245369,1.6699990034103394,0.0,20.0
-15.550935745239258,9.999999747378752e-05,0.0,3.0,0.0,18.0,8.0,0.0,0.0,0.0,0.0,2.0,1.0,0.0,0.0,0.0,5.902573108673096,38.50008010864258,16.0,4.0,1.0,25.0,25.0,0.0,0.0,0.0,0.0,1.0,0.0,-0.779499888420105,-0.020000934600830078,0.0,44.0
-15.550935745239258,9.999999747378752e-05,0.0,3.0,0.0,212.0,13.0,0.0,0.0,0.0,0.0,2.0,1.0,0.0,0.0,0.0,-7.515427112579346,18.470069885253906,16.0,4.0,1.0,29.0,3.0,0.0,0.0,0.0,0.0,1.0,0.0,-1.0560001134872437,-3.5,0.0,20.0
-17.350933074951172,9.999999747378752e-05,0.0,3.0,0.0,212.0,26.0,0.0,0.0,0.0,0.0,2.0,1.0,0.0,0.0,0.0,-16.58342933654785,9.999999747378752e-05,16.0,4.0,1.0,42.0,7.0,0.0,0.0,0.0,0.0,2.0,1.0,-0.8520005345344543,0.0,0.0,20.0
-23.75705337524414,9.999999747378752e-05,0.0,3.0,0.0,14.0,1.0,0.0,0.0,0.0,0.0,2.0,1.0,-0.8223559856414795,0.0,0.0,-14.513434410095215,9.999999747378752e-05,16.0,4.0,1.0,42.0,20.0,0.0,0.0,0.0,0.0,2.0,1.0,0.0,0.0,0.0,50.0
-24.62133026123047,21.16009521484375,0.0,3.0,0.0,25.0,8.0,0.0,0.0,0.0,0.0,1.0,0.0,0.0,2.1899991035461426,0.0,-14.513434410095215,21.16009521484375,16.0,4.0,1.0,25.0,8.0,0.0,0.0,0.0,0.0,1.0,0.0,0.0,2.1899991035461426,0.0,21.0
-24.62133026123047,37.800079345703125,0.0,3.0,0.0,69.0,13.0,0.0,0.0,0.0,0.0,1.0,0.0,0.0,0.4999990463256836,0.0,-17.199935913085938,37.80008316040039,16.0,4.0,1.0,25.0,21.0,0.0,0.0,0.0,0.0,1.0,0.0,-0.5210000276565552,0.4999990463256836,0.0,21.0
-24.62133026123047,37.660072326660156,0.0,3.0,0.0,69.0,20.0,0.0,0.0,0.0,0.0,1.0,0.0,0.0,-0.41000092029571533,0.0,-24.017396926879883,27.593002319335938,30.0,4.0,0.0,89.0,5.0,0.0,0.0,34.0,0.0,1.0,0.0,-0.583269476890564,-3.1239938735961914,0.0,21.0
-24.62133026123047,0.00010013580322265625,0.0,3.0,0.0,74.0,1.0,0.0,0.0,0.0,0.0,2.0,1.0,0.0,-3.5,0.0,-30.172378540039062,9.999999747378752e-05,30.0,4.0,0.0,183.0,4.0,0.0,0.0,24.0,0.0,2.0,1.0,-0.231796532869339,0.0,0.0,25.0
-24.321331024169922,9.999999747378752e-05,0.0,3.0,0.0,74.0,17.0,0.0,0.0,0.0,0.0,2.0,1.0,0.0,0.0,0.0,-30.589563369750977,9.999999747378752e-05,30.0,4.0,0.0,183.0,17.0,0.0,0.0,24.0,0.0,1.0,0.0,0.0,0.0,0.0,25.0
-24.021331787109375,9.999999747378752e-05,0.0,3.0,0.0,18.0,3.0,0.0,0.0,0.0,0.0,2.0,1.0,0.0,0.0,0.0,-31.18956184387207,9.999999747378752e-05,30.0,4.0,0.0,184.0,4.0,0.0,0.0,217.0,0.0,2.0,1.0,0.0,0.0,0.0,25.0
-26.123689651489258,9.999999747378752e-05,0.0,3.0,1.0,60.0,10.0,0.0,0.0,0.0,0.0,2.0,1.0,0.0,0.0,0.0,-33.58955764770508,9.999999747378752e-05,30.0,4.0,0.0,186.0,2.0,0.0,0.0,205.0,0.0,2.0,1.0,0.0,0.0,0.0,44.0
-7.437808036804199,9.999999747378752e-05,0.0,3.0,1.0,60.0,23.0,0.0,0.0,0.0,0.0,2.0,1.0,-3.534957766532898,0.0,0.0,-33.58955764770508,9.999999747378752e-05,30.0,4.0,0.0,186.0,15.0,0.0,0.0,205.0,0.0,2.0,1.0,0.0,0.0,0.0,44.0
-7.37398624420166,9.999999747378752e-05,0.0,3.0,1.0,60.0,36.0,0.0,0.0,0.0,0.0,2.0,1.0,-0.02087783720344305,0.0,0.0,-33.58955764770508,9.999999747378752e-05,30.0,4.0,0.0,186.0,28.0,0.0,0.0,205.0,0.0,2.0,1.0,0.0,0.0,0.0,44.0
-7.278031349182129,9.999999747378752e-05,0.0,3.0,1.0,60.0,49.0,0.0,0.0,0.0,0.0,2.0,1.0,0.03405952267348766,0.0,0.0,-33.58955764770508,9.999999747378752e-05,30.0,4.0,0.0,14.0,11.0,0.0,0.0,205.0,0.0,2.0,1.0,0.0,0.0,0.0,44.0
-7.196966171264648,9.999999747378752e-05,0.0,3.0,1.0,178.0,-1.0,0.0,0.0,2.0,0.0,2.0,1.0,0.0,0.0,0.0,-26.68218231201172,18.970096588134766,30.0,4.0,0.0,26.0,7.0,0.0,0.0,0.0,0.0,1.0,0.0,1.1060000658035278,2.3199992179870605,0.0,20.0
-26.98724937438965,9.999999747378752e-05,0.0,3.0,1.0,234.0,13.0,0.0,0.0,0.0,0.0,2.0,1.0,-2.9471930265426636,0.0,0.0,-12.404173851013184,37.30008316040039,30.0,4.0,0.0,26.0,20.0,0.0,0.0,0.0,0.0,1.0,0.0,1.0660001039505005,0.629999041557312,0.0,44.0
-39.890079498291016,9.999999747378752e-05,0.0,3.0,1.0,234.0,26.0,0.0,0.0,0.0,0.0,2.0,1.0,-1.0869597792625427,0.0,0.0,-1.397173285484314,28.650074005126953,30.0,4.0,0.0,26.0,33.0,0.0,0.0,0.0,0.0,1.0,0.0,0.5495001077651978,-3.5,0.0,20.0
-41.059810638427734,9.999999747378752e-05,0.0,3.0,0.0,18.0,8.0,0.0,0.0,0.0,0.0,2.0,1.0,0.0,0.0,0.0,1.4958279132843018,9.999999747378752e-05,30.0,4.0,0.0,40.0,1.0,0.0,0.0,0.0,0.0,2.0,1.0,0.0,0.0,0.0,25.0
-45.56216049194336,9.999999747378752e-05,0.0,3.0,1.0,60.0,10.0,0.0,0.0,0.0,0.0,2.0,1.0,0.0,0.0,0.0,1.4958279132843018,9.999999747378752e-05,30.0,4.0,0.0,14.0,3.0,0.0,0.0,0.0,0.0,2.0,1.0,0.0,0.0,0.0,44.0
-26.876285552978516,9.999999747378752e-05,0.0,3.0,1.0,60.0,23.0,0.0,0.0,0.0,0.0,2.0,1.0,-3.534957766532898,0.0,0.0,1.4958279132843018,9.999999747378752e-05,30.0,4.0,0.0,14.0,16.0,0.0,0.0,0.0,0.0,2.0,1.0,0.0,0.0,0.0,44.0
-26.81246566772461,9.999999747378752e-05,0.0,3.0,1.0,60.0,36.0,0.0,0.0,0.0,0.0,2.0,1.0,-0.02087783720344305,0.0,0.0,-21.423545837402344,9.999999747378752e-05,30.0,4.0,0.0,20.0,11.0,0.0,0.0,0.0,0.0,2.0,1.0,-4.542499780654907,0.0,0.0,44.0
-27.31651496887207,9.999999747378752e-05,0.0,3.0,1.0,60.0,49.0,0.0,0.0,0.0,0.0,2.0,1.0,0.03405952267348766,0.0,0.0,-50.2697868347168,9.999999747378752e-05,30.0,4.0,0.0,21.0,8.0,0.0,0.0,0.0,0.0,2.0,1.0,-4.382499933242798,0.0,0.0,44.0
-27.235456466674805,9.999999747378752e-05,0.0,3.0,1.0,178.0,-1.0,0.0,0.0,2.0,0.0,2.0,1.0,0.0,0.0,0.0,-71.47602844238281,9.999999747378752e-05,30.0,4.0,0.0,23.0,12.0,0.0,0.0,0.0,0.0,2.0,1.0,-2.3024994134902954,0.0,0.0,20.0
-47.025733947753906,9.999999747378752e-05,0.0,3.0,1.0,234.0,13.0,0.0,0.0,0.0,0.0,2.0,1.0,-2.9471930265426636,0.0,0.0,-79.16228485107422,9.999999747378752e-05,30.0,4.0,0.0,23.0,25.0,0.0,0.0,0.0,0.0,2.0,1.0,-0.2224997878074646,0.0,0.0,44.0
-59.92856216430664,9.999999747378752e-05,0.0,3.0,1.0,234.0,26.0,0.0,0.0,0.0,0.0,2.0,1.0,-1.0869597792625427,0.0,0.0,-79.19353485107422,9.999999747378752e-05,30.0,4.0,1.0,18.0,10.0,0.0,0.0,0.0,0.0,2.0,1.0,0.0,0.0,0.0,44.0
-61.09829330444336,9.999999747378752e-05,0.0,3.0,1.0,178.0,-1.0,0.0,0.0,7.0,0.0,2.0,1.0,0.0,0.0,0.0,-73.46728515625,9.999999747378752e-05,30.0,4.0,1.0,16.0,13.0,0.0,0.0,0.0,0.0,2.0,1.0,1.2446535229682922,0.0,0.0,20.0
-67.14728546142578,21.16009521484375,0.0,3.0,1.0,26.0,8.0,0.0,0.0,0.0,0.0,1.0,0.0,-0.7739999890327454,2.1899991035461426,0.0,-65.35540771484375,9.999999747378752e-05,30.0,4.0,1.0,16.0,34.0,0.0,0.0,0.0,0.0,2.0,1.0,0.9237499833106995,0.0,0.0,20.0
-77.3292465209961,37.80008316040039,0.0,3.0,1.0,67.0,13.0,0.0,0.0,0.0,0.0,1.0,0.0,-0.7739999890327454,0.4999990463256836,0.0,-64.24603271484375,9.999999747378752e-05,30.0,4.0,1.0,14.0,13.0,0.0,0.0,0.0,0.0,2.0,1.0,0.0,0.0,0.0,44.0
-83.06124877929688,32.470069885253906,0.0,3.0,1.0,67.0,26.0,0.0,0.0,0.0,0.0,1.0,0.0,-0.18800003826618195,-1.1900008916854858,0.0,-64.24603271484375,9.999999747378752e-05,30.0,4.0,1.0,18.0,6.0,0.0,0.0,0.0,0.0,2.0,1.0,0.0,0.0,0.0,44.0
-74.853271484375,51.81006622314453,0.0,3.0,1.0,27.0,11.0,0.0,0.0,0.0,0.0,0.0,0.0,0.7739999890327454,1.3599992990493774,0.0,-67.27818298339844,9.999999747378752e-05,30.0,4.0,0.0,16.0,9.0,0.0,0.0,0.0,0.0,2.0,1.0,-0.9962861239910126,0.0,0.0,44.0
-64.67131042480469,57.66005325317383,0.0,3.0,1.0,66.0,13.0,0.0,0.0,0.0,0.0,0.0,0.0,0.7739999890327454,-0.330000638961792,0.0,-73.41527557373047,9.999999747378752e-05,30.0,4.0,0.0,14.0,3.0,0.0,0.0,0.0,0.0,2.0,1.0,-0.3596283942461014,0.0,0.0,44.0
-54.48930740356445,41.54004669189453,0.0,3.0,1.0,66.0,26.0,0.0,0.0,0.0,0.0,0.0,0.0,0.7739999890327454,-2.020000457763672,0.0,-73.53490447998047,9.999999747378752e-05,30.0,4.0,0.0,14.0,16.0,0.0,0.0,0.0,0.0,2.0,1.0,0.0,0.0,0.0,44.0
-44.30730438232422,6.390044689178467,0.0,3.0,1.0,66.0,39.0,0.0,0.0,0.0,0.0,0.0,0.0,0.7739999890327454,-2.9000000953674316,0.0,-73.53490447998047,9.999999747378752e-05,30.0,4.0,1.0,18.0,9.0,0.0,0.0,0.0,0.0,2.0,1.0,0.0,0.0,0.0,0.0
-41.72330093383789,9.999999747378752e-05,0.0,3.0,1.0,42.0,2.0,0.0,0.0,0.0,0.0,2.0,1.0,1.1000000834465027,0.0,0.0,-73.11904907226562,9.999999747378752e-05,30.0,4.0,1.0,15.0,2.0,0.0,0.0,0.0,0.0,2.0,1.0,0.47046513855457306,0.0,0.0,44.0
-17.738981246948242,9.999999747378752e-05,0.0,3.0,1.0,233.0,10.0,0.0,0.0,0.0,0.0,2.0,1.0,3.145877718925476,0.0,0.0,-68.04886627197266,9.999999747378752e-05,30.0,4.0,1.0,24.0,1.0,0.0,0.0,0.0,0.0,2.0,1.0,0.7395566403865814,0.0,0.0,20.0
-7.387605667114258,9.999999747378752e-05,0.0,3.0,0.0,233.0,23.0,0.0,0.0,0.0,0.0,2.0,1.0,0.5763930976390839,0.0,0.0,-58.86020278930664,25.15009307861328,30.0,4.0,1.0,25.0,10.0,0.0,0.0,0.0,0.0,1.0,0.0,1.1060000658035278,1.9299989938735962,0.0,54.0
-6.60236930847168,9.999999747378752e-05,0.0,3.0,0.0,39.0,5.0,0.0,0.0,0.0,0.0,2.0,1.0,0.0,0.0,0.0,-44.482215881347656,38.41007995605469,30.0,4.0,1.0,25.0,23.0,0.0,0.0,0.0,0.0,1.0,0.0,1.1060000658035278,0.23999905586242676,0.0,54.0
-6.60236930847168,9.999999747378752e-05,0.0,3.0,0.0,41.0,1.0,0.0,0.0,0.0,0.0,2.0,1.0,0.0,0.0,0.0,-30.204225540161133,25.470069885253906,30.0,4.0,1.0,29.0,1.0,0.0,0.0,0.0,0.0,1.0,0.0,1.0660001039505005,-3.5,0.0,0.0
-6.60236930847168,9.999999747378752e-05,0.0,3.0,0.0,24.0,4.0,0.0,0.0,0.0,0.0,2.0,1.0,0.0,0.0,0.0,-26.040225982666016,11.470069885253906,30.0,4.0,1.0,29.0,5.0,0.0,0.0,0.0,0.0,1.0,0.0,1.0260001420974731,-3.5,0.0,29.0
-9.004769325256348,0.007204492576420307,0.0,3.0,0.0,354.0,13.0,0.0,0.0,0.0,0.0,0.0,0.0,-0.013371801935136318,0.005439376924186945,0.0,-13.625224113464355,31.3100643157959,30.0,4.0,1.0,27.0,12.0,0.0,0.0,0.0,0.0,0.0,0.0,1.0760000944137573,1.229999303817749,0.0,0.0
-10.60124397277832,9.638273239135742,0.0,3.0,0.0,354.0,17.0,0.0,0.0,0.0,0.0,0.0,0.0,-0.35790467262268066,2.2610116004943848,0.0,-9.508223533630371,34.9300651550293,30.0,4.0,1.0,27.0,16.0,0.0,0.0,0.0,0.0,0.0,0.0,0.97350013256073,0.7099993228912354,0.0,0.0
-12.24792766571045,17.730802536010742,0.0,3.0,0.0,354.0,21.0,0.0,0.0,0.0,0.0,0.0,0.0,-0.36978745460510254,1.882415771484375,0.0,-6.209222316741943,36.470062255859375,30.0,4.0,1.0,27.0,20.0,0.0,0.0,0.0,0.0,0.0,0.0,0.7355002164840698,0.18999934196472168,0.0,0.0
-13.937679290771484,24.349218368530273,0.0,3.0,0.0,354.0,25.0,0.0,0.0,0.0,0.0,0.0,0.0,-0.379885196685791,1.5199298858642578,0.0,-3.8622214794158936,35.930057525634766,30.0,4.0,1.0,27.0,24.0,0.0,0.0,0.0,0.0,0.0,0.0,0.4975002706050873,-0.330000638961792,0.0,0.0
-15.663363456726074,29.55795669555664,0.0,3.0,0.0,354.0,29.0,0.0,0.0,0.0,0.0,0.0,0.0,-0.3881988525390625,1.1735515594482422,0.0,-2.4672205448150635,33.310054779052734,30.0,4.0,1.0,27.0,28.0,0.0,0.0,0.0,0.0,0.0,0.0,0.2595002353191376,-0.8500006198883057,0.0,44.0
-18.43072509765625,37.52946472167969,0.0,3.0,0.0,354.0,42.0,0.0,0.0,0.0,0.0,0.0,0.0,-0.4028959274291992,0.15906143188476562,0.0,-3.8867173194885254,-2.8899459838867188,30.0,4.0,1.0,27.0,41.0,0.0,0.0,0.0,0.0,0.0,0.0,-0.40049979090690613,-3.5,0.0,44.0
-21.257177352905273,28.589893341064453,0.0,3.0,0.0,354.0,55.0,0.0,0.0,0.0,0.0,0.0,0.0,-0.3987407684326172,-1.5153980255126953,0.0,-5.377716541290283,9.999999747378752e-05,30.0,4.0,0.0,18.0,9.0,0.0,0.0,0.0,0.0,2.0,1.0,0.0,0.0,0.0,44.0
-23.405418395996094,7.481927394866943,0.0,3.0,0.0,35.0,4.0,0.0,0.0,0.0,0.0,0.0,0.0,0.02638286165893078,-1.914940357208252,0.0,-5.377716541290283,9.999999747378752e-05,30.0,4.0,0.0,14.0,11.0,0.0,0.0,0.0,0.0,2.0,1.0,0.0,0.0,0.0,44.0
-22.234355926513672,9.999999747378752e-05,0.0,3.0,0.0,43.0,9.0,0.0,0.0,0.0,0.0,2.0,1.0,0.0,0.0,0.0,-5.701466083526611,9.999999747378752e-05,30.0,4.0,0.0,20.0,1.0,0.0,0.0,0.0,0.0,2.0,1.0,-2.161874994635582,0.0,0.0,25.0
-22.53435516357422,9.999999747378752e-05,0.0,3.0,0.0,43.0,22.0,0.0,0.0,0.0,0.0,2.0,1.0,0.0,0.0,0.0,-31.21459197998047,9.999999747378752e-05,30.0,4.0,0.0,214.0,9.0,0.0,0.0,0.0,0.0,2.0,1.0,-3.102499842643738,0.0,0.0,25.0
-22.53435516357422,9.999999747378752e-05,0.0,3.0,0.0,18.0,5.0,0.0,0.0,0.0,0.0,2.0,1.0,0.0,0.0,0.0,-44.1008415222168,9.999999747378752e-05,30.0,4.0,0.0,214.0,22.0,0.0,0.0,0.0,0.0,2.0,1.0,-1.0224996209144592,0.0,0.0,25.0
-27.036706924438477,9.999999747378752e-05,0.0,3.0,1.0,60.0,10.0,0.0,0.0,0.0,0.0,2.0,1.0,0.0,0.0,0.0,-45.48834228515625,9.999999747378752e-05,30.0,4.0,0.0,214.0,35.0,0.0,0.0,0.0,0.0,2.0,1.0,0.0,0.0,0.0,44.0
-8.350826263427734,9.999999747378752e-05,0.0,3.0,1.0,60.0,23.0,0.0,0.0,0.0,0.0,2.0,1.0,-3.534957766532898,0.0,0.0,-48.041465759277344,9.999999747378752e-05,30.0,4.0,0.0,20.0,2.0,0.0,0.0,0.0,0.0,2.0,1.0,-4.316249847412109,0.0,0.0,44.0
-8.287004470825195,9.999999747378752e-05,0.0,3.0,1.0,60.0,36.0,0.0,0.0,0.0,0.0,2.0,1.0,-0.02087783720344305,0.0,0.0,-47.19709396362305,9.999999747378752e-05,30.0,4.0,1.0,20.0,7.0,0.0,0.0,0.0,0.0,2.0,1.0,4.599999666213989,0.0,0.0,44.0
-8.191049575805664,9.999999747378752e-05,0.0,3.0,1.0,60.0,49.0,0.0,0.0,0.0,0.0,2.0,1.0,0.03405952267348766,0.0,0.0,-20.177099227905273,9.999999747378752e-05,30.0,4.0,1.0,214.0,8.0,0.0,0.0,0.0,0.0,2.0,1.0,3.3199998140335083,0.0,0.0,48.0
-27.824167251586914,-0.3068857192993164,0.0,3.0,1.0,242.0,4.0,0.0,0.0,0.0,0.0,2.0,1.0,0.0,0.0,0.0,-15.677099227905273,9.999999747378752e-05,30.0,4.0,1.0,222.0,4.0,0.0,0.0,0.0,0.0,2.0,1.0,0.0,0.0,0.0,44.0
-6.612912654876709,-10.210945129394531,0.0,3.0,1.0,242.0,17.0,0.0,0.0,0.0,0.0,2.0,1.0,0.0,0.0,0.0,-15.677099227905273,9.999999747378752e-05,30.0,4.0,1.0,222.0,17.0,0.0,0.0,0.0,0.0,2.0,1.0,0.0,0.0,0.0,20.0
-5.721005916595459,14.995994567871094,7.0,3.0,0.0,90.0,11.0,0.0,0.0,23.0,0.0,1.0,0.0,0.3139663338661194,0.4617041349411011,0.0,-15.677099227905273,9.999999747378752e-05,30.0,4.0,1.0,222.0,29.0,0.0,0.0,0.0,0.0,2.0,1.0,0.0,0.0,0.0,21.0
-2.3993165493011475,4.899771690368652,7.0,3.0,0.0,90.0,24.0,0.0,0.0,10.0,0.0,1.0,0.0,0.20541304349899292,-1.6623494625091553,0.0,-15.677099227905273,9.999999747378752e-05,30.0,4.0,1.0,14.0,3.0,0.0,0.0,0.0,0.0,2.0,1.0,0.0,0.0,0.0,21.0
-1.557142972946167,9.999999747378752e-05,7.0,3.0,0.0,183.0,10.0,0.0,0.0,6.0,0.0,1.0,0.0,0.0,0.0,0.0,-15.677099227905273,9.999999747378752e-05,30.0,4.0,1.0,14.0,16.0,0.0,0.0,0.0,0.0,2.0,1.0,0.0,0.0,0.0,21.0
-1.557142972946167,9.999999747378752e-05,7.0,3.0,0.0,183.0,23.0,0.0,0.0,6.0,0.0,2.0,1.0,0.0,0.0,0.0,-15.677099227905273,9.999999747378752e-05,30.0,4.0,1.0,14.0,29.0,0.0,0.0,0.0,0.0,2.0,1.0,0.0,0.0,0.0,20.0
-1.557142972946167,9.999999747378752e-05,7.0,3.0,0.0,187.0,10.0,0.0,0.0,6.0,0.0,2.0,1.0,0.0,0.0,0.0,-15.677099227905273,9.999999747378752e-05,30.0,4.0,1.0,24.0,3.0,0.0,0.0,0.0,0.0,2.0,1.0,0.0,0.0,0.0,48.0
-1.557142972946167,9.999999747378752e-05,7.0,3.0,0.0,187.0,23.0,0.0,0.0,6.0,0.0,2.0,1.0,0.0,0.0,0.0,-15.20059871673584,28.62009048461914,30.0,4.0,1.0,25.0,12.0,0.0,0.0,0.0,0.0,1.0,0.0,0.2069999873638153,1.6699990034103394,0.0,54.0
-1.557142972946167,9.999999747378752e-05,7.0,3.0,0.0,187.0,36.0,0.0,0.0,6.0,0.0,2.0,1.0,0.0,0.0,0.0,-7.16309928894043,38.50008010864258,30.0,4.0,1.0,25.0,25.0,0.0,0.0,0.0,0.0,1.0,0.0,0.9114999175071716,-0.020000934600830078,0.0,54.0
-1.557142972946167,9.999999747378752e-05,20.0,3.0,1.0,79.0,1.0,0.0,6.0,19.0,0.0,1.0,0.0,-1.0485435724258423,1.0125668048858643,0.0,0.14640077948570251,-0.14992141723632812,30.0,4.0,1.0,68.0,8.0,0.0,6.0,0.0,0.0,1.0,0.0,0.3450000286102295,-3.5,0.0,48.0
-9.170450210571289,9.999999747378752e-05,20.0,3.0,1.0,178.0,-1.0,0.0,0.0,3.0,0.0,2.0,1.0,-0.5966634154319763,0.0,0.0,1.9064011573791504,9.999999747378752e-05,30.0,4.0,1.0,73.0,13.0,0.0,0.0,0.0,0.0,2.0,1.0,0.0,0.0,0.0,20.0
-30.897377014160156,9.999999747378752e-05,20.0,3.0,1.0,234.0,13.0,0.0,0.0,0.0,0.0,2.0,1.0,-2.9471930265426636,0.0,0.0,1.9064011573791504,9.999999747378752e-05,30.0,4.0,1.0,24.0,1.0,0.0,0.0,0.0,0.0,2.0,1.0,0.0,0.0,0.0,20.0
-43.80020523071289,9.999999747378752e-05,20.0,3.0,1.0,234.0,26.0,0.0,0.0,0.0,0.0,2.0,1.0,-1.0869597792625427,0.0,0.0,0.52540123462677,13.15009880065918,30.0,4.0,1.0,67.0,1.0,0.0,0.0,0.0,0.0,1.0,0.0,-0.3685000240802765,0.7300000190734863,0.0,20.0
-44.96993637084961,9.999999747378752e-05,20.0,3.0,0.0,18.0,8.0,0.0,0.0,0.0,0.0,2.0,1.0,0.0,0.0,0.0,-7.7920989990234375,9.989738464355469e-05,30.0,4.0,1.0,72.0,1.0,0.0,0.0,0.0,0.0,2.0,1.0,-1.3440001010894775,-3.5,0.0,20.0
-44.96993637084961,9.999999747378752e-05,20.0,3.0,0.0,63.0,8.0,0.0,0.0,0.0,0.0,2.0,1.0,0.0,0.0,0.0,-7.841850280761719,9.999999747378752e-05,30.0,4.0,1.0,20.0,2.0,0.0,0.0,0.0,0.0,2.0,1.0,4.3125,0.0,0.0,44.0
-44.96993637084961,9.999999747378752e-05,20.0,3.0,0.0,63.0,21.0,0.0,0.0,0.0,0.0,2.0,1.0,0.0,0.0,0.0,-2.701225757598877,9.999999747378752e-05,30.0,4.0,0.0,24.0,2.0,0.0,0.0,0.0,0.0,2.0,1.0,-3.4137500524520874,0.0,0.0,25.0
-44.96993637084961,9.999999747378752e-05,20.0,3.0,0.0,63.0,34.0,0.0,0.0,0.0,0.0,2.0,1.0,0.0,0.0,0.0,-16.526695251464844,13.750099182128906,30.0,4.0,0.0,65.0,4.0,0.0,0.0,0.0,0.0,1.0,0.0,-0.9401563405990601,0.6000000238418579,0.0,20.0
-47.86328125,9.999999747378752e-05,20.0,3.0,0.0,14.0,1.0,0.0,0.0,0.0,0.0,2.0,1.0,-0.7791407108306885,0.0,0.0,-27.838727951049805,9.720099449157715,30.0,4.0,0.0,65.0,17.0,0.0,0.0,0.0,0.0,1.0,0.0,-0.8101564645767212,-1.0899999141693115,0.0,29.0
-50.88788604736328,7.964389324188232,27.0,3.0,1.0,77.0,7.0,0.0,0.0,23.0,0.0,1.0,0.0,-1.3912889957427979,0.5638039112091064,0.0,-34.26013946533203,9.999999747378752e-05,30.0,4.0,0.0,70.0,13.0,0.0,0.0,0.0,0.0,2.0,1.0,-1.0203130841255188,0.0,0.0,44.0
-65.6364974975586,0.239615797996521,27.0,3.0,1.0,77.0,20.0,0.0,0.0,10.0,0.0,1.0,0.0,-0.9144102931022644,-1.5867996215820312,0.0,-35.641075134277344,9.999999747378752e-05,30.0,4.0,0.0,14.0,10.0,0.0,0.0,0.0,0.0,2.0,1.0,0.0,0.0,0.0,44.0
-71.80323028564453,9.999999747378752e-05,27.0,3.0,1.0,178.0,-1.0,0.0,0.0,6.0,0.0,2.0,1.0,-0.00436133099719882,0.0,0.0,-35.641075134277344,9.999999747378752e-05,30.0,4.0,0.0,14.0,23.0,0.0,0.0,0.0,0.0,2.0,1.0,0.0,0.0,0.0,20.0
-85.5656967163086,0.0,27.0,3.0,1.0,234.0,13.0,0.0,0.0,0.0,0.0,2.0,1.0,-2.947193145751953,0.0,0.0,-36.12007522583008,9.45009994506836,30.0,4.0,0.0,25.0,6.0,0.0,0.0,0.0,0.0,1.0,0.0,-0.20649999380111694,1.25,0.0,44.0
-85.5656967163086,0.0,27.0,3.0,1.0,234.0,26.0,0.0,0.0,0.0,0.0,2.0,1.0,-1.0869598388671875,0.0,0.0,-44.174076080322266,13.870100975036621,30.0,4.0,0.0,66.0,8.0,0.0,0.0,0.0,0.0,1.0,0.0,-0.9740001559257507,-0.43999993801116943,0.0,44.0
-85.590576171875,9.999999747378752e-05,27.0,3.0,1.0,178.0,-1.0,0.0,0.0,7.0,0.0,2.0,1.0,0.0,0.0,0.0,-54.879581451416016,9.999999747378752e-05,30.0,4.0,0.0,71.0,21.0,0.0,0.0,0.0,0.0,2.0,1.0,-0.8270007073879242,0.0,0.0,20.0
-91.63957214355469,21.16009521484375,27.0,3.0,1.0,26.0,8.0,0.0,0.0,0.0,0.0,1.0,0.0,-0.7739999890327454,2.1899991035461426,1.0,-55.74708557128906,9.999999747378752e-05,30.0,4.0,0.0,14.0,11.0,0.0,0.0,0.0,0.0,2.0,1.0,0.0,0.0,0.0,21.0
-100.79157257080078,37.80008316040039,27.0,3.0,1.0,69.0,13.0,0.0,0.0,0.0,0.0,1.0,0.0,-0.6440001130104065,0.4999990463256836,1.0,-55.74708557128906,9.999999747378752e-05,30.0,4.0,0.0,14.0,24.0,0.0,0.0,0.0,0.0,2.0,1.0,0.0,0.0,0.0,21.0
-108.25357818603516,32.470069885253906,27.0,3.0,1.0,69.0,26.0,0.0,0.0,0.0,0.0,1.0,0.0,-0.5140002369880676,-1.1900008916854858,1.0,-55.74708557128906,9.999999747378752e-05,30.0,4.0,0.0,14.0,37.0,0.0,0.0,0.0,0.0,2.0,1.0,0.0,0.0,0.0,21.0
-114.02558135986328,-13.029930114746094,27.0,3.0,1.0,69.0,39.0,0.0,0.0,0.0,0.0,1.0,0.0,-0.38400036096572876,-3.5,1.0,-55.74708557128906,9.999999747378752e-05,30.0,4.0,0.0,14.0,50.0,0.0,0.0,0.0,0.0,2.0,1.0,0.0,0.0,0.0,21.0
-118.10758972167969,-58.529930114746094,27.0,3.0,1.0,69.0,13.0,0.0,0.0,0.0,0.0,1.0,0.0,-0.2540004849433899,-3.5,1.0,-55.74708557128906,9.999999747378752e-05,30.0,4.0,0.0,14.0,3.0,0.0,0.0,0.0,0.0,2.0,1.0,0.0,0.0,0.0,21.0
-120.49959564208984,-104.0299301147461,27.0,3.0,1.0,69.0,26.0,0.0,0.0,0.0,0.0,1.0,0.0,-0.1240004226565361,-3.5,1.0,-55.74708557128906,9.999999747378752e-05,30.0,4.0,0.0,14.0,16.0,0.0,0.0,0.0,0.0,2.0,1.0,0.0,0.0,0.0,21.0
-121.20360565185547,-142.52993774414062,0.0,2.0,1.0,0.0,-1.0,0.0,0.0,0.0,0.0,1.0,0.0,0.0,0.0,1.0,-51.378963470458984,9.999999747378752e-05,30.0,4.0,1.0,20.0,3.0,0.0,0.0,0.0,0.0,2.0,1.0,4.427499532699585,0.0,0.0,44.0
-121.20360565185547,-142.52993774414062,0.0,2.0,1.0,0.0,-1.0,0.0,0.0,0.0,0.0,1.0,0.0,0.0,0.0,1.0,-23.682723999023438,9.999999747378752e-05,30.0,4.0,1.0,24.0,4.0,0.0,0.0,0.0,0.0,2.0,1.0,3.2050000429153442,0.0,0.0,0.0
-121.20360565185547,-142.52993774414062,0.0,2.0,1.0,0.0,-1.0,0.0,0.0,0.0,0.0,1.0,0.0,0.0,0.0,1.0,-17.363727569580078,9.999999747378752e-05,30.0,4.0,1.0,43.0,4.0,0.0,0.0,0.0,0.0,2.0,1.0,2.6525694131851196,0.0,0.0,44.0
-121.20360565185547,-142.52993774414062,0.0,2.0,1.0,0.0,-1.0,0.0,0.0,0.0,0.0,1.0,0.0,0.0,0.0,1.0,-10.282023429870605,9.999999747378752e-05,30.0,4.0,1.0,14.0,5.0,0.0,0.0,0.0,0.0,2.0,1.0,0.09256996959447861,0.0,0.0,44.0
-121.20360565185547,-142.52993774414062,0.0,2.0,1.0,0.0,-1.0,0.0,0.0,0.0,0.0,1.0,0.0,0.0,0.0,1.0,1.8442258834838867,9.999999747378752e-05,30.0,4.0,1.0,24.0,4.0,0.0,0.0,0.0,0.0,2.0,1.0,3.2050000429153442,0.0,0.0,0.0
-121.20360565185547,-142.52993774414062,0.0,2.0,1.0,0.0,-1.0,0.0,0.0,0.0,0.0,1.0,0.0,0.0,0.0,1.0,8.789888381958008,6.443473815917969,30.0,4.0,1.0,236.0,1.0,0.0,0.0,0.0,0.0,1.0,0.0,1.303787350654602,-2.4666247367858887,0.0,0.0
-121.20360565185547,-142.52993774414062,0.0,2.0,1.0,0.0,-1.0,0.0,0.0,0.0,0.0,1.0,0.0,0.0,0.0,1.0,12.825240135192871,0.00010001659393310547,30.0,4.0,1.0,43.0,1.0,0.0,0.0,0.0,0.0,2.0,1.0,1.7108296155929565,-1.6183521747589111,0.0,44.0
16.0,105.94999694824219,0.0,2.0,0.0,12.0,7.0,0.0,0.0,0.0,0.0,1.0,0.0,0.0,-1.149999976158142,0.0,16.20397186279297,9.999999747378752e-05,30.0,4.0,1.0,14.0,4.0,0.0,0.0,0.0,0.0,2.0,1.0,0.0,0.0,0.0,21.0
16.0,90.99998474121094,0.0,2.0,0.0,12.0,20.0,0.0,0.0,0.0,0.0,1.0,0.0,0.0,-1.1499996185302734,0.0,29.912094116210938,9.999999747378752e-05,30.0,4.0,1.0,24.0,1.0,0.0,0.0,0.0,0.0,2.0,1.0,4.22249960899353,0.0,0.0,0.0
16.0,86.39997863769531,0.0,2.0,0.0,12.0,24.0,0.0,0.0,0.0,0.0,1.0,0.0,0.0,-1.1499994993209839,0.0,37.174285888671875,3.100100040435791,30.0,4.0,1.0,25.0,1.0,0.0,0.0,0.0,0.0,1.0,0.0,1.8884373903274536,3.0999999046325684,0.0,0.0
16.0,81.79997253417969,0.0,2.0,0.0,12.0,28.0,0.0,0.0,0.0,0.0,1.0,0.0,0.0,-1.1499992609024048,0.0,43.86225509643555,9.999999747378752e-05,30.0,4.0,1.0,43.0,7.0,0.0,0.0,0.0,0.0,2.0,1.0,2.847122311592102,0.0,0.0,21.0
16.0,66.84996032714844,0.0,2.0,0.0,12.0,41.0,0.0,0.0,0.0,0.0,1.0,0.0,0.0,-1.1499977111816406,0.0,51.40855026245117,9.999999747378752e-05,30.0,4.0,1.0,14.0,6.0,0.0,0.0,0.0,0.0,2.0,1.0,0.1271229013800621,0.0,0.0,21.0
16.0,51.89998245239258,0.0,2.0,0.0,12.0,54.0,0.0,0.0,0.0,0.0,1.0,0.0,0.0,-1.1499972343444824,0.0,61.997291564941406,9.999999747378752e-05,30.0,4.0,0.0,20.0,3.0,0.0,0.0,0.0,0.0,2.0,1.0,-3.7375000715255737,0.0,0.0,21.0
16.0,41.3599967956543,0.0,2.0,0.0,29.0,7.0,0.0,0.0,0.0,0.0,1.0,0.0,0.0,-0.9099999666213989,0.0,35.05854797363281,9.999999747378752e-05,30.0,4.0,0.0,24.0,1.0,0.0,0.0,0.0,0.0,2.0,1.0,-3.2625001668930054,0.0,0.0,21.0
16.0,-4.140003204345703,0.0,2.0,0.0,69.0,13.0,0.0,0.0,0.0,0.0,1.0,0.0,0.0,-3.5,0.0,16.747161865234375,9.999999747378752e-05,30.0,4.0,0.0,43.0,28.0,0.0,0.0,0.0,0.0,2.0,1.0,-1.4355284571647644,0.0,0.0,21.0
12.39999771118164,9.999999747378752e-05,0.0,2.0,0.0,74.0,16.0,0.0,0.0,0.0,0.0,2.0,1.0,0.0,0.0,0.0,17.485042572021484,9.999999747378752e-05,30.0,4.0,0.0,14.0,13.0,0.0,0.0,0.0,0.0,2.0,1.0,0.0,0.0,0.0,25.0
11.199996948242188,9.999999747378752e-05,0.0,2.0,0.0,18.0,2.0,0.0,0.0,0.0,0.0,2.0,1.0,0.0,0.0,0.0,18.685039520263672,9.999999747378752e-05,30.0,4.0,0.0,14.0,26.0,0.0,0.0,0.0,0.0,2.0,1.0,0.0,0.0,0.0,25.0
6.6976447105407715,9.999999747378752e-05,0.0,2.0,1.0,60.0,10.0,0.0,0.0,0.0,0.0,2.0,1.0,0.0,0.0,0.0,18.685039520263672,9.999999747378752e-05,30.0,4.0,0.0,14.0,39.0,0.0,0.0,0.0,0.0,2.0,1.0,0.0,0.0,0.0,44.0
14.686259269714355,9.999999747378752e-05,0.0,2.0,1.0,60.0,18.0,0.0,4.0,0.0,0.0,2.0,1.0,7.980415105819702,0.0,0.0,18.685039520263672,9.999999747378752e-05,50.0,4.0,0.0,88.0,1.0,0.0,4.0,47.0,0.0,1.0,0.0,2.547421932220459,2.460016965866089,0.0,20.0
25.44338035583496,9.999999747378752e-05,0.0,2.0,1.0,60.0,28.0,0.0,0.0,0.0,0.0,2.0,1.0,0.24286650866270065,0.0,0.0,42.14150619506836,15.501753807067871,50.0,4.0,0.0,88.0,11.0,0.0,0.0,37.0,0.0,1.0,0.0,2.1805577278137207,0.8057413101196289,0.0,44.0
25.44205665588379,9.999999747378752e-05,0.0,2.0,1.0,60.0,41.0,0.0,0.0,0.0,0.0,2.0,1.0,0.011215209495276213,0.0,0.0,67.15029907226562,11.012480735778809,50.0,4.0,0.0,88.0,24.0,0.0,0.0,24.0,0.0,1.0,0.0,1.703635334968567,-1.254817247390747,0.0,20.0
25.586345672607422,9.999999747378752e-05,0.0,2.0,1.0,60.0,54.0,0.0,0.0,0.0,0.0,2.0,1.0,0.002368927001953125,0.0,0.0,85.52597045898438,9.999999747378752e-05,50.0,4.0,0.0,199.0,5.0,0.0,0.0,15.0,0.0,2.0,1.0,1.0534584522247314,0.0,0.0,44.0
25.62434959411621,9.999999747378752e-05,0.0,2.0,1.0,178.0,-1.0,0.0,0.0,7.0,0.0,2.0,1.0,0.0,0.0,0.0,94.20291900634766,-10.139900207519531,50.0,4.0,0.0,29.0,5.0,0.0,0.0,0.0,0.0,1.0,0.0,0.3614584803581238,-1.559999942779541,1.0,48.0
25.62434959411621,9.999999747378752e-05,0.0,2.0,1.0,235.0,12.0,0.0,0.0,9.0,0.0,2.0,1.0,0.0,0.0,0.0,87.98590087890625,-23.22623062133789,50.0,4.0,0.0,29.0,1.0,0.0,0.0,0.0,0.0,1.0,0.0,-0.032499998807907104,-0.12999999523162842,1.0,44.0
25.62434959411621,9.999999747378752e-05,0.0,2.0,1.0,235.0,25.0,0.0,0.0,9.0,0.0,2.0,1.0,0.0,0.0,0.0,88.02693176269531,-8.116240501403809,50.0,4.0,0.0,27.0,11.0,0.0,0.0,0.0,0.0,0.0,0.0,-0.8820000290870667,1.3599992990493774,1.0,44.0
25.62434959411621,9.999999747378752e-05,0.0,2.0,1.0,178.0,-1.0,0.0,0.0,5.0,0.0,2.0,1.0,0.0,0.0,0.0,73.99724578857422,9.999999747378752e-05,50.0,4.0,0.0,43.0,4.0,0.0,0.0,0.0,0.0,2.0,1.0,-3.6256561279296875,0.0,0.0,20.0
5.834064483642578,9.999999747378752e-05,0.0,2.0,1.0,234.0,13.0,0.0,0.0,0.0,0.0,2.0,1.0,-2.9471930265426636,0.0,0.0,63.31048583984375,9.999999747378752e-05,50.0,4.0,0.0,14.0,5.0,0.0,0.0,0.0,0.0,2.0,1.0,-0.4256567507982254,0.0,0.0,44.0
-7.068772792816162,9.999999747378752e-05,0.0,2.0,1.0,234.0,26.0,0.0,0.0,0.0,0.0,2.0,1.0,-1.0869597792625427,0.0,0.0,62.80482864379883,9.999999747378752e-05,50.0,4.0,0.0,20.0,1.0,0.0,0.0,0.0,0.0,2.0,1.0,-2.15999998152256,0.0,0.0,44.0
-8.238503456115723,9.999999747378752e-05,0.0,2.0,1.0,178.0,-1.0,0.0,0.0,7.0,0.0,2.0,1.0,0.0,0.0,0.0,33.046714782714844,9.999999747378752e-05,50.0,4.0,0.0,20.0,14.0,0.0,0.0,0.0,0.0,2.0,1.0,-4.599999666213989,0.0,0.0,20.0
-14.287505149841309,21.16009521484375,0.0,2.0,1.0,26.0,8.0,0.0,0.0,0.0,0.0,1.0,0.0,-0.7739999890327454,2.1899991035461426,0.0,6.176718711853027,9.999999747378752e-05,50.0,4.0,0.0,212.0,6.0,0.0,0.0,0.0,0.0,2.0,1.0,-3.262499451637268,0.0,0.0,44.0
-20.019506454467773,37.80008316040039,0.0,2.0,1.0,66.0,13.0,0.0,0.0,0.0,0.0,1.0,0.0,-0.18800003826618195,0.4999990463256836,0.0,-7.749524116516113,9.999999747378752e-05,50.0,4.0,0.0,212.0,19.0,0.0,0.0,0.0,0.0,2.0,1.0,-1.1824991106987,0.0,0.0,44.0
-18.153507232666016,32.470069885253906,0.0,2.0,1.0,66.0,26.0,0.0,0.0,0.0,0.0,1.0,0.0,0.3779999911785126,-1.1900008916854858,0.0,-9.648272514343262,9.999999747378752e-05,50.0,4.0,0.0,14.0,2.0,0.0,0.0,0.0,0.0,2.0,1.0,0.0,0.0,0.0,21.0
-14.95950984954834,9.999999747378752e-05,0.0,2.0,1.0,42.0,3.0,0.0,0.0,0.0,0.0,2.0,1.0,0.21600019186735153,0.0,0.0,-9.048272132873535,9.999999747378752e-05,50.0,4.0,0.0,14.0,15.0,0.0,0.0,0.0,0.0,2.0,1.0,0.0,0.0,0.0,25.0
9.576486587524414,9.999999747378752e-05,0.0,2.0,1.0,20.0,12.0,0.0,0.0,0.0,0.0,2.0,1.0,4.43999981880188,0.0,0.0,-8.448271751403809,9.999999747378752e-05,50.0,4.0,0.0,14.0,28.0,0.0,0.0,0.0,0.0,2.0,1.0,0.0,0.0,0.0,44.0
31.156484603881836,9.999999747378752e-05,0.0,2.0,1.0,214.0,13.0,0.0,0.0,0.0,0.0,2.0,1.0,2.3599992990493774,0.0,0.0,-8.448271751403809,8.910099029541016,50.0,4.0,0.0,25.0,3.0,0.0,0.0,0.0,0.0,1.0,0.0,0.0,2.8399996757507324,0.0,44.0
39.21648406982422,9.999999747378752e-05,0.0,2.0,1.0,214.0,26.0,0.0,0.0,0.0,0.0,2.0,1.0,0.2799995541572571,0.0,0.0,-3.254271984100342,34.00008773803711,50.0,4.0,0.0,25.0,16.0,0.0,0.0,0.0,0.0,1.0,0.0,0.7569999694824219,1.1499990224838257,0.0,44.0
39.276485443115234,9.999999747378752e-05,0.0,2.0,1.0,214.0,39.0,0.0,0.0,0.0,0.0,2.0,1.0,0.0,0.0,0.0,10.287227630615234,37.12007522583008,50.0,4.0,0.0,25.0,29.0,0.0,0.0,0.0,0.0,1.0,0.0,1.1060000658035278,-0.5400009155273438,0.0,44.0
63.52853012084961,9.999999747378752e-05,0.0,2.0,1.0,233.0,11.0,0.0,0.0,0.0,0.0,2.0,1.0,2.87545382976532,0.0,0.0,24.12322235107422,18.270061492919922,50.0,4.0,0.0,68.0,3.0,0.0,0.0,0.0,0.0,1.0,0.0,1.0499999523162842,-2.2300009727478027,0.0,20.0
72.67398071289062,9.999999747378752e-05,0.0,2.0,0.0,233.0,24.0,0.0,0.0,0.0,0.0,2.0,1.0,0.4636230170726776,0.0,0.0,36.70722579956055,9.999999747378752e-05,50.0,4.0,0.0,73.0,18.0,0.0,0.0,0.0,0.0,2.0,1.0,1.152000367641449,0.0,0.0,44.0
73.2273941040039,9.999999747378752e-05,0.0,2.0,0.0,178.0,-1.0,0.0,0.0,5.0,0.0,2.0,1.0,0.0,0.0,0.0,29.246845245361328,9.999999747378752e-05,50.0,4.0,0.0,20.0,5.0,0.0,0.0,0.0,0.0,2.0,1.0,-4.542499780654907,0.0,0.0,25.0
85.5656967163086,0.0,0.0,2.0,0.0,234.0,13.0,0.0,0.0,0.0,0.0,2.0,1.0,2.947193145751953,0.0,0.0,28.374971389770508,9.999999747378752e-05,50.0,4.0,1.0,24.0,3.0,0.0,0.0,0.0,0.0,2.0,1.0,3.133750081062317,0.0,0.0,20.0
85.5656967163086,0.0,0.0,2.0,0.0,234.0,26.0,0.0,0.0,0.0,0.0,2.0,1.0,1.0869598388671875,0.0,0.0,41.78372573852539,14.220099449157715,50.0,4.0,1.0,65.0,5.0,0.0,0.0,0.0,0.0,1.0,0.0,0.9451563358306885,0.4700000286102295,0.0,20.0
82.69722747802734,9.999999747378752e-05,0.0,2.0,0.0,14.0,1.0,0.0,0.0,0.0,0.0,2.0,1.0,-0.7791407108306885,0.0,0.0,54.409786224365234,8.500099182128906,50.0,4.0,1.0,65.0,18.0,0.0,0.0,0.0,0.0,1.0,0.0,1.1060000658035278,-1.21999990940094,0.0,29.0
85.56287384033203,9.999999747378752e-05,0.0,2.0,0.0,349.0,13.0,0.0,0.0,0.0,0.0,2.0,1.0,-0.000629425048828125,0.0,0.0,65.23778533935547,9.999999747378752e-05,50.0,4.0,1.0,70.0,15.0,0.0,0.0,0.0,0.0,2.0,1.0,0.7120004594326019,0.0,0.0,55.0
78.43775939941406,9.999999747378752e-05,0.0,2.0,0.0,350.0,5.0,0.0,0.0,0.0,0.0,2.0,1.0,-0.6062498092651367,0.0,0.0,65.86178588867188,6.690981864929199,57.0,4.0,1.0,90.0,3.0,0.0,0.0,46.0,0.0,1.0,0.0,2.0697790148460626e-07,3.2549407482147217,0.0,20.0
75.10340118408203,9.999999747378752e-05,0.0,2.0,0.0,350.0,18.0,0.0,0.0,0.0,0.0,2.0,1.0,0.0,0.0,0.0,65.86178588867188,32.534202575683594,57.0,4.0,1.0,90.0,16.0,0.0,0.0,33.0,0.0,1.0,0.0,1.7420924791622383e-07,0.9019392728805542,0.0,20.0
72.70573425292969,9.999999747378752e-05,0.0,2.0,0.0,14.0,1.0,0.0,0.0,0.0,0.0,2.0,1.0,-0.7269314229488373,0.0,0.0,65.86178588867188,30.278406143188477,57.0,4.0,1.0,90.0,29.0,0.0,0.0,20.0,0.0,1.0,0.0,1.3369971441079542e-07,-0.7110624313354492,0.0,29.0
82.40291595458984,9.999999747378752e-05,0.0,2.0,0.0,349.0,13.0,0.0,0.0,0.0,0.0,2.0,1.0,-0.000629425048828125,0.0,0.0,65.86178588867188,16.39359474182129,57.0,4.0,1.0,90.0,42.0,0.0,0.0,7.0,0.0,1.0,0.0,9.319018090536701e-08,-1.3740627765655518,0.0,20.0
75.27780151367188,9.999999747378752e-05,0.0,2.0,0.0,350.0,5.0,0.0,0.0,0.0,0.0,2.0,1.0,-0.6062498092651367,0.0,0.0,65.86178588867188,12.226890563964844,64.0,4.0,1.0,90.0,3.0,0.0,0.0,47.0,0.0,1.0,0.0,2.1223318924512569e-07,3.3493669033050537,0.0,20.0
71.94344329833984,9.999999747378752e-05,0.0,2.0,0.0,350.0,18.0,0.0,0.0,0.0,0.0,2.0,1.0,0.0,0.0,0.0,65.86178588867188,39.29764938354492,64.0,4.0,1.0,90.0,16.0,0.0,0.0,34.0,0.0,1.0,0.0,1.7946453567674325e-07,0.9963654279708862,0.0,29.0
69.5457763671875,9.999999747378752e-05,0.0,2.0,0.0,14.0,1.0,0.0,0.0,0.0,0.0,2.0,1.0,-0.7269314229488373,0.0,0.0,65.86178588867188,38.269386291503906,64.0,4.0,1.0,90.0,29.0,0.0,0.0,21.0,0.0,1.0,0.0,1.3895500217131485e-07,-0.6166362762451172,0.0,29.0
79.24295806884766,9.999999747378752e-05,0.0,2.0,0.0,349.0,13.0,0.0,0.0,0.0,0.0,2.0,1.0,-0.000629425048828125,0.0,0.0,65.86178588867188,25.612102508544922,64.0,4.0,1.0,90.0,42.0,0.0,0.0,8.0,0.0,1.0,0.0,9.844546866588644e-08,-1.2796368598937988,0.0,20.0
41.98715591430664,9.999999747378752e-05,0.0,2.0,0.0,349.0,26.0,0.0,0.0,0.0,0.0,2.0,1.0,-5.1566808223724365,0.0,0.0,65.86178588867188,4.335827350616455,64.0,4.0,1.0,90.0,55.0,0.0,0.0,0.0,0.0,1.0,0.0,5.793593871317171e-08,-1.9426368474960327,0.0,20.0
21.977378845214844,9.999999747378752e-05,0.0,2.0,0.0,349.0,39.0,0.0,0.0,0.0,0.0,2.0,1.0,-1.8140258193016052,0.0,0.0,65.86178588867188,9.999999747378752e-05,64.0,4.0,1.0,191.0,11.0,0.0,0.0,0.0,0.0,1.0,0.0,0.0,0.0,0.0,20.0
14.004657745361328,9.999999747378752e-05,0.0,2.0,0.0,349.0,52.0,0.0,0.0,0.0,0.0,2.0,1.0,-0.7849654853343964,0.0,0.0,65.86178588867188,9.999999747378752e-05,64.0,4.0,1.0,191.0,24.0,0.0,0.0,0.0,0.0,2.0,1.0,0.0,0.0,0.0,55.0
11.311912536621094,9.999999747378752e-05,0.0,2.0,0.0,349.0,65.0,0.0,0.0,0.0,0.0,2.0,1.0,-0.1584625169634819,0.0,0.0,65.86178588867188,9.999999747378752e-05,64.0,4.0,1.0,192.0,11.0,0.0,0.0,210.0,0.0,2.0,1.0,0.0,0.0,0.0,55.0
11.282562255859375,9.999999747378752e-05,0.0,2.0,0.0,349.0,78.0,0.0,0.0,0.0,0.0,2.0,1.0,0.06549834832549095,0.0,0.0,65.8617935180664,9.999999747378752e-05,64.0,4.0,1.0,197.0,9.0,0.0,0.0,205.0,0.0,2.0,1.0,0.0,0.0,0.0,55.0
-13.685308456420898,9.999999747378752e-05,0.0,2.0,0.0,20.0,12.0,0.0,0.0,0.0,0.0,2.0,1.0,-4.43999981880188,0.0,0.0,42.745845794677734,9.999999747378752e-05,64.0,4.0,1.0,197.0,22.0,0.0,0.0,205.0,0.0,2.0,1.0,-5.7503087520599365,0.0,0.0,20.0
-30.66030502319336,9.999999747378752e-05,0.0,2.0,0.0,50.0,13.0,0.0,0.0,0.0,0.0,2.0,1.0,-2.61153781414032,0.0,0.0,31.91509246826172,9.999999747378752e-05,64.0,4.0,1.0,197.0,35.0,0.0,0.0,205.0,0.0,2.0,1.0,-0.015975951217114925,0.0,0.0,20.0
-47.635292053222656,9.999999747378752e-05,0.0,2.0,0.0,50.0,26.0,0.0,0.0,0.0,0.0,2.0,1.0,-2.611533999443054,0.0,0.0,31.91509246826172,9.999999747378752e-05,64.0,4.0,1.0,14.0,13.0,0.0,0.0,205.0,0.0,2.0,1.0,0.0,0.0,0.0,20.0
-52.14450454711914,9.999999747378752e-05,0.0,2.0,0.0,14.0,1.0,0.0,0.0,0.0,0.0,2.0,1.0,-0.6184983253479004,0.0,0.0,31.91509246826172,9.999999747378752e-05,64.0,4.0,1.0,18.0,7.0,0.0,0.0,0.0,0.0,2.0,1.0,0.0,0.0,0.0,20.0
-52.59225082397461,9.999999747378752e-05,0.0,2.0,0.0,63.0,8.0,0.0,0.0,0.0,0.0,2.0,1.0,0.0,0.0,0.0,4.773220062255859,9.999999747378752e-05,64.0,4.0,0.0,20.0,13.0,0.0,0.0,0.0,0.0,2.0,1.0,-4.542499780654907,0.0,0.0,44.0
-52.59225082397461,9.999999747378752e-05,0.0,2.0,0.0,63.0,21.0,0.0,0.0,0.0,0.0,2.0,1.0,0.0,0.0,0.0,-21.251779556274414,12.420099258422852,64.0,4.0,0.0,25.0,9.0,0.0,0.0,0.0,0.0,1.0,0.0,-2.0199999809265137,0.8600000143051147,0.0,44.0
-52.59225082397461,9.999999747378752e-05,0.0,2.0,0.0,63.0,34.0,0.0,0.0,0.0,0.0,2.0,1.0,0.0,0.0,0.0,-45.46427536010742,11.770099639892578,64.0,4.0,0.0,66.0,13.0,0.0,0.0,0.0,0.0,1.0,0.0,-1.6035001277923584,-0.8299999237060547,0.0,29.0
-52.59225082397461,9.999999747378752e-05,18.0,2.0,1.0,80.0,1.0,0.0,1.0,26.0,0.0,1.0,0.0,-1.6970939636230469,1.0604619979858398,0.0,-53.1442756652832,0.00010013580322265625,64.0,4.0,0.0,71.0,1.0,0.0,0.0,0.0,0.0,2.0,1.0,-3.0320003032684326,-3.5,0.0,44.0
-70.71867370605469,-0.5032497048377991,18.0,2.0,1.0,80.0,14.0,0.0,0.0,13.0,0.0,1.0,0.0,-1.1348382234573364,-0.9808744788169861,0.0,-61.172279357910156,9.999999747378752e-05,64.0,4.0,0.0,14.0,5.0,0.0,0.0,0.0,0.0,2.0,1.0,-0.1520008072257042,0.0,0.0,44.0
-80.21280670166016,9.999999747378752e-05,18.0,2.0,1.0,178.0,-1.0,0.0,0.0,4.0,0.0,2.0,1.0,-0.27858614921569824,0.0,0.0,-61.172279357910156,9.999999747378752e-05,64.0,4.0,0.0,14.0,18.0,0.0,0.0,0.0,0.0,2.0,1.0,0.0,0.0,0.0,20.0
-85.5656967163086,0.0,18.0,2.0,1.0,234.0,13.0,0.0,0.0,0.0,0.0,2.0,1.0,-2.947193145751953,0.0,0.0,-61.172279357910156,6.070099830627441,64.0,4.0,0.0,25.0,2.0,0.0,0.0,0.0,0.0,1.0,0.0,0.0,2.9699997901916504,0.0,44.0
-85.5656967163086,0.0,18.0,2.0,1.0,234.0,26.0,0.0,0.0,0.0,0.0,2.0,1.0,-1.0869598388671875,0.0,0.0,-63.475284576416016,32.85009002685547,64.0,4.0,0.0,66.0,4.0,0.0,0.0,0.0,0.0,1.0,0.0,-0.47550004720687866,1.279999017715454,0.0,44.0
-85.590576171875,9.999999747378752e-05,18.0,2.0,1.0,178.0,-1.0,0.0,0.0,7.0,0.0,2.0,1.0,0.0,0.0,0.0,-74.01179504394531,37.66007614135742,64.0,4.0,0.0,66.0,17.0,0.0,0.0,0.0,0.0,1.0,0.0,-0.9305001497268677,-0.41000092029571533,0.0,20.0
-90.08157348632812,16.650096893310547,23.0,2.0,1.0,86.0,1.0,0.0,2.0,23.0,0.0,1.0,0.0,-1.2665131092071533,1.2665131092071533,1.0,-82.9677963256836,24.570066452026367,64.0,4.0,0.0,66.0,28.0,0.0,2.0,0.0,0.0,1.0,0.0,-0.6315001845359802,-1.840000867843628,0.0,20.0
-108.76686096191406,25.19538116455078,23.0,2.0,1.0,86.0,13.0,0.0,0.0,11.0,0.0,1.0,0.0,-0.833763599395752,-0.7262364029884338,1.0,-85.13278198242188,4.560056209564209,64.0,4.0,0.0,28.0,2.0,0.0,0.0,0.0,0.0,0.0,0.0,0.9464999437332153,2.5299997329711914,0.0,44.0
-114.20410919189453,17.59262466430664,23.0,2.0,1.0,27.0,3.0,0.0,0.0,0.0,0.0,0.0,0.0,0.35104799270629883,2.7649515867233276,1.0,-71.6972427368164,25.620046615600586,64.0,4.0,0.0,28.0,15.0,0.0,0.0,0.0,0.0,0.0,0.0,1.0360000133514404,0.8399993181228638,0.0,44.0
-105.7082290649414,38.62870407104492,23.0,2.0,1.0,66.0,13.0,0.0,0.0,0.0,0.0,0.0,0.0,0.7739999890327454,0.7099993228912354,1.0,-57.99522399902344,22.060039520263672,64.0,4.0,0.0,28.0,28.0,0.0,0.0,0.0,0.0,0.0,0.0,1.0760000944137573,-3.5,0.0,44.0
-95.5262680053711,36.02869415283203,23.0,2.0,1.0,66.0,26.0,0.0,0.0,0.0,0.0,0.0,0.0,0.7739999890327454,-0.9800006151199341,1.0,-46.367225646972656,9.999999747378752e-05,64.0,4.0,0.0,42.0,6.0,0.0,0.0,0.0,0.0,2.0,1.0,1.032000482082367,0.0,0.0,44.0
-85.34430694580078,11.458683967590332,23.0,2.0,1.0,66.0,39.0,0.0,0.0,0.0,0.0,0.0,0.0,0.7739999890327454,-2.6700010299682617,0.0,-44.95122528076172,9.999999747378752e-05,64.0,4.0,0.0,42.0,19.0,0.0,0.0,0.0,0.0,2.0,1.0,0.0,0.0,0.0,44.0
-77.39232635498047,9.999999747378752e-05,23.0,2.0,1.0,178.0,-1.0,0.0,0.0,3.0,0.0,2.0,1.0,0.4480001628398895,0.0,0.0,-44.95122528076172,9.999999747378752e-05,64.0,4.0,0.0,14.0,2.0,0.0,0.0,0.0,0.0,2.0,1.0,0.0,0.0,0.0,20.0
-85.5656967163086,0.0,23.0,2.0,1.0,234.0,13.0,0.0,0.0,0.0,0.0,2.0,1.0,-2.947193145751953,0.0,0.0,-44.95122528076172,9.999999747378752e-05,64.0,4.0,0.0,14.0,15.0,0.0,0.0,0.0,0.0,2.0,1.0,0.0,0.0,0.0,44.0
-85.5656967163086,0.0,23.0,2.0,1.0,234.0,26.0,0.0,0.0,0.0,0.0,2.0,1.0,-1.0869598388671875,0.0,0.0,-44.95122528076172,9.999999747378752e-05,64.0,4.0,0.0,14.0,28.0,0.0,0.0,0.0,0.0,2.0,1.0,0.0,0.0,0.0,44.0
-85.590576171875,9.999999747378752e-05,23.0,2.0,1.0,178.0,-1.0,0.0,0.0,7.0,0.0,2.0,1.0,0.0,0.0,0.0,-44.95122528076172,9.999999747378752e-05,64.0,4.0,0.0,14.0,41.0,0.0,0.0,0.0,0.0,2.0,1.0,0.0,0.0,0.0,20.0
-91.63957214355469,21.16009521484375,23.0,2.0,1.0,26.0,8.0,0.0,0.0,0.0,0.0,1.0,0.0,-0.7739999890327454,2.1899991035461426,1.0,-44.95122528076172,9.999999747378752e-05,64.0,4.0,0.0,14.0,54.0,0.0,0.0,0.0,0.0,2.0,1.0,0.0,0.0,0.0,21.0
-100.79157257080078,37.80008316040039,23.0,2.0,1.0,69.0,13.0,0.0,0.0,0.0,0.0,1.0,0.0,-0.6440001130104065,0.4999990463256836,1.0,-44.95122528076172,9.999999747378752e-05,64.0,4.0,0.0,14.0,7.0,0.0,0.0,0.0,0.0,2.0,1.0,0.0,0.0,0.0,21.0
-108.25357818603516,32.470069885253906,23.0,2.0,1.0,69.0,26.0,0.0,0.0,0.0,0.0,1.0,0.0,-0.5140002369880676,-1.1900008916854858,1.0,-44.95122528076172,9.999999747378752e-05,64.0,4.0,0.0,14.0,20.0,0.0,0.0,0.0,0.0,2.0,1.0,0.0,0.0,0.0,21.0
-114.02558135986328,-13.029930114746094,23.0,2.0,1.0,69.0,39.0,0.0,0.0,0.0,0.0,1.0,0.0,-0.38400036096572876,-3.5,1.0,-44.95122528076172,9.999999747378752e-05,64.0,4.0,0.0,14.0,33.0,0.0,0.0,0.0,0.0,2.0,1.0,0.0,0.0,0.0,21.0
-118.10758972167969,-58.529930114746094,23.0,2.0,1.0,69.0,13.0,0.0,0.0,0.0,0.0,1.0,0.0,-0.2540004849433899,-3.5,1.0,-44.95122528076172,9.999999747378752e-05,64.0,4.0,0.0,14.0,46.0,0.0,0.0,0.0,0.0,2.0,1.0,0.0,0.0,0.0,21.0
-120.49959564208984,-104.0299301147461,23.0,2.0,1.0,69.0,26.0,0.0,0.0,0.0,0.0,1.0,0.0,-0.1240004226565361,-3.5,1.0,-44.95122528076172,9.999999747378752e-05,64.0,4.0,0.0,14.0,59.0,0.0,0.0,0.0,0.0,2.0,1.0,0.0,0.0,0.0,21.0
-121.20360565185547,-142.52993774414062,0.0,1.0,1.0,0.0,-1.0,0.0,0.0,0.0,0.0,1.0,0.0,0.0,0.0,1.0,-44.95122528076172,9.999999747378752e-05,64.0,4.0,0.0,14.0,72.0,0.0,0.0,0.0,0.0,2.0,1.0,0.0,0.0,0.0,44.0
-121.20360565185547,-142.52993774414062,0.0,1.0,1.0,0.0,-1.0,0.0,0.0,0.0,0.0,1.0,0.0,0.0,0.0,1.0,-44.95122528076172,9.999999747378752e-05,64.0,4.0,0.0,14.0,10.0,0.0,0.0,0.0,0.0,2.0,1.0,0.0,0.0,0.0,44.0
-121.20360565185547,-142.52993774414062,0.0,1.0,1.0,0.0,-1.0,0.0,0.0,0.0,0.0,1.0,0.0,0.0,0.0,1.0,-44.95122528076172,9.999999747378752e-05,64.0,4.0,0.0,14.0,23.0,0.0,0.0,0.0,0.0,2.0,1.0,0.0,0.0,0.0,44.0
