-60.0,10.0,0.0,4.0,1.0,322.0,-1.0,0.0,0.0,0.0,0.0,1.0,0.0,0.0,0.0,0.0,60.0,10.0,0.0,4.0,0.0,322.0,-1.0,0.0,0.0,0.0,0.0,1.0,0.0,0.0,0.0,0.0,52.0
-60.0,10.494123458862305,0.0,4.0,1.0,323.0,9.0,0.0,0.0,0.0,0.0,1.0,0.0,0.0,0.0,0.0,60.0,10.219610214233398,0.0,4.0,0.0,323.0,4.0,0.0,0.0,0.0,0.0,1.0,0.0,0.0,0.0,0.0,1.0
-60.0,11.207858085632324,0.0,4.0,1.0,323.0,22.0,0.0,0.0,0.0,0.0,1.0,0.0,0.0,0.0,0.0,60.0,10.933344841003418,0.0,4.0,0.0,323.0,17.0,0.0,0.0,0.0,0.0,1.0,0.0,0.0,0.0,0.0,21.0
-60.0,11.372566223144531,0.0,4.0,1.0,324.0,-1.0,0.0,0.0,0.0,0.0,1.0,0.0,0.0,0.0,0.0,60.0,11.647079467773438,0.0,4.0,0.0,324.0,-1.0,0.0,0.0,0.0,0.0,1.0,0.0,0.0,0.0,0.0,38.0
-60.0,10.658831596374512,0.0,4.0,1.0,324.0,-1.0,0.0,0.0,0.0,0.0,1.0,0.0,0.0,0.0,0.0,60.0,10.933344841003418,0.0,4.0,0.0,324.0,-1.0,0.0,0.0,0.0,0.0,1.0,0.0,0.0,0.0,0.0,37.0
-60.0,9.664901733398438,0.0,4.0,1.0,29.0,2.0,0.0,0.0,0.0,0.0,1.0,0.0,0.0,-0.25999999046325684,0.0,60.0,10.219610214233398,0.0,4.0,0.0,324.0,-1.0,0.0,0.0,0.0,0.0,1.0,0.0,0.0,0.0,0.0,23.0
-60.0,9.999999747378752e-05,0.0,4.0,1.0,42.0,2.0,0.0,0.0,0.0,0.0,2.0,1.0,0.0,0.0,0.0,60.0,2.904902696609497,0.0,4.0,0.0,29.0,2.0,0.0,0.0,0.0,0.0,1.0,0.0,0.0,-1.2999999523162842,0.0,44.0
-60.0,9.999999747378752e-05,0.0,4.0,1.0,178.0,-1.0,0.0,0.0,7.0,0.0,2.0,1.0,0.0,0.0,0.0,60.0,9.999999747378752e-05,0.0,4.0,0.0,42.0,10.0,0.0,0.0,0.0,0.0,2.0,1.0,0.0,0.0,0.0,47.0
-66.04900360107422,21.16009521484375,0.0,4.0,1.0,26.0,8.0,0.0,0.0,0.0,0.0,1.0,0.0,-0.7739999890327454,2.1899991035461426,0.0,60.0,9.999999747378752e-05,0.0,4.0,0.0,42.0,23.0,0.0,0.0,0.0,0.0,2.0,1.0,0.0,0.0,0.0,19.0
-66.04900360107422,21.16009521484375,0.0,4.0,0.0,351.0,13.0,0.0,0.0,0.0,0.0,0.0,0.0,0.0,0.0,0.0,60.0,9.999999747378752e-05,0.0,4.0,0.0,14.0,6.0,0.0,0.0,0.0,0.0,2.0,1.0,0.0,0.0,0.0,4.0
-89.01284790039062,21.16009521484375,0.0,4.0,0.0,351.0,26.0,0.0,0.0,0.0,0.0,0.0,0.0,-2.0173511505126953,0.0,1.0,60.0,9.999999747378752e-05,0.0,4.0,0.0,14.0,19.0,0.0,0.0,0.0,0.0,2.0,1.0,0.0,0.0,0.0,49.0
-109.00039672851562,18.41009521484375,0.0,4.0,0.0,351.0,39.0,0.0,0.0,0.0,0.0,0.0,0.0,-1.1622047424316406,-0.5000000596046448,1.0,60.0,9.999999747378752e-05,0.0,4.0,0.0,14.0,32.0,0.0,0.0,0.0,0.0,2.0,1.0,0.0,0.0,0.0,31.0
-119.50871276855469,7.3600945472717285,0.0,4.0,0.0,351.0,52.0,0.0,0.0,-1.0,0.0,0.0,0.0,-0.5410041809082031,-1.149999976158142,1.0,60.0,9.999999747378752e-05,0.0,4.0,0.0,14.0,45.0,0.0,0.0,0.0,0.0,2.0,1.0,0.0,0.0,0.0,38.0
-123.57914733886719,-12.139900207519531,0.0,4.0,0.0,351.0,65.0,0.0,0.0,-1.0,0.0,0.0,0.0,-0.153778076171875,-1.7999993562698364,1.0,60.0,9.999999747378752e-05,0.0,4.0,0.0,14.0,58.0,0.0,0.0,0.0,0.0,2.0,1.0,0.0,0.0,0.0,44.0
-124.25300598144531,-40.08988952636719,0.0,4.0,0.0,351.0,78.0,0.0,0.0,-2.0,0.0,0.0,0.0,-0.000461578369140625,-2.4499988555908203,1.0,60.0,9.999999747378752e-05,0.0,4.0,0.0,14.0,11.0,0.0,0.0,0.0,0.0,2.0,1.0,0.0,0.0,0.0,0.0
-127.9175796508789,-84.58988952636719,0.0,4.0,0.0,35.0,4.0,0.0,0.0,0.0,0.0,0.0,0.0,-0.516352117061615,-3.5,1.0,60.0,9.999999747378752e-05,0.0,4.0,0.0,14.0,24.0,0.0,0.0,0.0,0.0,2.0,1.0,0.0,0.0,0.0,51.0
-130.3201446533203,-130.0898895263672,0.0,4.0,0.0,35.0,1.0,0.0,0.0,0.0,0.0,0.0,0.0,0.04964794963598251,-3.5,1.0,60.0,9.999999747378752e-05,0.0,4.0,0.0,14.0,37.0,0.0,0.0,0.0,0.0,2.0,1.0,0.0,0.0,0.0,29.0
-130.45919799804688,-140.5898895263672,0.0,3.0,0.0,0.0,-1.0,0.0,0.0,0.0,0.0,0.0,0.0,0.0,0.0,1.0,60.0,9.999999747378752e-05,0.0,4.0,0.0,14.0,50.0,0.0,0.0,0.0,0.0,2.0,1.0,0.0,0.0,0.0,51.0
-130.45919799804688,-140.5898895263672,0.0,3.0,0.0,0.0,-1.0,0.0,0.0,0.0,0.0,0.0,0.0,0.0,0.0,1.0,60.0,9.999999747378752e-05,0.0,4.0,0.0,14.0,3.0,0.0,0.0,0.0,0.0,2.0,1.0,0.0,0.0,0.0,11.0
-130.45919799804688,-140.5898895263672,0.0,3.0,0.0,0.0,-1.0,0.0,0.0,0.0,0.0,0.0,0.0,0.0,0.0,1.0,60.0,9.999999747378752e-05,0.0,4.0,0.0,14.0,16.0,0.0,0.0,0.0,0.0,2.0,1.0,0.0,0.0,0.0,22.0
-130.45919799804688,-140.5898895263672,0.0,3.0,0.0,0.0,-1.0,0.0,0.0,0.0,0.0,0.0,0.0,0.0,0.0,1.0,60.0,9.999999747378752e-05,0.0,4.0,0.0,14.0,29.0,0.0,0.0,0.0,0.0,2.0,1.0,0.0,0.0,0.0,11.0
16.0,110.55000305175781,0.0,3.0,0.0,12.0,3.0,0.0,0.0,0.0,0.0,1.0,0.0,0.0,-1.1500000953674316,0.0,60.0,9.999999747378752e-05,0.0,4.0,0.0,14.0,42.0,0.0,0.0,0.0,0.0,2.0,1.0,0.0,0.0,0.0,43.0
16.0,95.59999084472656,0.0,3.0,0.0,12.0,16.0,0.0,0.0,0.0,0.0,1.0,0.0,0.0,-1.1499998569488525,0.0,60.0,9.999999747378752e-05,0.0,4.0,0.0,14.0,55.0,0.0,0.0,0.0,0.0,2.0,1.0,0.0,0.0,0.0,22.0
16.0,80.64997100830078,0.0,3.0,0.0,12.0,29.0,0.0,0.0,0.0,0.0,1.0,0.0,0.0,-1.1499991416931152,0.0,60.0,9.999999747378752e-05,0.0,4.0,0.0,14.0,8.0,0.0,0.0,0.0,0.0,2.0,1.0,0.0,0.0,0.0,37.0
16.0,65.69995880126953,0.0,3.0,0.0,12.0,42.0,0.0,0.0,0.0,0.0,1.0,0.0,0.0,-1.1499979496002197,0.0,60.0,9.999999747378752e-05,0.0,4.0,0.0,14.0,21.0,0.0,0.0,0.0,0.0,2.0,1.0,0.0,0.0,0.0,32.0
16.0,50.74998474121094,0.0,3.0,0.0,12.0,55.0,0.0,0.0,0.0,0.0,1.0,0.0,0.0,-1.1499971151351929,0.0,60.0,9.999999747378752e-05,0.0,4.0,0.0,14.0,34.0,0.0,0.0,0.0,0.0,2.0,1.0,0.0,0.0,0.0,41.0
16.0,40.31999588012695,0.0,3.0,0.0,29.0,8.0,0.0,0.0,0.0,0.0,1.0,0.0,0.0,-1.0399999618530273,0.0,60.0,9.999999747378752e-05,0.0,4.0,0.0,14.0,47.0,0.0,0.0,0.0,0.0,2.0,1.0,0.0,0.0,0.0,8.0
26.00800323486328,64.75999450683594,0.0,3.0,0.0,28.0,13.0,0.0,0.0,0.0,0.0,0.0,0.0,0.7739999890327454,1.0999993085861206,0.0,60.0,9.999999747378752e-05,0.0,4.0,0.0,14.0,60.0,0.0,0.0,0.0,0.0,2.0,1.0,0.0,0.0,0.0,44.0
36.190006256103516,67.22998809814453,0.0,3.0,0.0,28.0,26.0,0.0,0.0,0.0,0.0,0.0,0.0,0.7739999890327454,-0.5900006294250488,0.0,60.0,9.999999747378752e-05,0.0,4.0,0.0,14.0,13.0,0.0,0.0,0.0,0.0,2.0,1.0,0.0,0.0,0.0,41.0
45.342010498046875,47.72998046875,0.0,3.0,0.0,32.0,4.0,0.0,0.0,0.0,0.0,0.0,0.0,0.6440001130104065,-2.280000686645508,0.0,60.0,9.999999747378752e-05,0.0,4.0,0.0,14.0,26.0,0.0,0.0,0.0,0.0,2.0,1.0,0.0,0.0,0.0,44.0
55.38801574707031,11.209976196289062,0.0,3.0,0.0,32.0,1.0,0.0,0.0,0.0,0.0,0.0,0.0,0.7739999890327454,-2.9000000953674316,0.0,60.0,9.999999747378752e-05,0.0,4.0,0.0,14.0,39.0,0.0,0.0,0.0,0.0,2.0,1.0,0.0,0.0,0.0,14.0
60.48002243041992,9.999999747378752e-05,0.0,3.0,0.0,73.0,15.0,0.0,0.0,0.0,0.0,2.0,1.0,0.30800026655197144,0.0,0.0,62.09999465942383,9.999999747378752e-05,0.0,4.0,0.0,14.0,52.0,0.0,0.0,0.0,0.0,2.0,1.0,0.0,0.0,0.0,7.0
57.55403137207031,9.999999747378752e-05,0.0,3.0,0.0,18.0,6.0,0.0,0.0,0.0,0.0,2.0,1.0,0.0,0.0,0.0,65.0999984741211,9.999999747378752e-05,0.0,4.0,0.0,14.0,65.0,0.0,0.0,0.0,0.0,2.0,1.0,0.0,0.0,0.0,18.0
69.0512466430664,9.999999747378752e-05,0.0,3.0,0.0,349.0,13.0,0.0,0.0,0.0,0.0,2.0,1.0,-0.0006294250197242945,0.0,0.0,63.299991607666016,9.999999747378752e-05,0.0,4.0,0.0,14.0,8.0,0.0,0.0,0.0,0.0,2.0,1.0,0.0,0.0,0.0,12.0
68.12875366210938,9.999999747378752e-05,0.0,3.0,0.0,350.0,7.0,0.0,0.0,0.0,0.0,2.0,1.0,-0.6062500178813934,0.0,0.0,62.09999465942383,9.693159103393555,7.0,4.0,1.0,90.0,5.0,0.0,0.0,34.0,0.0,1.0,0.0,1.6366361421660258e-07,2.151764392852783,0.0,25.0
65.40064239501953,9.999999747378752e-05,0.0,3.0,0.0,350.0,20.0,0.0,0.0,0.0,0.0,2.0,1.0,0.0,0.0,0.0,62.09999465942383,21.195083618164062,7.0,4.0,1.0,90.0,18.0,0.0,0.0,21.0,0.0,1.0,0.0,1.2315408071117417e-07,-0.20123720169067383,0.0,31.0
65.40064239501953,9.999999747378752e-05,0.0,3.0,0.0,180.0,0.0,0.0,0.0,8.0,0.0,2.0,1.0,0.0,0.0,0.0,62.09999465942383,6.468000411987305,7.0,4.0,1.0,90.0,31.0,0.0,0.0,8.0,0.0,1.0,0.0,8.264454720574577e-08,-1.5542372465133667,0.0,14.0
65.40064239501953,23.220094680786133,0.0,3.0,0.0,25.0,9.0,0.0,0.0,0.0,0.0,1.0,0.0,0.0,2.0599989891052246,0.0,62.09999465942383,9.999999747378752e-05,7.0,4.0,1.0,183.0,8.0,0.0,0.0,2.0,0.0,1.0,0.0,0.0,0.0,0.0,43.0
70.7906494140625,38.170082092285156,0.0,3.0,0.0,25.0,22.0,0.0,0.0,0.0,0.0,1.0,0.0,0.7099999785423279,0.3699990510940552,0.0,62.09999465942383,9.999999747378752e-05,7.0,4.0,1.0,183.0,21.0,0.0,0.0,2.0,0.0,1.0,0.0,0.0,0.0,0.0,22.0
79.11064910888672,31.150068283081055,0.0,3.0,1.0,348.0,13.0,0.0,0.0,0.0,0.0,1.0,0.0,0.580000102519989,-1.3200008869171143,0.0,62.09999465942383,9.999999747378752e-05,7.0,4.0,1.0,184.0,8.0,0.0,0.0,213.0,0.0,2.0,1.0,0.0,0.0,0.0,47.0
85.74064636230469,2.27005672454834,0.0,3.0,1.0,348.0,26.0,0.0,0.0,0.0,0.0,1.0,0.0,0.45000022649765015,-2.9000000953674316,1.0,62.09999465942383,9.999999747378752e-05,7.0,4.0,1.0,184.0,21.0,0.0,0.0,200.0,0.0,2.0,1.0,0.0,0.0,0.0,46.0
97.22481536865234,-35.4299430847168,0.0,3.0,1.0,348.0,39.0,0.0,0.0,0.0,0.0,1.0,0.0,0.3200003504753113,-2.9000000953674316,1.0,62.09999465942383,9.999999747378752e-05,7.0,4.0,1.0,184.0,34.0,0.0,0.0,187.0,0.0,2.0,1.0,0.0,0.0,0.0,34.0
104.83773803710938,-64.4299545288086,0.0,3.0,1.0,348.0,52.0,0.0,0.0,0.0,0.0,1.0,0.0,1.5184416770935059,0.0,1.0,62.09999465942383,9.999999747378752e-05,7.0,4.0,1.0,184.0,47.0,0.0,0.0,174.0,0.0,2.0,1.0,0.0,0.0,0.0,16.0
116.42788696289062,-64.55995178222656,0.0,3.0,1.0,348.0,65.0,0.0,0.0,0.0,0.0,1.0,0.0,0.5482801198959351,-0.12999999523162842,1.0,62.09999465942383,9.999999747378752e-05,7.0,4.0,1.0,184.0,60.0,0.0,0.0,161.0,0.0,2.0,1.0,0.0,0.0,0.0,13.0
122.6455307006836,-78.07994842529297,0.0,3.0,1.0,348.0,78.0,0.0,0.0,0.0,0.0,1.0,0.0,0.4182802438735962,-1.8199999332427979,1.0,62.09999465942383,9.999999747378752e-05,7.0,4.0,1.0,184.0,3.0,0.0,0.0,148.0,0.0,2.0,1.0,0.0,0.0,0.0,22.0
127.17317199707031,-111.81995391845703,0.0,3.0,1.0,348.0,91.0,0.0,0.0,0.0,0.0,1.0,0.0,0.2882803678512573,-2.9000000953674316,1.0,62.09999465942383,9.999999747378752e-05,7.0,4.0,1.0,184.0,16.0,0.0,0.0,135.0,0.0,2.0,1.0,0.0,0.0,0.0,49.0
129.5059814453125,-140.81993103027344,0.0,2.0,1.0,0.0,-1.0,0.0,0.0,0.0,0.0,1.0,0.0,0.0,0.0,1.0,62.09999465942383,9.999999747378752e-05,7.0,4.0,1.0,184.0,29.0,0.0,0.0,122.0,0.0,2.0,1.0,0.0,0.0,0.0,46.0
129.5059814453125,-140.81993103027344,0.0,2.0,1.0,0.0,-1.0,0.0,0.0,0.0,0.0,1.0,0.0,0.0,0.0,1.0,62.09999465942383,9.999999747378752e-05,7.0,4.0,1.0,184.0,42.0,0.0,0.0,109.0,0.0,2.0,1.0,0.0,0.0,0.0,52.0
129.5059814453125,-140.81993103027344,0.0,2.0,1.0,0.0,-1.0,0.0,0.0,0.0,0.0,1.0,0.0,0.0,0.0,1.0,62.09999465942383,9.999999747378752e-05,7.0,4.0,1.0,184.0,55.0,0.0,0.0,96.0,0.0,2.0,1.0,0.0,0.0,0.0,12.0
129.5059814453125,-140.81993103027344,0.0,2.0,1.0,0.0,-1.0,0.0,0.0,0.0,0.0,1.0,0.0,0.0,0.0,1.0,62.09999465942383,9.999999747378752e-05,7.0,4.0,1.0,184.0,68.0,0.0,0.0,83.0,0.0,2.0,1.0,0.0,0.0,0.0,10.0
129.5059814453125,-140.81993103027344,0.0,2.0,1.0,0.0,-1.0,0.0,0.0,0.0,0.0,1.0,0.0,0.0,0.0,1.0,62.09999465942383,9.999999747378752e-05,7.0,4.0,1.0,184.0,11.0,0.0,0.0,70.0,0.0,2.0,1.0,0.0,0.0,0.0,17.0
16.0,103.64999389648438,0.0,2.0,0.0,12.0,9.0,0.0,0.0,0.0,0.0,1.0,0.0,0.0,-1.149999976158142,0.0,62.09999465942383,9.999999747378752e-05,7.0,4.0,1.0,184.0,24.0,0.0,0.0,57.0,0.0,2.0,1.0,0.0,0.0,0.0,1.0
16.0,88.69998168945312,0.0,2.0,0.0,12.0,22.0,0.0,0.0,0.0,0.0,1.0,0.0,0.0,-1.1499996185302734,0.0,62.09999465942383,9.999999747378752e-05,7.0,4.0,1.0,184.0,37.0,0.0,0.0,44.0,0.0,2.0,1.0,0.0,0.0,0.0,12.0
16.0,73.74996185302734,0.0,2.0,0.0,12.0,35.0,0.0,0.0,0.0,0.0,1.0,0.0,0.0,-1.149998664855957,0.0,62.09999465942383,9.999999747378752e-05,7.0,4.0,1.0,184.0,50.0,0.0,0.0,31.0,0.0,2.0,1.0,0.0,0.0,0.0,12.0
16.0,58.79996871948242,0.0,2.0,0.0,12.0,48.0,0.0,0.0,0.0,0.0,1.0,0.0,0.0,-1.1499974727630615,0.0,62.09999465942383,9.999999747378752e-05,7.0,4.0,1.0,184.0,63.0,0.0,0.0,18.0,0.0,2.0,1.0,0.0,0.0,0.0,12.0
16.0,45.0,0.0,2.0,0.0,13.0,1.0,0.0,0.0,0.0,0.0,1.0,0.0,0.0,0.0,0.0,62.09999465942383,9.999999747378752e-05,7.0,4.0,1.0,184.0,6.0,0.0,0.0,5.0,0.0,2.0,1.0,0.0,0.0,0.0,45.0
11.689998626708984,2.8699989318847656,0.0,2.0,0.0,29.0,5.0,0.0,0.0,0.0,0.0,1.0,0.0,-0.5660000443458557,-3.5,0.0,62.09999465942383,9.999999747378752e-05,7.0,4.0,1.0,186.0,9.0,0.0,0.0,0.0,0.0,2.0,1.0,0.0,0.0,0.0,36.0
7.997998237609863,9.999999747378752e-05,0.0,2.0,0.0,178.0,-1.0,0.0,0.0,7.0,0.0,2.0,1.0,0.0,0.0,0.0,62.09999465942383,9.999999747378752e-05,7.0,4.0,1.0,186.0,22.0,0.0,0.0,0.0,0.0,2.0,1.0,0.0,0.0,0.0,28.0
7.997998237609863,9.999999747378752e-05,0.0,2.0,0.0,180.0,12.0,0.0,0.0,20.0,0.0,2.0,1.0,0.0,0.0,0.0,62.09999465942383,9.999999747378752e-05,7.0,4.0,1.0,14.0,5.0,0.0,0.0,0.0,0.0,2.0,1.0,0.0,0.0,0.0,51.0
7.997998237609863,9.999999747378752e-05,0.0,2.0,0.0,235.0,13.0,0.0,0.0,21.0,0.0,2.0,1.0,0.0,0.0,0.0,62.09999465942383,9.999999747378752e-05,7.0,4.0,1.0,14.0,18.0,0.0,0.0,0.0,0.0,2.0,1.0,0.0,0.0,0.0,45.0
7.997998237609863,9.999999747378752e-05,0.0,2.0,0.0,235.0,26.0,0.0,0.0,21.0,0.0,2.0,1.0,0.0,0.0,0.0,62.09999465942383,9.999999747378752e-05,7.0,4.0,1.0,14.0,31.0,0.0,0.0,0.0,0.0,2.0,1.0,0.0,0.0,0.0,29.0
7.997998237609863,9.999999747378752e-05,0.0,2.0,0.0,178.0,-1.0,0.0,0.0,6.0,0.0,2.0,1.0,0.0,0.0,0.0,62.09999465942383,9.999999747378752e-05,7.0,4.0,1.0,14.0,44.0,0.0,0.0,0.0,0.0,2.0,1.0,0.0,0.0,0.0,36.0
7.997998237609863,9.999999747378752e-05,0.0,2.0,0.0,235.0,13.0,0.0,0.0,7.0,0.0,2.0,1.0,0.0,0.0,0.0,62.09999465942383,9.999999747378752e-05,7.0,4.0,1.0,14.0,57.0,0.0,0.0,0.0,0.0,2.0,1.0,0.0,0.0,0.0,49.0
7.997998237609863,9.999999747378752e-05,0.0,2.0,0.0,235.0,26.0,0.0,0.0,7.0,0.0,2.0,1.0,0.0,0.0,0.0,62.09999465942383,9.999999747378752e-05,7.0,4.0,1.0,14.0,10.0,0.0,0.0,0.0,0.0,2.0,1.0,0.0,0.0,0.0,0.0
7.997998237609863,9.999999747378752e-05,0.0,2.0,0.0,39.0,7.0,0.0,0.0,0.0,0.0,2.0,1.0,0.0,0.0,0.0,62.09999465942383,9.999999747378752e-05,7.0,4.0,1.0,14.0,23.0,0.0,0.0,0.0,0.0,2.0,1.0,0.0,0.0,0.0,16.0
3.49564528465271,9.999999747378752e-05,0.0,2.0,1.0,60.0,10.0,0.0,0.0,0.0,0.0,2.0,1.0,0.0,0.0,0.0,62.09999465942383,9.999999747378752e-05,7.0,4.0,1.0,14.0,36.0,0.0,0.0,0.0,0.0,2.0,1.0,0.0,0.0,0.0,19.0
22.1815242767334,9.999999747378752e-05,0.0,2.0,1.0,60.0,23.0,0.0,0.0,0.0,0.0,2.0,1.0,-3.534957766532898,0.0,0.0,62.09999465942383,9.999999747378752e-05,7.0,4.0,1.0,14.0,49.0,0.0,0.0,0.0,0.0,2.0,1.0,0.0,0.0,0.0,5.0
22.245346069335938,9.999999747378752e-05,0.0,2.0,1.0,60.0,36.0,0.0,0.0,0.0,0.0,2.0,1.0,-0.02087783720344305,0.0,0.0,62.09999465942383,9.999999747378752e-05,7.0,4.0,1.0,14.0,2.0,0.0,0.0,0.0,0.0,2.0,1.0,0.0,0.0,0.0,40.0
22.34129524230957,9.999999747378752e-05,0.0,2.0,1.0,60.0,49.0,0.0,0.0,0.0,0.0,2.0,1.0,0.03405952267348766,0.0,0.0,62.09999465942383,9.999999747378752e-05,7.0,4.0,1.0,14.0,15.0,0.0,0.0,0.0,0.0,2.0,1.0,0.0,0.0,0.0,2.0
22.422353744506836,9.999999747378752e-05,0.0,2.0,1.0,18.0,3.0,0.0,0.0,0.0,0.0,2.0,1.0,0.0,0.0,0.0,62.09999465942383,9.999999747378752e-05,7.0,4.0,1.0,14.0,28.0,0.0,0.0,0.0,0.0,2.0,1.0,0.0,0.0,0.0,0.0
15.589353561401367,23.220094680786133,0.0,2.0,1.0,26.0,9.0,0.0,0.0,0.0,0.0,1.0,0.0,-0.7739999890327454,2.0599989891052246,0.0,62.09999465942383,9.999999747378752e-05,7.0,4.0,1.0,14.0,41.0,0.0,0.0,0.0,0.0,2.0,1.0,0.0,0.0,0.0,39.0
6.437352657318115,38.170082092285156,0.0,2.0,1.0,26.0,22.0,0.0,0.0,0.0,0.0,1.0,0.0,-0.6440001130104065,0.3699990510940552,0.0,62.09999465942383,9.999999747378752e-05,7.0,4.0,1.0,14.0,54.0,0.0,0.0,0.0,0.0,2.0,1.0,0.0,0.0,0.0,5.0
6.437352657318115,62.61008071899414,0.0,2.0,1.0,27.0,13.0,0.0,0.0,0.0,0.0,0.0,0.0,0.0,1.0999993085861206,0.0,62.09999465942383,9.999999747378752e-05,7.0,4.0,1.0,14.0,7.0,0.0,0.0,0.0,0.0,2.0,1.0,0.0,0.0,0.0,16.0
11.827352523803711,65.08007049560547,0.0,2.0,1.0,66.0,13.0,0.0,0.0,0.0,0.0,0.0,0.0,0.7099999785423279,-0.5900006294250488,0.0,62.09999465942383,9.999999747378752e-05,7.0,4.0,1.0,14.0,20.0,0.0,0.0,0.0,0.0,2.0,1.0,0.0,0.0,0.0,0.0
16.727352142333984,19.58007049560547,0.0,2.0,1.0,66.0,26.0,0.0,0.0,0.0,0.0,0.0,0.0,0.12400000542402267,-3.5,0.0,62.09999465942383,9.999999747378752e-05,7.0,4.0,1.0,14.0,33.0,0.0,0.0,0.0,0.0,2.0,1.0,0.0,0.0,0.0,39.0
17.261350631713867,9.999999747378752e-05,0.0,2.0,1.0,71.0,24.0,0.0,0.0,0.0,0.0,2.0,1.0,0.0,0.0,0.0,62.09999465942383,9.999999747378752e-05,7.0,4.0,1.0,14.0,46.0,0.0,0.0,0.0,0.0,2.0,1.0,0.0,0.0,0.0,21.0
17.261350631713867,9.999999747378752e-05,0.0,2.0,1.0,41.0,1.0,0.0,0.0,0.0,0.0,2.0,1.0,0.0,0.0,0.0,62.09999465942383,9.999999747378752e-05,7.0,4.0,1.0,14.0,59.0,0.0,0.0,0.0,0.0,2.0,1.0,0.0,0.0,0.0,52.0
42.841346740722656,9.999999747378752e-05,0.0,2.0,1.0,20.0,12.0,0.0,0.0,0.0,0.0,2.0,1.0,4.43999981880188,0.0,0.0,62.09999465942383,9.999999747378752e-05,7.0,4.0,1.0,14.0,12.0,0.0,0.0,0.0,0.0,2.0,1.0,0.0,0.0,0.0,5.0
60.42634963989258,23.220094680786133,0.0,2.0,1.0,25.0,9.0,0.0,0.0,0.0,0.0,1.0,0.0,1.1050000190734863,2.0599989891052246,0.0,62.09999465942383,9.999999747378752e-05,7.0,4.0,1.0,14.0,25.0,0.0,0.0,0.0,0.0,2.0,1.0,0.0,0.0,0.0,0.0
50.4183464050293,47.66008758544922,0.0,2.0,1.0,28.0,13.0,0.0,0.0,0.0,0.0,0.0,0.0,-0.7739999890327454,1.0999993085861206,0.0,62.09999465942383,9.999999747378752e-05,7.0,4.0,1.0,14.0,38.0,0.0,0.0,0.0,0.0,2.0,1.0,0.0,0.0,0.0,45.0
40.23634338378906,50.13008117675781,0.0,2.0,1.0,28.0,26.0,0.0,0.0,0.0,0.0,0.0,0.0,-0.7739999890327454,-0.5900006294250488,0.0,62.09999465942383,9.999999747378752e-05,7.0,4.0,1.0,14.0,51.0,0.0,0.0,0.0,0.0,2.0,1.0,0.0,0.0,0.0,11.0
30.054338455200195,30.63007164001465,0.0,2.0,1.0,67.0,13.0,0.0,0.0,0.0,0.0,0.0,0.0,-0.7739999890327454,-2.280000686645508,0.0,62.09999465942383,9.999999747378752e-05,7.0,4.0,1.0,14.0,64.0,0.0,0.0,0.0,0.0,2.0,1.0,0.0,0.0,0.0,33.0
24.552335739135742,9.999999747378752e-05,0.0,2.0,1.0,42.0,4.0,0.0,0.0,0.0,0.0,2.0,1.0,-0.10800012201070786,0.0,0.0,62.09999465942383,9.999999747378752e-05,7.0,4.0,1.0,14.0,2.0,0.0,0.0,0.0,0.0,2.0,1.0,0.0,0.0,0.0,31.0
24.552335739135742,9.999999747378752e-05,0.0,2.0,1.0,212.0,13.0,0.0,0.0,0.0,0.0,2.0,1.0,0.0,0.0,0.0,62.09999465942383,9.999999747378752e-05,7.0,4.0,1.0,14.0,15.0,0.0,0.0,0.0,0.0,2.0,1.0,0.0,0.0,0.0,20.0
24.552335739135742,9.999999747378752e-05,0.0,2.0,1.0,212.0,26.0,0.0,0.0,0.0,0.0,2.0,1.0,0.0,0.0,0.0,62.09999465942383,9.999999747378752e-05,7.0,4.0,1.0,14.0,28.0,0.0,0.0,0.0,0.0,2.0,1.0,0.0,0.0,0.0,45.0
24.552335739135742,9.999999747378752e-05,0.0,2.0,1.0,41.0,2.0,0.0,0.0,0.0,0.0,2.0,1.0,0.0,0.0,0.0,62.09999465942383,9.999999747378752e-05,7.0,4.0,1.0,14.0,41.0,0.0,0.0,0.0,0.0,2.0,1.0,0.0,0.0,0.0,52.0
50.13233184814453,9.999999747378752e-05,0.0,2.0,1.0,20.0,12.0,0.0,0.0,0.0,0.0,2.0,1.0,4.43999981880188,0.0,0.0,62.09999465942383,9.999999747378752e-05,7.0,4.0,1.0,14.0,54.0,0.0,0.0,0.0,0.0,2.0,1.0,0.0,0.0,0.0,22.0
71.11234283447266,9.999999747378752e-05,0.0,2.0,1.0,20.0,25.0,0.0,0.0,0.0,0.0,2.0,1.0,2.3599992990493774,0.0,0.0,62.69999313354492,9.999999747378752e-05,7.0,4.0,1.0,14.0,7.0,0.0,0.0,0.0,0.0,2.0,1.0,0.0,0.0,0.0,25.0
90.46234893798828,-1.299899935722351,0.0,2.0,1.0,29.0,5.0,0.0,0.0,0.0,0.0,1.0,0.0,1.1100000143051147,-0.5199999809265137,1.0,62.69999313354492,9.999999747378752e-05,7.0,4.0,1.0,14.0,20.0,0.0,0.0,0.0,0.0,2.0,1.0,0.0,0.0,0.0,10.0
99.48235321044922,-19.88990020751953,0.0,2.0,1.0,67.0,13.0,0.0,0.0,0.0,0.0,1.0,0.0,0.3800000548362732,-2.2100000381469727,1.0,62.69999313354492,9.999999747378752e-05,7.0,4.0,1.0,14.0,33.0,0.0,0.0,0.0,0.0,2.0,1.0,0.0,0.0,0.0,25.0
109.8123550415039,-56.08991622924805,0.0,2.0,1.0,67.0,26.0,0.0,0.0,0.0,0.0,1.0,0.0,1.090000033378601,-2.9000000953674316,1.0,62.69999313354492,9.999999747378752e-05,7.0,4.0,1.0,14.0,46.0,0.0,0.0,0.0,0.0,2.0,1.0,0.0,0.0,0.0,45.0
119.65235137939453,-101.58992004394531,0.0,2.0,1.0,29.0,4.0,0.0,0.0,0.0,0.0,1.0,0.0,0.5040003061294556,-3.5,1.0,62.69999313354492,9.999999747378752e-05,7.0,4.0,1.0,14.0,59.0,0.0,0.0,0.0,0.0,2.0,1.0,0.0,0.0,0.0,39.0
124.5363540649414,-140.0899200439453,0.0,1.0,1.0,0.0,-1.0,0.0,0.0,0.0,0.0,1.0,0.0,0.0,0.0,1.0,62.69999313354492,9.999999747378752e-05,7.0,4.0,1.0,14.0,2.0,0.0,0.0,0.0,0.0,2.0,1.0,0.0,0.0,0.0,28.0
124.5363540649414,-140.0899200439453,0.0,1.0,1.0,0.0,-1.0,0.0,0.0,0.0,0.0,1.0,0.0,0.0,0.0,1.0,62.69999313354492,9.999999747378752e-05,7.0,4.0,1.0,14.0,15.0,0.0,0.0,0.0,0.0,2.0,1.0,0.0,0.0,0.0,48.0
124.5363540649414,-140.0899200439453,0.0,1.0,1.0,0.0,-1.0,0.0,0.0,0.0,0.0,1.0,0.0,0.0,0.0,1.0,62.69999313354492,9.999999747378752e-05,7.0,4.0,1.0,14.0,28.0,0.0,0.0,0.0,0.0,2.0,1.0,0.0,0.0,0.0,44.0
124.5363540649414,-140.0899200439453,0.0,1.0,1.0,0.0,-1.0,0.0,0.0,0.0,0.0,1.0,0.0,0.0,0.0,1.0,62.69999313354492,9.999999747378752e-05,7.0,4.0,1.0,14.0,41.0,0.0,0.0,0.0,0.0,2.0,1.0,0.0,0.0,0.0,6.0
124.5363540649414,-140.0899200439453,0.0,1.0,1.0,0.0,-1.0,0.0,0.0,0.0,0.0,1.0,0.0,0.0,0.0,1.0,62.69999313354492,9.999999747378752e-05,7.0,4.0,1.0,14.0,54.0,0.0,0.0,0.0,0.0,2.0,1.0,0.0,0.0,0.0,9.0
16.0,104.79999542236328,0.0,1.0,0.0,12.0,8.0,0.0,0.0,0.0,0.0,1.0,0.0,0.0,-1.149999976158142,0.0,62.69999313354492,9.999999747378752e-05,7.0,4.0,1.0,14.0,7.0,0.0,0.0,0.0,0.0,2.0,1.0,0.0,0.0,0.0,45.0
16.0,89.8499755859375,0.0,1.0,0.0,12.0,21.0,0.0,0.0,0.0,0.0,1.0,0.0,0.0,-1.1499994993209839,0.0,62.69999313354492,9.999999747378752e-05,7.0,4.0,1.0,14.0,20.0,0.0,0.0,0.0,0.0,2.0,1.0,0.0,0.0,0.0,29.0
16.0,74.89995574951172,0.0,1.0,0.0,12.0,34.0,0.0,0.0,0.0,0.0,1.0,0.0,0.0,-1.149998426437378,0.0,62.69999313354492,9.999999747378752e-05,7.0,4.0,1.0,14.0,33.0,0.0,0.0,0.0,0.0,2.0,1.0,0.0,0.0,0.0,1.0
16.0,59.94996643066406,0.0,1.0,0.0,12.0,47.0,0.0,0.0,0.0,0.0,1.0,0.0,0.0,-1.1499974727630615,0.0,62.69999313354492,9.999999747378752e-05,7.0,4.0,1.0,14.0,46.0,0.0,0.0,0.0,0.0,2.0,1.0,0.0,0.0,0.0,20.0
16.0,45.0,0.0,1.0,0.0,12.0,60.0,0.0,0.0,0.0,0.0,1.0,0.0,0.0,-1.149993896484375,0.0,62.69999313354492,9.999999747378752e-05,7.0,4.0,1.0,14.0,59.0,0.0,0.0,0.0,0.0,2.0,1.0,0.0,0.0,0.0,49.0
16.0,45.0,0.0,1.0,0.0,13.0,13.0,0.0,0.0,0.0,0.0,1.0,0.0,0.0,0.0,0.0,62.69999313354492,9.999999747378752e-05,7.0,4.0,1.0,14.0,72.0,0.0,0.0,0.0,0.0,2.0,1.0,0.0,0.0,0.0,48.0
16.0,2.8699989318847656,0.0,1.0,0.0,29.0,5.0,0.0,0.0,0.0,0.0,1.0,0.0,0.0,-3.5,0.0,62.69999313354492,9.999999747378752e-05,7.0,4.0,1.0,14.0,10.0,0.0,0.0,0.0,0.0,2.0,1.0,0.0,0.0,0.0,30.0
16.0,9.999999747378752e-05,0.0,1.0,0.0,178.0,-1.0,0.0,0.0,6.0,0.0,2.0,1.0,0.0,0.0,0.0,62.69999313354492,9.999999747378752e-05,7.0,4.0,1.0,14.0,23.0,0.0,0.0,0.0,0.0,2.0,1.0,0.0,0.0,0.0,7.0
35.790279388427734,9.999999747378752e-05,0.0,1.0,0.0,234.0,13.0,0.0,0.0,0.0,0.0,2.0,1.0,2.9471930265426636,0.0,0.0,62.69999313354492,9.999999747378752e-05,7.0,4.0,1.0,14.0,36.0,0.0,0.0,0.0,0.0,2.0,1.0,0.0,0.0,0.0,26.0
48.69310760498047,9.999999747378752e-05,0.0,1.0,0.0,234.0,26.0,0.0,0.0,0.0,0.0,2.0,1.0,1.0869597792625427,0.0,0.0,62.69999313354492,9.999999747378752e-05,7.0,4.0,1.0,14.0,49.0,0.0,0.0,0.0,0.0,2.0,1.0,0.0,0.0,0.0,19.0
46.11389923095703,9.999999747378752e-05,0.0,1.0,0.0,14.0,1.0,0.0,0.0,-1.0,0.0,2.0,1.0,-1.0779427886009216,0.0,0.0,62.69999313354492,9.999999747378752e-05,7.0,4.0,1.0,14.0,2.0,0.0,0.0,0.0,0.0,2.0,1.0,0.0,0.0,0.0,14.0
44.56006622314453,9.999999747378752e-05,0.0,1.0,0.0,63.0,8.0,0.0,0.0,-1.0,0.0,2.0,1.0,0.0,0.0,0.0,62.69999313354492,9.999999747378752e-05,7.0,4.0,1.0,14.0,15.0,0.0,0.0,0.0,0.0,2.0,1.0,0.0,0.0,0.0,40.0
44.56006622314453,9.999999747378752e-05,0.0,1.0,0.0,63.0,21.0,0.0,0.0,-1.0,0.0,2.0,1.0,0.0,0.0,0.0,62.69999313354492,9.999999747378752e-05,7.0,4.0,1.0,14.0,28.0,0.0,0.0,0.0,0.0,2.0,1.0,0.0,0.0,0.0,51.0
44.56006622314453,9.999999747378752e-05,0.0,1.0,0.0,63.0,34.0,0.0,0.0,-1.0,0.0,2.0,1.0,0.0,0.0,0.0,62.69999313354492,9.999999747378752e-05,7.0,4.0,1.0,14.0,41.0,0.0,0.0,0.0,0.0,2.0,1.0,0.0,0.0,0.0,34.0
44.56006622314453,9.999999747378752e-05,0.0,1.0,0.0,178.0,-1.0,0.0,0.0,7.0,0.0,2.0,1.0,0.0,0.0,0.0,62.69999313354492,9.999999747378752e-05,7.0,4.0,1.0,14.0,54.0,0.0,0.0,0.0,0.0,2.0,1.0,0.0,0.0,0.0,51.0
44.56006622314453,9.999999747378752e-05,0.0,1.0,0.0,235.0,12.0,0.0,0.0,9.0,0.0,2.0,1.0,0.0,0.0,0.0,62.69999313354492,9.999999747378752e-05,7.0,4.0,1.0,14.0,7.0,0.0,0.0,0.0,0.0,2.0,1.0,0.0,0.0,0.0,25.0
44.56006622314453,9.999999747378752e-05,0.0,1.0,0.0,235.0,25.0,0.0,0.0,9.0,0.0,2.0,1.0,0.0,0.0,0.0,62.69999313354492,9.999999747378752e-05,7.0,4.0,1.0,14.0,20.0,0.0,0.0,0.0,0.0,2.0,1.0,0.0,0.0,0.0,22.0
44.56006622314453,9.999999747378752e-05,0.0,1.0,0.0,14.0,6.0,0.0,0.0,9.0,0.0,2.0,1.0,0.0,0.0,0.0,62.69999313354492,9.999999747378752e-05,7.0,4.0,1.0,14.0,33.0,0.0,0.0,0.0,0.0,2.0,1.0,0.0,0.0,0.0,16.0
40.057716369628906,9.999999747378752e-05,0.0,1.0,1.0,60.0,10.0,0.0,0.0,9.0,0.0,2.0,1.0,0.0,0.0,0.0,62.69999313354492,9.999999747378752e-05,7.0,4.0,1.0,14.0,46.0,0.0,0.0,0.0,0.0,2.0,1.0,0.0,0.0,0.0,21.0
54.08189392089844,9.999999747378752e-05,0.0,1.0,1.0,60.0,19.0,0.0,5.0,9.0,0.0,2.0,1.0,12.071132183074951,0.0,0.0,62.69999313354492,9.999999747378752e-05,27.0,4.0,0.0,88.0,1.0,0.0,5.0,33.0,0.0,1.0,0.0,1.7980390787124634,1.7363462448120117,0.0,7.0
58.80344772338867,9.999999747378752e-05,0.0,1.0,1.0,60.0,28.0,0.0,0.0,9.0,0.0,2.0,1.0,0.24286650866270065,0.0,0.0,77.23146057128906,8.182975769042969,27.0,4.0,0.0,88.0,10.0,0.0,0.0,24.0,0.0,1.0,0.0,1.4678623676300049,0.24749815464019775,0.0,27.0
58.802127838134766,9.999999747378752e-05,0.0,1.0,1.0,60.0,41.0,0.0,0.0,9.0,0.0,2.0,1.0,0.011215209495276213,0.0,0.0,92.9752197265625,-3.6534595489501953,27.0,4.0,0.0,88.0,23.0,0.0,0.0,11.0,0.0,1.0,0.0,0.9909403920173645,-1.9030609130859375,1.0,23.0
58.94642639160156,9.999999747378752e-05,0.0,1.0,1.0,60.0,54.0,0.0,0.0,9.0,0.0,2.0,1.0,0.002368927001953125,0.0,0.0,102.51898193359375,-32.13715362548828,27.0,4.0,0.0,38.0,3.0,0.0,0.0,0.0,0.0,1.0,0.0,0.5140179395675659,-2.403618812561035,1.0,37.0
58.984432220458984,9.999999747378752e-05,0.0,1.0,1.0,178.0,-1.0,0.0,0.0,7.0,0.0,2.0,1.0,0.0,0.0,0.0,105.86276245117188,-66.6081314086914,27.0,4.0,0.0,38.0,16.0,0.0,0.0,0.0,0.0,1.0,0.0,0.03709564730525017,-2.864177256822586,1.0,17.0
65.03343963623047,21.16009521484375,0.0,1.0,1.0,25.0,8.0,0.0,0.0,0.0,0.0,1.0,0.0,0.7739999890327454,2.1899991035461426,0.0,105.86317443847656,-104.30775451660156,27.0,4.0,0.0,38.0,29.0,0.0,0.0,0.0,0.0,1.0,0.0,0.0,-2.9000000953674316,1.0,8.0
75.04141235351562,45.6000862121582,0.0,1.0,1.0,27.0,13.0,0.0,0.0,0.0,0.0,0.0,0.0,0.7739999890327454,1.0999993085861206,0.0,105.86317443847656,-142.0077362060547,0.0,3.0,0.0,0.0,-1.0,0.0,0.0,0.0,0.0,1.0,0.0,0.0,0.0,1.0,16.0
88.76142883300781,48.07007598876953,0.0,1.0,1.0,66.0,13.0,0.0,0.0,0.0,0.0,0.0,0.0,1.1100000143051147,-0.5900006294250488,1.0,105.86317443847656,-142.0077362060547,0.0,3.0,0.0,0.0,-1.0,0.0,0.0,0.0,0.0,1.0,0.0,0.0,0.0,1.0,9.0
98.8614273071289,2.5700759887695312,0.0,1.0,1.0,66.0,26.0,0.0,0.0,0.0,0.0,0.0,0.0,0.5240002870559692,-3.5,1.0,105.86317443847656,-142.0077362060547,0.0,3.0,0.0,0.0,-1.0,0.0,0.0,0.0,0.0,1.0,0.0,0.0,0.0,1.0,48.0
104.763427734375,-42.92992401123047,0.0,1.0,1.0,66.0,39.0,0.0,0.0,0.0,0.0,0.0,0.0,0.39400041103363037,-3.5,1.0,105.86317443847656,-142.0077362060547,0.0,3.0,0.0,0.0,-1.0,0.0,0.0,0.0,0.0,1.0,0.0,0.0,0.0,1.0,39.0
108.9754409790039,-88.42992401123047,0.0,1.0,1.0,29.0,5.0,0.0,0.0,0.0,0.0,0.0,0.0,0.2640005350112915,-3.5,1.0,105.86317443847656,-142.0077362060547,0.0,3.0,0.0,0.0,-1.0,0.0,0.0,0.0,0.0,1.0,0.0,0.0,0.0,1.0,9.0
108.09745025634766,-133.929931640625,0.0,1.0,1.0,67.0,13.0,0.0,0.0,0.0,0.0,0.0,0.0,-0.3019995093345642,-3.5,1.0,-50.0,107.0999984741211,0.0,3.0,1.0,12.0,6.0,0.0,0.0,0.0,0.0,1.0,0.0,0.0,-1.149999976158142,0.0,28.0
107.3134536743164,-140.929931640625,0.0,0.0,1.0,0.0,-1.0,0.0,0.0,0.0,0.0,0.0,0.0,0.0,0.0,1.0,-50.0,104.79999542236328,0.0,3.0,1.0,12.0,19.0,0.0,0.0,0.0,0.0,1.0,0.0,0.0,-1.149999976158142,0.0,12.0
107.3134536743164,-140.929931640625,0.0,0.0,1.0,0.0,-1.0,0.0,0.0,0.0,0.0,0.0,0.0,0.0,0.0,1.0,-50.0,104.79999542236328,0.0,3.0,1.0,12.0,32.0,0.0,0.0,0.0,0.0,1.0,0.0,0.0,-1.149999976158142,0.0,12.0
107.3134536743164,-140.929931640625,0.0,0.0,1.0,0.0,-1.0,0.0,0.0,0.0,0.0,0.0,0.0,0.0,0.0,1.0,-50.0,104.79999542236328,0.0,3.0,1.0,12.0,45.0,0.0,0.0,0.0,0.0,1.0,0.0,0.0,-1.149999976158142,0.0,3.0
107.3134536743164,-140.929931640625,0.0,0.0,1.0,0.0,-1.0,0.0,0.0,0.0,0.0,0.0,0.0,0.0,0.0,1.0,-50.0,104.79999542236328,0.0,3.0,1.0,12.0,58.0,0.0,0.0,0.0,0.0,1.0,0.0,0.0,-1.149999976158142,0.0,9.0
107.3134536743164,-140.929931640625,0.0,0.0,1.0,0.0,-1.0,0.0,0.0,0.0,0.0,0.0,0.0,0.0,0.0,1.0,-50.0,104.79999542236328,0.0,3.0,1.0,12.0,71.0,0.0,0.0,0.0,0.0,1.0,0.0,0.0,-1.149999976158142,0.0,36.0
107.3134536743164,-140.929931640625,0.0,0.0,1.0,0.0,-1.0,0.0,0.0,0.0,0.0,0.0,0.0,0.0,0.0,1.0,-50.0,104.79999542236328,0.0,3.0,1.0,12.0,84.0,0.0,0.0,0.0,0.0,1.0,0.0,0.0,-1.149999976158142,0.0,27.0
107.3134536743164,-140.929931640625,0.0,0.0,1.0,0.0,-1.0,0.0,0.0,0.0,0.0,0.0,0.0,0.0,0.0,1.0,-50.0,104.79999542236328,0.0,3.0,1.0,12.0,97.0,0.0,0.0,0.0,0.0,1.0,0.0,0.0,-1.149999976158142,0.0,39.0
107.3134536743164,-140.929931640625,0.0,0.0,1.0,0.0,-1.0,0.0,0.0,0.0,0.0,0.0,0.0,0.0,0.0,1.0,-50.0,104.79999542236328,0.0,3.0,1.0,12.0,110.0,0.0,0.0,0.0,0.0,1.0,0.0,0.0,-1.149999976158142,0.0,18.0
-60.0,10.0,0.0,4.0,1.0,322.0,-1.0,0.0,0.0,0.0,0.0,1.0,0.0,0.0,0.0,0.0,60.0,10.0,0.0,4.0,0.0,322.0,-1.0,0.0,0.0,0.0,0.0,1.0,0.0,0.0,0.0,0.0,8.0
-60.0,10.439221382141113,0.0,4.0,1.0,323.0,8.0,0.0,0.0,0.0,0.0,1.0,0.0,0.0,0.0,0.0,60.0,10.164708137512207,0.0,4.0,0.0,323.0,3.0,0.0,0.0,0.0,0.0,1.0,0.0,0.0,0.0,0.0,10.0
-60.0,11.152956008911133,0.0,4.0,1.0,323.0,21.0,0.0,0.0,0.0,0.0,1.0,0.0,0.0,0.0,0.0,60.0,10.878442764282227,0.0,4.0,0.0,323.0,16.0,0.0,0.0,0.0,0.0,1.0,0.0,0.0,0.0,0.0,49.0
-60.0,11.427469253540039,0.0,4.0,1.0,324.0,-1.0,0.0,0.0,0.0,0.0,1.0,0.0,0.0,0.0,0.0,60.0,11.59217643737793,0.0,4.0,0.0,323.0,29.0,0.0,0.0,0.0,0.0,1.0,0.0,0.0,0.0,0.0,19.0
-60.0,10.71373462677002,0.0,4.0,1.0,324.0,-1.0,0.0,0.0,0.0,0.0,1.0,0.0,0.0,0.0,0.0,60.0,10.988247871398926,0.0,4.0,0.0,324.0,-1.0,0.0,0.0,0.0,0.0,1.0,0.0,0.0,0.0,0.0,46.0
-60.0,9.924901962280273,0.0,4.0,1.0,29.0,1.0,0.0,0.0,0.0,0.0,1.0,0.0,0.0,-0.12999999523162842,0.0,60.0,10.274513244628906,0.0,4.0,0.0,324.0,-1.0,0.0,0.0,0.0,0.0,1.0,0.0,0.0,0.0,0.0,26.0
-60.0,9.989738464355469e-05,0.0,4.0,1.0,42.0,1.0,0.0,0.0,0.0,0.0,2.0,1.0,0.0,-1.8199999332427979,0.0,60.0,4.204902648925781,0.0,4.0,0.0,29.0,1.0,0.0,0.0,0.0,0.0,1.0,0.0,0.0,-1.1699999570846558,0.0,35.0
-60.0,9.999999747378752e-05,0.0,4.0,1.0,178.0,-1.0,0.0,0.0,6.0,0.0,2.0,1.0,0.0,0.0,0.0,60.0,9.999999747378752e-05,0.0,4.0,0.0,42.0,9.0,0.0,0.0,0.0,0.0,2.0,1.0,0.0,0.0,0.0,10.0
-79.790283203125,9.999999747378752e-05,0.0,4.0,1.0,234.0,13.0,0.0,0.0,0.0,0.0,2.0,1.0,-2.947193145751953,0.0,0.0,60.0,9.999999747378752e-05,0.0,4.0,0.0,42.0,22.0,0.0,0.0,0.0,0.0,2.0,1.0,0.0,0.0,0.0,28.0
-85.5656967163086,0.0,0.0,4.0,1.0,234.0,26.0,0.0,0.0,0.0,0.0,2.0,1.0,-1.0869598388671875,0.0,0.0,60.0,9.999999747378752e-05,0.0,4.0,0.0,14.0,5.0,0.0,0.0,0.0,0.0,2.0,1.0,0.0,0.0,0.0,35.0
-85.590576171875,9.999999747378752e-05,0.0,4.0,1.0,178.0,-1.0,0.0,0.0,7.0,0.0,2.0,1.0,0.0,0.0,0.0,60.0,9.999999747378752e-05,0.0,4.0,0.0,14.0,18.0,0.0,0.0,0.0,0.0,2.0,1.0,0.0,0.0,0.0,16.0
-85.590576171875,9.999999747378752e-05,0.0,4.0,1.0,180.0,12.0,0.0,0.0,20.0,0.0,2.0,1.0,0.0,0.0,0.0,60.0,9.999999747378752e-05,0.0,4.0,0.0,14.0,31.0,0.0,0.0,0.0,0.0,2.0,1.0,0.0,0.0,0.0,37.0
-85.590576171875,9.999999747378752e-05,0.0,4.0,1.0,180.0,0.0,0.0,0.0,9.0,0.0,2.0,1.0,0.0,0.0,0.0,60.0,9.999999747378752e-05,0.0,4.0,0.0,14.0,44.0,0.0,0.0,0.0,0.0,2.0,1.0,0.0,0.0,0.0,18.0
-85.590576171875,9.999999747378752e-05,0.0,4.0,1.0,235.0,13.0,0.0,0.0,10.0,0.0,2.0,1.0,0.0,0.0,0.0,60.0,9.999999747378752e-05,0.0,4.0,0.0,14.0,57.0,0.0,0.0,0.0,0.0,2.0,1.0,0.0,0.0,0.0,4.0
-85.590576171875,9.999999747378752e-05,0.0,4.0,1.0,235.0,26.0,0.0,0.0,10.0,0.0,2.0,1.0,0.0,0.0,0.0,60.0,9.999999747378752e-05,0.0,4.0,0.0,14.0,10.0,0.0,0.0,0.0,0.0,2.0,1.0,0.0,0.0,0.0,3.0
-85.590576171875,9.999999747378752e-05,0.0,4.0,1.0,39.0,7.0,0.0,0.0,0.0,0.0,2.0,1.0,0.0,0.0,0.0,60.0,9.999999747378752e-05,0.0,4.0,0.0,14.0,23.0,0.0,0.0,0.0,0.0,2.0,1.0,0.0,0.0,0.0,35.0
-85.590576171875,9.999999747378752e-05,0.0,4.0,1.0,63.0,8.0,0.0,0.0,0.0,0.0,2.0,1.0,0.0,0.0,0.0,60.0,9.999999747378752e-05,0.0,4.0,0.0,14.0,36.0,0.0,0.0,0.0,0.0,2.0,1.0,0.0,0.0,0.0,26.0
-85.590576171875,9.999999747378752e-05,0.0,4.0,1.0,63.0,21.0,0.0,0.0,0.0,0.0,2.0,1.0,0.0,0.0,0.0,60.0,9.999999747378752e-05,0.0,4.0,0.0,14.0,49.0,0.0,0.0,0.0,0.0,2.0,1.0,0.0,0.0,0.0,31.0
-85.590576171875,9.999999747378752e-05,0.0,4.0,1.0,63.0,34.0,0.0,0.0,0.0,0.0,2.0,1.0,0.0,0.0,0.0,60.0,9.999999747378752e-05,0.0,4.0,0.0,14.0,2.0,0.0,0.0,0.0,0.0,2.0,1.0,0.0,0.0,0.0,35.0
-85.590576171875,9.999999747378752e-05,0.0,4.0,1.0,178.0,-1.0,0.0,0.0,7.0,0.0,2.0,1.0,0.0,0.0,0.0,60.0,9.999999747378752e-05,0.0,4.0,0.0,14.0,15.0,0.0,0.0,0.0,0.0,2.0,1.0,0.0,0.0,0.0,51.0
-85.590576171875,9.999999747378752e-05,0.0,4.0,1.0,235.0,12.0,0.0,0.0,9.0,0.0,2.0,1.0,0.0,0.0,0.0,60.0,9.999999747378752e-05,0.0,4.0,0.0,14.0,28.0,0.0,0.0,0.0,0.0,2.0,1.0,0.0,0.0,0.0,18.0
-85.590576171875,9.999999747378752e-05,0.0,4.0,1.0,235.0,25.0,0.0,0.0,9.0,0.0,2.0,1.0,0.0,0.0,0.0,60.0,9.999999747378752e-05,0.0,4.0,0.0,14.0,41.0,0.0,0.0,0.0,0.0,2.0,1.0,0.0,0.0,0.0,36.0
-85.590576171875,9.999999747378752e-05,0.0,4.0,1.0,178.0,-1.0,0.0,0.0,5.0,0.0,2.0,1.0,0.0,0.0,0.0,60.0,9.999999747378752e-05,0.0,4.0,0.0,14.0,54.0,0.0,0.0,0.0,0.0,2.0,1.0,0.0,0.0,0.0,38.0
-85.5656967163086,0.0,0.0,4.0,1.0,234.0,13.0,0.0,0.0,0.0,0.0,2.0,1.0,-2.947193145751953,0.0,0.0,60.0,9.999999747378752e-05,0.0,4.0,0.0,14.0,67.0,0.0,0.0,0.0,0.0,2.0,1.0,0.0,0.0,0.0,50.0
-85.5656967163086,0.0,0.0,4.0,1.0,234.0,26.0,0.0,0.0,0.0,0.0,2.0,1.0,-1.0869598388671875,0.0,0.0,60.0,9.999999747378752e-05,0.0,4.0,0.0,14.0,5.0,0.0,0.0,0.0,0.0,2.0,1.0,0.0,0.0,0.0,13.0
-85.590576171875,9.999999747378752e-05,0.0,4.0,1.0,14.0,8.0,0.0,0.0,0.0,0.0,2.0,1.0,0.0,0.0,0.0,60.0,9.999999747378752e-05,0.0,4.0,0.0,14.0,18.0,0.0,0.0,0.0,0.0,2.0,1.0,0.0,0.0,0.0,41.0
-85.590576171875,21.16009521484375,0.0,4.0,1.0,25.0,8.0,0.0,0.0,0.0,0.0,1.0,0.0,0.0,2.1899991035461426,1.0,60.0,9.999999747378752e-05,0.0,4.0,0.0,14.0,31.0,0.0,0.0,0.0,0.0,2.0,1.0,0.0,0.0,0.0,51.0
-81.28057861328125,37.80008316040039,0.0,4.0,1.0,25.0,21.0,0.0,0.0,0.0,0.0,1.0,0.0,0.5660000443458557,0.4999990463256836,0.0,60.0,9.999999747378752e-05,0.0,4.0,0.0,14.0,44.0,0.0,0.0,0.0,0.0,2.0,1.0,0.0,0.0,0.0,39.0
-74.83258056640625,32.470069885253906,0.0,4.0,1.0,25.0,34.0,0.0,0.0,0.0,0.0,1.0,0.0,0.43600016832351685,-1.1900008916854858,0.0,60.0,9.999999747378752e-05,0.0,4.0,0.0,14.0,57.0,0.0,0.0,0.0,0.0,2.0,1.0,0.0,0.0,0.0,9.0
-73.21658325195312,9.999999747378752e-05,0.0,4.0,1.0,72.0,4.0,0.0,0.0,0.0,0.0,2.0,1.0,0.0,0.0,0.0,60.0,9.999999747378752e-05,0.0,4.0,0.0,14.0,10.0,0.0,0.0,0.0,0.0,2.0,1.0,0.0,0.0,0.0,20.0
-73.21658325195312,9.999999747378752e-05,0.0,4.0,1.0,72.0,26.0,0.0,0.0,0.0,0.0,2.0,1.0,0.0,0.0,0.0,60.0,9.999999747378752e-05,0.0,4.0,0.0,14.0,23.0,0.0,0.0,0.0,0.0,2.0,1.0,0.0,0.0,0.0,22.0
-73.21658325195312,9.999999747378752e-05,0.0,4.0,1.0,14.0,11.0,0.0,0.0,0.0,0.0,2.0,1.0,0.0,0.0,0.0,60.0,9.999999747378752e-05,0.0,4.0,0.0,14.0,36.0,0.0,0.0,0.0,0.0,2.0,1.0,0.0,0.0,0.0,35.0
-73.21658325195312,9.999999747378752e-05,0.0,4.0,1.0,212.0,13.0,0.0,0.0,0.0,0.0,2.0,1.0,0.0,0.0,0.0,60.0,9.999999747378752e-05,0.0,4.0,0.0,14.0,49.0,0.0,0.0,0.0,0.0,2.0,1.0,0.0,0.0,0.0,9.0
-73.21658325195312,9.999999747378752e-05,0.0,4.0,1.0,212.0,26.0,0.0,0.0,0.0,0.0,2.0,1.0,0.0,0.0,0.0,60.0,9.999999747378752e-05,0.0,4.0,0.0,14.0,2.0,0.0,0.0,0.0,0.0,2.0,1.0,0.0,0.0,0.0,0.0
-73.21658325195312,9.999999747378752e-05,0.0,4.0,1.0,41.0,2.0,0.0,0.0,0.0,0.0,2.0,1.0,0.0,0.0,0.0,60.0,9.999999747378752e-05,0.0,4.0,0.0,14.0,15.0,0.0,0.0,0.0,0.0,2.0,1.0,0.0,0.0,0.0,20.0
-75.6336441040039,9.999994654208422e-05,0.0,4.0,1.0,353.0,13.0,0.0,0.0,0.0,0.0,0.0,1.0,0.0,0.0009842673316597939,0.0,60.0,9.999999747378752e-05,0.0,4.0,0.0,14.0,28.0,0.0,0.0,0.0,0.0,2.0,1.0,0.0,0.0,0.0,31.0
-72.50593566894531,40.71786880493164,0.0,4.0,1.0,353.0,26.0,0.0,0.0,0.0,0.0,0.0,0.0,0.24059629440307617,1.5610313415527344,0.0,60.0,9.999999747378752e-05,0.0,4.0,0.0,14.0,41.0,0.0,0.0,0.0,0.0,2.0,1.0,0.0,0.0,0.0,7.0
-65.94618225097656,48.48308181762695,0.0,4.0,1.0,353.0,39.0,0.0,0.0,0.0,0.0,0.0,0.0,0.24059629440307617,-0.3149833679199219,0.0,60.0,9.999999747378752e-05,0.0,4.0,0.0,14.0,54.0,0.0,0.0,0.0,0.0,2.0,1.0,0.0,0.0,0.0,5.0
-62.81843948364258,33.03071212768555,0.0,4.0,1.0,353.0,52.0,0.0,0.0,0.0,0.0,0.0,0.0,0.24059677124023438,-1.65423583984375,0.0,60.0,9.999999747378752e-05,0.0,4.0,0.0,14.0,7.0,0.0,0.0,0.0,0.0,2.0,1.0,0.0,0.0,0.0,5.0
-59.700679779052734,12.82229232788086,0.0,4.0,1.0,35.0,1.0,0.0,0.0,0.0,0.0,0.0,0.0,0.23059676587581635,-1.386290431022644,0.0,60.0,9.999999747378752e-05,0.0,4.0,0.0,14.0,20.0,0.0,0.0,0.0,0.0,2.0,1.0,0.0,0.0,0.0,17.0
-54.25492858886719,9.999999747378752e-05,0.0,4.0,1.0,43.0,6.0,0.0,0.0,0.0,0.0,2.0,1.0,0.42919357120990753,0.0,0.0,60.0,9.999999747378752e-05,0.0,4.0,0.0,14.0,33.0,0.0,0.0,0.0,0.0,2.0,1.0,0.0,0.0,0.0,17.0
-54.06573486328125,9.999999747378752e-05,0.0,4.0,1.0,43.0,19.0,0.0,0.0,0.0,0.0,2.0,1.0,0.0,0.0,0.0,60.0,9.999999747378752e-05,0.0,4.0,0.0,14.0,46.0,0.0,0.0,0.0,0.0,2.0,1.0,0.0,0.0,0.0,2.0
-54.06573486328125,9.999999747378752e-05,0.0,4.0,1.0,18.0,2.0,0.0,0.0,0.0,0.0,2.0,1.0,0.0,0.0,0.0,60.0,9.999999747378752e-05,0.0,4.0,0.0,14.0,59.0,0.0,0.0,0.0,0.0,2.0,1.0,0.0,0.0,0.0,49.0
-54.06573486328125,9.999999747378752e-05,0.0,4.0,0.0,14.0,4.0,0.0,0.0,0.0,0.0,2.0,1.0,0.0,0.0,0.0,60.0,9.999999747378752e-05,0.0,4.0,0.0,14.0,72.0,0.0,0.0,0.0,0.0,2.0,1.0,0.0,0.0,0.0,5.0
-54.06573486328125,23.220094680786133,0.0,4.0,0.0,25.0,9.0,0.0,0.0,0.0,0.0,1.0,0.0,0.0,2.0599989891052246,0.0,60.0,9.999999747378752e-05,0.0,4.0,0.0,14.0,10.0,0.0,0.0,0.0,0.0,2.0,1.0,0.0,0.0,0.0,44.0
-44.05773162841797,47.66008758544922,0.0,4.0,0.0,28.0,13.0,0.0,0.0,0.0,0.0,0.0,0.0,0.7739999890327454,1.0999993085861206,0.0,60.0,9.999999747378752e-05,0.0,4.0,0.0,14.0,23.0,0.0,0.0,0.0,0.0,2.0,1.0,0.0,0.0,0.0,8.0
-33.875728607177734,50.13008117675781,0.0,4.0,0.0,28.0,26.0,0.0,0.0,0.0,0.0,0.0,0.0,0.7739999890327454,-0.5900006294250488,0.0,60.0,9.999999747378752e-05,0.0,4.0,0.0,14.0,36.0,0.0,0.0,0.0,0.0,2.0,1.0,0.0,0.0,0.0,37.0
-29.223726272583008,30.63007164001465,0.0,4.0,0.0,32.0,4.0,0.0,0.0,0.0,0.0,0.0,0.0,0.043999962508678436,-2.280000686645508,0.0,60.0,9.999999747378752e-05,0.0,4.0,0.0,14.0,49.0,0.0,0.0,0.0,0.0,2.0,1.0,0.0,0.0,0.0,2.0
-32.891727447509766,9.999999747378752e-05,0.0,4.0,0.0,42.0,2.0,0.0,0.0,0.0,0.0,2.0,1.0,-0.9040001034736633,0.0,0.0,60.0,9.999999747378752e-05,0.0,4.0,0.0,14.0,2.0,0.0,0.0,0.0,0.0,2.0,1.0,0.0,0.0,0.0,30.0
-33.95173263549805,9.999999747378752e-05,0.0,4.0,0.0,235.0,10.0,0.0,0.0,1.0,0.0,2.0,1.0,0.0,0.0,0.0,60.0,9.999999747378752e-05,0.0,4.0,0.0,14.0,15.0,0.0,0.0,0.0,0.0,2.0,1.0,0.0,0.0,0.0,52.0
-33.95173263549805,9.999999747378752e-05,0.0,4.0,0.0,235.0,23.0,0.0,0.0,1.0,0.0,2.0,1.0,0.0,0.0,0.0,60.0,9.999999747378752e-05,0.0,4.0,0.0,14.0,28.0,0.0,0.0,0.0,0.0,2.0,1.0,0.0,0.0,0.0,39.0
-33.95173263549805,9.999999747378752e-05,0.0,4.0,0.0,178.0,-1.0,0.0,0.0,3.0,0.0,2.0,1.0,0.0,0.0,0.0,60.0,9.999999747378752e-05,0.0,4.0,0.0,14.0,41.0,0.0,0.0,0.0,0.0,2.0,1.0,0.0,0.0,0.0,8.0
-14.161447525024414,9.999999747378752e-05,0.0,4.0,0.0,234.0,13.0,0.0,0.0,0.0,0.0,2.0,1.0,2.9471930265426636,0.0,0.0,60.0,9.999999747378752e-05,0.0,4.0,0.0,14.0,54.0,0.0,0.0,0.0,0.0,2.0,1.0,0.0,0.0,0.0,51.0
-1.2586097717285156,9.999999747378752e-05,0.0,4.0,0.0,234.0,26.0,0.0,0.0,0.0,0.0,2.0,1.0,1.0869597792625427,0.0,0.0,60.0,9.999999747378752e-05,0.0,4.0,0.0,14.0,67.0,0.0,0.0,0.0,0.0,2.0,1.0,0.0,0.0,0.0,37.0
-0.08887875825166702,9.999999747378752e-05,0.0,4.0,0.0,178.0,-1.0,0.0,0.0,7.0,0.0,2.0,1.0,0.0,0.0,0.0,60.0,9.999999747378752e-05,0.0,4.0,0.0,14.0,5.0,0.0,0.0,0.0,0.0,2.0,1.0,0.0,0.0,0.0,16.0
-0.08887875825166702,9.999999747378752e-05,0.0,4.0,0.0,180.0,12.0,0.0,0.0,20.0,0.0,2.0,1.0,0.0,0.0,0.0,60.0,9.999999747378752e-05,0.0,4.0,0.0,14.0,18.0,0.0,0.0,0.0,0.0,2.0,1.0,0.0,0.0,0.0,37.0
-0.08887875825166702,9.999999747378752e-05,0.0,4.0,0.0,180.0,0.0,0.0,0.0,9.0,0.0,2.0,1.0,0.0,0.0,0.0,60.0,9.999999747378752e-05,0.0,4.0,0.0,14.0,31.0,0.0,0.0,0.0,0.0,2.0,1.0,0.0,0.0,0.0,48.0
-0.08887875825166702,9.999999747378752e-05,0.0,4.0,0.0,235.0,13.0,0.0,0.0,10.0,0.0,2.0,1.0,0.0,0.0,0.0,60.0,9.999999747378752e-05,0.0,4.0,0.0,14.0,44.0,0.0,0.0,0.0,0.0,2.0,1.0,0.0,0.0,0.0,8.0
-0.08887875825166702,9.999999747378752e-05,0.0,4.0,0.0,235.0,26.0,0.0,0.0,10.0,0.0,2.0,1.0,0.0,0.0,0.0,60.0,9.999999747378752e-05,0.0,4.0,0.0,14.0,57.0,0.0,0.0,0.0,0.0,2.0,1.0,0.0,0.0,0.0,51.0
-0.08887875825166702,9.999999747378752e-05,0.0,4.0,0.0,39.0,7.0,0.0,0.0,0.0,0.0,2.0,1.0,0.0,0.0,0.0,60.0,9.999999747378752e-05,0.0,4.0,0.0,14.0,10.0,0.0,0.0,0.0,0.0,2.0,1.0,0.0,0.0,0.0,11.0
-0.08887875825166702,9.999999747378752e-05,0.0,4.0,0.0,63.0,8.0,0.0,0.0,0.0,0.0,2.0,1.0,0.0,0.0,0.0,60.0,9.999999747378752e-05,0.0,4.0,0.0,14.0,23.0,0.0,0.0,0.0,0.0,2.0,1.0,0.0,0.0,0.0,16.0
-0.08887875825166702,9.999999747378752e-05,0.0,4.0,0.0,63.0,21.0,0.0,0.0,0.0,0.0,2.0,1.0,0.0,0.0,0.0,60.0,9.999999747378752e-05,0.0,4.0,0.0,14.0,36.0,0.0,0.0,0.0,0.0,2.0,1.0,0.0,0.0,0.0,18.0
-0.08887875825166702,9.999999747378752e-05,0.0,4.0,0.0,63.0,34.0,0.0,0.0,0.0,0.0,2.0,1.0,0.0,0.0,0.0,60.0,9.999999747378752e-05,0.0,4.0,0.0,14.0,49.0,0.0,0.0,0.0,0.0,2.0,1.0,0.0,0.0,0.0,9.0
-0.08887875825166702,9.999999747378752e-05,0.0,4.0,0.0,41.0,1.0,0.0,0.0,0.0,0.0,2.0,1.0,0.0,0.0,0.0,60.0,9.999999747378752e-05,0.0,4.0,0.0,14.0,2.0,0.0,0.0,0.0,0.0,2.0,1.0,0.0,0.0,0.0,5.0
-0.08887875825166702,23.220094680786133,0.0,4.0,0.0,25.0,9.0,0.0,0.0,0.0,0.0,1.0,0.0,0.0,2.0599989891052246,0.0,60.0,9.999999747378752e-05,0.0,4.0,0.0,14.0,15.0,0.0,0.0,0.0,0.0,2.0,1.0,0.0,0.0,0.0,34.0
5.301120758056641,38.17007827758789,0.0,4.0,0.0,67.0,13.0,0.0,0.0,0.0,0.0,1.0,0.0,0.7099999785423279,0.3699990510940552,0.0,60.0,9.999999747378752e-05,0.0,4.0,0.0,14.0,28.0,0.0,0.0,0.0,0.0,2.0,1.0,0.0,0.0,0.0,45.0
10.201118469238281,3.5000762939453125,0.0,4.0,0.0,67.0,26.0,0.0,0.0,0.0,0.0,1.0,0.0,0.12400000542402267,-3.5,0.0,60.0,9.999999747378752e-05,0.0,4.0,0.0,14.0,41.0,0.0,0.0,0.0,0.0,2.0,1.0,0.0,0.0,0.0,40.0
10.443119049072266,9.999999747378752e-05,0.0,4.0,0.0,178.0,-1.0,0.0,0.0,7.0,0.0,2.0,1.0,0.0,0.0,0.0,60.0,9.999999747378752e-05,0.0,4.0,0.0,14.0,54.0,0.0,0.0,0.0,0.0,2.0,1.0,0.0,0.0,0.0,8.0
16.49212074279785,21.16009521484375,0.0,4.0,0.0,26.0,8.0,0.0,0.0,0.0,0.0,1.0,0.0,0.7739999890327454,2.1899991035461426,0.0,60.0,9.999999747378752e-05,0.0,4.0,0.0,14.0,67.0,0.0,0.0,0.0,0.0,2.0,1.0,0.0,0.0,0.0,31.0
25.644121170043945,37.80008316040039,0.0,4.0,0.0,65.0,13.0,0.0,0.0,0.0,0.0,1.0,0.0,0.6440001130104065,0.4999990463256836,0.0,60.0,9.999999747378752e-05,0.0,4.0,0.0,14.0,5.0,0.0,0.0,0.0,0.0,2.0,1.0,0.0,0.0,0.0,27.0
29.68612289428711,32.470069885253906,0.0,4.0,0.0,65.0,26.0,0.0,0.0,0.0,0.0,1.0,0.0,0.058000124990940094,-1.1900008916854858,0.0,60.0,9.999999747378752e-05,0.0,4.0,0.0,14.0,18.0,0.0,0.0,0.0,0.0,2.0,1.0,0.0,0.0,0.0,12.0
29.826122283935547,9.999999747378752e-05,0.0,4.0,0.0,42.0,3.0,0.0,0.0,0.0,0.0,2.0,1.0,0.0,0.0,0.0,60.0,9.999999747378752e-05,0.0,4.0,0.0,14.0,31.0,0.0,0.0,0.0,0.0,2.0,1.0,0.0,0.0,0.0,22.0
29.826122283935547,9.999999747378752e-05,0.0,4.0,0.0,42.0,16.0,0.0,0.0,0.0,0.0,2.0,1.0,0.0,0.0,0.0,60.0,9.999999747378752e-05,0.0,4.0,0.0,14.0,44.0,0.0,0.0,0.0,0.0,2.0,1.0,0.0,0.0,0.0,43.0
48.14280700683594,9.999999747378752e-05,0.0,4.0,0.0,234.0,12.0,0.0,0.0,0.0,0.0,2.0,1.0,3.2311285734176636,0.0,0.0,60.0,9.999999747378752e-05,0.0,4.0,0.0,14.0,57.0,0.0,0.0,0.0,0.0,2.0,1.0,0.0,0.0,0.0,40.0
61.97574996948242,9.999999747378752e-05,0.0,4.0,0.0,234.0,25.0,0.0,0.0,0.0,0.0,2.0,1.0,1.2895354628562927,0.0,0.0,62.69999313354492,9.999999747378752e-05,0.0,4.0,0.0,14.0,10.0,0.0,0.0,0.0,0.0,2.0,1.0,0.0,0.0,0.0,42.0
61.588966369628906,9.999999747378752e-05,0.0,4.0,0.0,178.0,-1.0,0.0,0.0,6.0,0.0,2.0,1.0,0.0,0.0,0.0,66.60001373291016,9.999999747378752e-05,0.0,4.0,0.0,14.0,23.0,0.0,0.0,0.0,0.0,2.0,1.0,0.0,0.0,0.0,19.0
34.54283905029297,9.999999747378752e-05,0.0,4.0,0.0,233.0,13.0,0.0,0.0,0.0,0.0,2.0,1.0,-2.371005892753601,0.0,0.0,66.90001678466797,9.999999747378752e-05,0.0,4.0,0.0,14.0,36.0,0.0,0.0,0.0,0.0,2.0,1.0,0.0,0.0,0.0,22.0
27.572725296020508,9.999999747378752e-05,0.0,4.0,1.0,233.0,26.0,0.0,0.0,0.0,0.0,2.0,1.0,-0.2744903415441513,0.0,0.0,66.90001678466797,9.999999747378752e-05,0.0,4.0,0.0,14.0,49.0,0.0,0.0,0.0,0.0,2.0,1.0,0.0,0.0,0.0,27.0
27.338045120239258,9.999999747378752e-05,0.0,4.0,1.0,178.0,-1.0,0.0,0.0,7.0,0.0,2.0,1.0,0.0,0.0,0.0,66.90001678466797,9.999999747378752e-05,0.0,4.0,0.0,14.0,2.0,0.0,0.0,0.0,0.0,2.0,1.0,0.0,0.0,0.0,37.0
27.338045120239258,9.999999747378752e-05,0.0,4.0,1.0,180.0,12.0,0.0,0.0,20.0,0.0,2.0,1.0,0.0,0.0,0.0,66.90001678466797,9.999999747378752e-05,0.0,4.0,0.0,14.0,15.0,0.0,0.0,0.0,0.0,2.0,1.0,0.0,0.0,0.0,30.0
27.338045120239258,9.999999747378752e-05,0.0,4.0,1.0,235.0,13.0,0.0,0.0,21.0,0.0,2.0,1.0,0.0,0.0,0.0,66.90001678466797,9.999999747378752e-05,0.0,4.0,0.0,14.0,28.0,0.0,0.0,0.0,0.0,2.0,1.0,0.0,0.0,0.0,7.0
27.338045120239258,9.999999747378752e-05,0.0,4.0,1.0,235.0,26.0,0.0,0.0,21.0,0.0,2.0,1.0,0.0,0.0,0.0,66.90001678466797,9.999999747378752e-05,0.0,4.0,0.0,14.0,41.0,0.0,0.0,0.0,0.0,2.0,1.0,0.0,0.0,0.0,0.0
27.338045120239258,9.999999747378752e-05,0.0,4.0,1.0,39.0,7.0,0.0,0.0,0.0,0.0,2.0,1.0,0.0,0.0,0.0,66.90001678466797,9.999999747378752e-05,0.0,4.0,0.0,14.0,54.0,0.0,0.0,0.0,0.0,2.0,1.0,0.0,0.0,0.0,37.0
9.021357536315918,9.999999747378752e-05,0.0,4.0,1.0,234.0,12.0,0.0,0.0,0.0,0.0,2.0,1.0,-3.2311285734176636,0.0,0.0,66.90001678466797,9.999999747378752e-05,0.0,4.0,0.0,14.0,67.0,0.0,0.0,0.0,0.0,2.0,1.0,0.0,0.0,0.0,23.0
-4.811596393585205,9.999999747378752e-05,0.0,4.0,1.0,234.0,25.0,0.0,0.0,0.0,0.0,2.0,1.0,-1.2895354628562927,0.0,0.0,66.90001678466797,9.999999747378752e-05,0.0,4.0,0.0,14.0,10.0,0.0,0.0,0.0,0.0,2.0,1.0,0.0,0.0,0.0,47.0
-6.524807453155518,9.999999747378752e-05,0.0,4.0,1.0,18.0,7.0,0.0,0.0,0.0,0.0,2.0,1.0,0.0,0.0,0.0,66.90001678466797,9.999999747378752e-05,0.0,4.0,0.0,14.0,23.0,0.0,0.0,0.0,0.0,2.0,1.0,0.0,0.0,0.0,45.0
-6.524807453155518,9.999999747378752e-05,0.0,4.0,0.0,41.0,2.0,0.0,0.0,0.0,0.0,2.0,1.0,0.0,0.0,0.0,66.90001678466797,9.999999747378752e-05,0.0,4.0,0.0,14.0,36.0,0.0,0.0,0.0,0.0,2.0,1.0,0.0,0.0,0.0,32.0
-6.524807453155518,9.999999747378752e-05,0.0,4.0,0.0,63.0,8.0,0.0,0.0,0.0,0.0,2.0,1.0,0.0,0.0,0.0,66.90001678466797,9.999999747378752e-05,0.0,4.0,0.0,14.0,49.0,0.0,0.0,0.0,0.0,2.0,1.0,0.0,0.0,0.0,47.0
-6.524807453155518,9.999999747378752e-05,0.0,4.0,0.0,63.0,21.0,0.0,0.0,0.0,0.0,2.0,1.0,0.0,0.0,0.0,66.90001678466797,9.999999747378752e-05,0.0,4.0,0.0,14.0,2.0,0.0,0.0,0.0,0.0,2.0,1.0,0.0,0.0,0.0,4.0
-6.524807453155518,9.999999747378752e-05,0.0,4.0,0.0,63.0,34.0,0.0,0.0,0.0,0.0,2.0,1.0,0.0,0.0,0.0,66.90001678466797,9.999999747378752e-05,0.0,4.0,0.0,14.0,15.0,0.0,0.0,0.0,0.0,2.0,1.0,0.0,0.0,0.0,3.0
-6.524807453155518,9.999999747378752e-05,0.0,4.0,0.0,41.0,1.0,0.0,0.0,0.0,0.0,2.0,1.0,0.0,0.0,0.0,66.90001678466797,9.999999747378752e-05,0.0,4.0,0.0,14.0,28.0,0.0,0.0,0.0,0.0,2.0,1.0,0.0,0.0,0.0,20.0
-8.912525177001953,9.999994654208422e-05,0.0,4.0,0.0,353.0,13.0,0.0,0.0,0.0,0.0,0.0,1.0,0.0,0.0009842673316597939,0.0,66.90001678466797,9.999999747378752e-05,0.0,4.0,0.0,14.0,41.0,0.0,0.0,0.0,0.0,2.0,1.0,0.0,0.0,0.0,41.0
-12.040283203125,40.71786880493164,0.0,4.0,0.0,353.0,26.0,0.0,0.0,0.0,0.0,0.0,0.0,-0.24059629440307617,1.5610313415527344,0.0,66.90001678466797,9.999999747378752e-05,0.0,4.0,0.0,14.0,54.0,0.0,0.0,0.0,0.0,2.0,1.0,0.0,0.0,0.0,27.0
-17.570436477661133,48.48308181762695,0.0,4.0,0.0,353.0,39.0,0.0,0.0,0.0,0.0,0.0,0.0,-0.24059629440307617,-0.3149833679199219,0.0,66.90001678466797,9.999999747378752e-05,0.0,4.0,0.0,14.0,7.0,0.0,0.0,0.0,0.0,2.0,1.0,0.0,0.0,0.0,33.0
-18.29578971862793,33.03071212768555,0.0,4.0,0.0,353.0,52.0,0.0,0.0,0.0,0.0,0.0,0.0,-0.24059677124023438,-1.65423583984375,0.0,66.90001678466797,9.999999747378752e-05,0.0,4.0,0.0,14.0,20.0,0.0,0.0,0.0,0.0,2.0,1.0,0.0,0.0,0.0,12.0
-21.413545608520508,12.82229232788086,0.0,4.0,0.0,35.0,1.0,0.0,0.0,0.0,0.0,0.0,0.0,-0.23059676587581635,-1.386290431022644,0.0,66.90001678466797,9.999999747378752e-05,0.0,4.0,0.0,14.0,33.0,0.0,0.0,0.0,0.0,2.0,1.0,0.0,0.0,0.0,37.0
-27.77130126953125,9.999999747378752e-05,0.0,4.0,0.0,43.0,6.0,0.0,0.0,0.0,0.0,2.0,1.0,-0.6211936175823212,0.0,0.0,66.90001678466797,9.999999747378752e-05,0.0,4.0,0.0,14.0,46.0,0.0,0.0,0.0,0.0,2.0,1.0,0.0,0.0,0.0,22.0
-28.22309112548828,9.999999747378752e-05,0.0,4.0,0.0,43.0,19.0,0.0,0.0,0.0,0.0,2.0,1.0,0.0,0.0,0.0,66.90001678466797,9.999999747378752e-05,0.0,4.0,0.0,14.0,59.0,0.0,0.0,0.0,0.0,2.0,1.0,0.0,0.0,0.0,1.0
-28.643091201782227,9.999999747378752e-05,0.0,4.0,0.0,14.0,1.0,0.0,0.0,-1.0,0.0,2.0,1.0,-0.3399999886751175,0.0,0.0,66.90001678466797,9.999999747378752e-05,0.0,4.0,0.0,14.0,12.0,0.0,0.0,0.0,0.0,2.0,1.0,0.0,0.0,0.0,20.0
-18.945926666259766,9.999999747378752e-05,0.0,4.0,0.0,349.0,13.0,0.0,0.0,-1.0,0.0,2.0,1.0,-0.0006294250197242945,0.0,0.0,66.90001678466797,9.999999747378752e-05,0.0,4.0,0.0,14.0,25.0,0.0,0.0,0.0,0.0,2.0,1.0,0.0,0.0,0.0,45.0
-56.201725006103516,9.999999747378752e-05,0.0,4.0,0.0,349.0,26.0,0.0,0.0,-1.0,0.0,2.0,1.0,-5.1566808223724365,0.0,0.0,66.90001678466797,9.999999747378752e-05,0.0,4.0,0.0,14.0,38.0,0.0,0.0,0.0,0.0,2.0,1.0,0.0,0.0,0.0,46.0
-76.21148681640625,9.999999747378752e-05,0.0,4.0,0.0,349.0,39.0,0.0,0.0,-1.0,0.0,2.0,1.0,-1.81402587890625,0.0,0.0,66.90001678466797,9.999999747378752e-05,0.0,4.0,0.0,14.0,51.0,0.0,0.0,0.0,0.0,2.0,1.0,0.0,0.0,0.0,44.0
-84.1842041015625,9.999999747378752e-05,0.0,4.0,0.0,349.0,52.0,0.0,0.0,-1.0,0.0,2.0,1.0,-0.7849655151367188,0.0,0.0,66.90001678466797,9.999999747378752e-05,0.0,4.0,0.0,14.0,4.0,0.0,0.0,0.0,0.0,2.0,1.0,0.0,0.0,0.0,29.0
-85.5656967163086,0.0,0.0,4.0,0.0,349.0,65.0,0.0,0.0,-1.0,0.0,2.0,1.0,-0.1584625244140625,0.0,0.0,66.90001678466797,9.999999747378752e-05,0.0,4.0,0.0,14.0,17.0,0.0,0.0,0.0,0.0,2.0,1.0,0.0,0.0,0.0,20.0
-85.48268127441406,9.999999747378752e-05,0.0,4.0,0.0,349.0,78.0,0.0,0.0,-1.0,0.0,2.0,1.0,0.06549835205078125,0.0,0.0,66.90001678466797,9.999999747378752e-05,0.0,4.0,0.0,14.0,30.0,0.0,0.0,0.0,0.0,2.0,1.0,0.0,0.0,0.0,24.0
-85.44964599609375,9.999999747378752e-05,0.0,4.0,0.0,41.0,1.0,0.0,0.0,0.0,0.0,2.0,1.0,0.0,0.0,0.0,66.90001678466797,9.999999747378752e-05,0.0,4.0,0.0,14.0,43.0,0.0,0.0,0.0,0.0,2.0,1.0,0.0,0.0,0.0,24.0
-90.80137634277344,9.999999747378752e-05,0.0,4.0,0.0,357.0,13.0,0.0,0.0,0.0,0.0,1.0,0.0,-2.6758623123168945,0.0,1.0,66.90001678466797,9.999999747378752e-05,0.0,4.0,0.0,14.0,56.0,0.0,0.0,0.0,0.0,2.0,1.0,0.0,0.0,0.0,42.0
-125.58758544921875,9.999999747378752e-05,0.0,4.0,0.0,357.0,26.0,0.0,0.0,0.0,0.0,1.0,0.0,-2.675861358642578,0.0,1.0,66.90001678466797,9.999999747378752e-05,0.0,4.0,0.0,14.0,69.0,0.0,0.0,0.0,0.0,2.0,1.0,0.0,0.0,0.0,16.0
-160.37380981445312,9.999999747378752e-05,0.0,4.0,0.0,357.0,39.0,0.0,0.0,0.0,0.0,1.0,0.0,-2.6758651733398438,0.0,1.0,66.90001678466797,9.999999747378752e-05,0.0,4.0,0.0,14.0,7.0,0.0,0.0,0.0,0.0,2.0,1.0,0.0,0.0,0.0,17.0
-174.06520080566406,2.2189102172851562,0.0,4.0,0.0,362.0,12.0,0.0,0.0,0.0,0.0,1.0,0.0,-1.18690824508667,-0.4587841033935547,1.0,66.90001678466797,9.999999747378752e-05,0.0,4.0,0.0,14.0,20.0,0.0,0.0,0.0,0.0,2.0,1.0,0.0,0.0,0.0,6.0
-188.58502197265625,-15.57528305053711,0.0,4.0,0.0,362.0,25.0,0.0,0.0,0.0,0.0,1.0,0.0,-1.056908369064331,-2.1487841606140137,1.0,66.90001678466797,9.999999747378752e-05,0.0,4.0,0.0,14.0,33.0,0.0,0.0,0.0,0.0,2.0,1.0,0.0,0.0,0.0,12.0
-201.41482543945312,-51.469215393066406,0.0,4.0,0.0,29.0,1.0,0.0,0.0,0.0,0.0,1.0,0.0,-0.9269084930419922,-2.9000000953674316,1.0,66.90001678466797,9.999999747378752e-05,0.0,4.0,0.0,14.0,46.0,0.0,0.0,0.0,0.0,2.0,1.0,0.0,0.0,0.0,5.0
-201.41482543945312,-27.029224395751953,0.0,4.0,0.0,27.0,13.0,0.0,0.0,0.0,0.0,0.0,0.0,0.0,1.0999993085861206,1.0,66.90001678466797,9.999999747378752e-05,0.0,4.0,0.0,14.0,59.0,0.0,0.0,0.0,0.0,2.0,1.0,0.0,0.0,0.0,51.0
-197.10482788085938,-24.55923080444336,0.0,4.0,0.0,27.0,26.0,0.0,0.0,0.0,0.0,0.0,0.0,0.5660000443458557,-0.5900006294250488,1.0,66.90001678466797,9.999999747378752e-05,0.0,4.0,0.0,14.0,12.0,0.0,0.0,0.0,0.0,2.0,1.0,0.0,0.0,0.0,20.0
-199.50723266601562,-24.559226989746094,1.0,4.0,0.0,354.0,13.0,0.0,0.0,0.0,0.0,0.0,0.0,-0.013371801935136318,0.005439376924186945,1.0,66.90001678466797,9.999999747378752e-05,0.0,4.0,0.0,14.0,25.0,0.0,0.0,0.0,0.0,2.0,1.0,0.0,0.0,0.0,22.0
-204.26788330078125,1.2146110534667969,1.0,4.0,0.0,354.0,26.0,0.0,0.0,0.0,0.0,0.0,0.0,-0.38213157653808594,1.4318256378173828,1.0,66.90001678466797,9.999999747378752e-05,0.0,4.0,0.0,14.0,38.0,0.0,0.0,0.0,0.0,2.0,1.0,0.0,0.0,0.0,9.0
-211.7916259765625,12.268850326538086,1.0,4.0,0.0,354.0,39.0,0.0,0.0,0.0,0.0,0.0,0.0,-0.4011726379394531,0.3780670166015625,1.0,66.90001678466797,9.999999747378752e-05,0.0,4.0,0.0,14.0,51.0,0.0,0.0,0.0,0.0,2.0,1.0,0.0,0.0,0.0,6.0
-214.6261749267578,8.291975021362305,1.0,4.0,0.0,354.0,52.0,0.0,0.0,0.0,0.0,0.0,0.0,-0.4013700485229492,-1.1979713439941406,1.0,66.90001678466797,9.999999747378752e-05,0.0,4.0,0.0,14.0,4.0,0.0,0.0,0.0,0.0,2.0,1.0,0.0,0.0,0.0,40.0
-219.72586059570312,-11.7296781539917,1.0,4.0,0.0,35.0,1.0,0.0,0.0,0.0,0.0,0.0,0.0,-0.3748171329498291,-1.5249403715133667,1.0,66.90001678466797,9.999999747378752e-05,0.0,4.0,0.0,14.0,17.0,0.0,0.0,0.0,0.0,2.0,1.0,0.0,0.0,0.0,51.0
-220.28848266601562,-57.229679107666016,2.0,4.0,0.0,35.0,6.0,0.0,0.0,0.0,0.0,0.0,0.0,0.19118289649486542,-3.5,1.0,66.90001678466797,9.999999747378752e-05,0.0,4.0,0.0,14.0,30.0,0.0,0.0,0.0,0.0,2.0,1.0,0.0,0.0,0.0,21.0
-218.71310424804688,-102.72967529296875,2.0,4.0,0.0,35.0,3.0,0.0,0.0,0.0,0.0,0.0,0.0,0.06118287891149521,-3.5,1.0,66.90001678466797,9.999999747378752e-05,0.0,4.0,0.0,14.0,43.0,0.0,0.0,0.0,0.0,2.0,1.0,0.0,0.0,0.0,9.0
-221.20809936523438,-141.22967529296875,0.0,3.0,0.0,0.0,-1.0,0.0,0.0,0.0,0.0,0.0,0.0,0.0,0.0,1.0,66.90001678466797,9.999999747378752e-05,0.0,4.0,0.0,14.0,56.0,0.0,0.0,0.0,0.0,2.0,1.0,0.0,0.0,0.0,19.0
-221.20809936523438,-141.22967529296875,0.0,3.0,0.0,0.0,-1.0,0.0,0.0,0.0,0.0,0.0,0.0,0.0,0.0,1.0,66.90001678466797,9.999999747378752e-05,0.0,4.0,0.0,14.0,69.0,0.0,0.0,0.0,0.0,2.0,1.0,0.0,0.0,0.0,6.0
-221.20809936523438,-141.22967529296875,0.0,3.0,0.0,0.0,-1.0,0.0,0.0,0.0,0.0,0.0,0.0,0.0,0.0,1.0,66.90001678466797,9.999999747378752e-05,0.0,4.0,0.0,14.0,12.0,0.0,0.0,0.0,0.0,2.0,1.0,0.0,0.0,0.0,27.0
-221.20809936523438,-141.22967529296875,0.0,3.0,0.0,0.0,-1.0,0.0,0.0,0.0,0.0,0.0,0.0,0.0,0.0,1.0,66.90001678466797,9.999999747378752e-05,0.0,4.0,0.0,14.0,25.0,0.0,0.0,0.0,0.0,2.0,1.0,0.0,0.0,0.0,19.0
-221.20809936523438,-141.22967529296875,0.0,3.0,0.0,0.0,-1.0,0.0,0.0,0.0,0.0,0.0,0.0,0.0,0.0,1.0,66.90001678466797,9.999999747378752e-05,0.0,4.0,0.0,14.0,38.0,0.0,0.0,0.0,0.0,2.0,1.0,0.0,0.0,0.0,29.0
16.0,104.79999542236328,0.0,3.0,0.0,12.0,8.0,0.0,0.0,0.0,0.0,1.0,0.0,0.0,-1.149999976158142,0.0,66.90001678466797,9.999999747378752e-05,0.0,4.0,0.0,14.0,51.0,0.0,0.0,0.0,0.0,2.0,1.0,0.0,0.0,0.0,14.0
16.0,89.84998321533203,0.0,3.0,0.0,12.0,21.0,0.0,0.0,0.0,0.0,1.0,0.0,0.0,-1.1499996185302734,0.0,66.90001678466797,9.999999747378752e-05,0.0,4.0,0.0,14.0,4.0,0.0,0.0,0.0,0.0,2.0,1.0,0.0,0.0,0.0,38.0
16.0,74.89996337890625,0.0,3.0,0.0,12.0,34.0,0.0,0.0,0.0,0.0,1.0,0.0,0.0,-1.149998664855957,0.0,66.90001678466797,9.999999747378752e-05,0.0,4.0,0.0,14.0,17.0,0.0,0.0,0.0,0.0,2.0,1.0,0.0,0.0,0.0,15.0
16.0,59.94996643066406,0.0,3.0,0.0,12.0,47.0,0.0,0.0,0.0,0.0,1.0,0.0,0.0,-1.1499974727630615,0.0,66.90001678466797,9.999999747378752e-05,0.0,4.0,0.0,14.0,30.0,0.0,0.0,0.0,0.0,2.0,1.0,0.0,0.0,0.0,17.0
16.0,45.0,0.0,3.0,0.0,12.0,60.0,0.0,0.0,0.0,0.0,1.0,0.0,0.0,-1.149993896484375,0.0,66.90001678466797,9.999999747378752e-05,0.0,4.0,0.0,14.0,43.0,0.0,0.0,0.0,0.0,2.0,1.0,0.0,0.0,0.0,44.0
26.008005142211914,69.43999481201172,0.0,3.0,0.0,28.0,13.0,0.0,0.0,0.0,0.0,0.0,0.0,0.7739999890327454,1.0999993085861206,0.0,66.90001678466797,9.999999747378752e-05,0.0,4.0,0.0,14.0,56.0,0.0,0.0,0.0,0.0,2.0,1.0,0.0,0.0,0.0,0.0
31.740005493164062,71.90998840332031,0.0,3.0,0.0,28.0,26.0,0.0,0.0,0.0,0.0,0.0,0.0,0.18800003826618195,-0.5900006294250488,0.0,66.90001678466797,9.999999747378752e-05,0.0,4.0,0.0,14.0,9.0,0.0,0.0,0.0,0.0,2.0,1.0,0.0,0.0,0.0,7.0
39.574005126953125,52.40998077392578,0.0,3.0,0.0,32.0,4.0,0.0,0.0,0.0,0.0,0.0,0.0,0.8980000615119934,-2.280000686645508,0.0,66.90001678466797,9.999999747378752e-05,0.0,4.0,0.0,14.0,22.0,0.0,0.0,0.0,0.0,2.0,1.0,0.0,0.0,0.0,45.0
46.918006896972656,6.909980773925781,0.0,3.0,0.0,32.0,1.0,0.0,0.0,0.0,0.0,0.0,0.0,0.31200021505355835,-3.5,0.0,66.90001678466797,9.999999747378752e-05,0.0,4.0,0.0,14.0,35.0,0.0,0.0,0.0,0.0,2.0,1.0,0.0,0.0,0.0,45.0
47.72600555419922,9.999999747378752e-05,0.0,3.0,0.0,41.0,1.0,0.0,0.0,0.0,0.0,2.0,1.0,0.0,0.0,0.0,66.90001678466797,9.999999747378752e-05,0.0,4.0,0.0,14.0,48.0,0.0,0.0,0.0,0.0,2.0,1.0,0.0,0.0,0.0,35.0
47.72600555419922,9.999999747378752e-05,0.0,3.0,0.0,63.0,8.0,0.0,0.0,0.0,0.0,2.0,1.0,0.0,0.0,0.0,66.90001678466797,9.999999747378752e-05,0.0,4.0,0.0,14.0,61.0,0.0,0.0,0.0,0.0,2.0,1.0,0.0,0.0,0.0,21.0
47.72600555419922,9.999999747378752e-05,0.0,3.0,0.0,63.0,21.0,0.0,0.0,0.0,0.0,2.0,1.0,0.0,0.0,0.0,66.90001678466797,9.999999747378752e-05,0.0,4.0,0.0,14.0,74.0,0.0,0.0,0.0,0.0,2.0,1.0,0.0,0.0,0.0,26.0
47.72600555419922,9.999999747378752e-05,0.0,3.0,0.0,63.0,34.0,0.0,0.0,0.0,0.0,2.0,1.0,0.0,0.0,0.0,66.90001678466797,9.999999747378752e-05,0.0,4.0,0.0,14.0,12.0,0.0,0.0,0.0,0.0,2.0,1.0,0.0,0.0,0.0,46.0
43.97706604003906,9.999999747378752e-05,0.0,3.0,0.0,14.0,1.0,0.0,0.0,-1.0,0.0,2.0,1.0,-1.0779427886009216,0.0,0.0,66.90001678466797,9.999999747378752e-05,0.0,4.0,0.0,14.0,25.0,0.0,0.0,0.0,0.0,2.0,1.0,0.0,0.0,0.0,31.0
42.42323303222656,9.999999747378752e-05,0.0,3.0,0.0,212.0,13.0,0.0,0.0,0.0,0.0,2.0,1.0,0.0,0.0,0.0,66.90001678466797,9.999999747378752e-05,0.0,4.0,0.0,14.0,38.0,0.0,0.0,0.0,0.0,2.0,1.0,0.0,0.0,0.0,6.0
42.42323303222656,9.999999747378752e-05,0.0,3.0,0.0,212.0,26.0,0.0,0.0,0.0,0.0,2.0,1.0,0.0,0.0,0.0,66.90001678466797,9.999999747378752e-05,0.0,4.0,0.0,14.0,51.0,0.0,0.0,0.0,0.0,2.0,1.0,0.0,0.0,0.0,49.0
42.42323303222656,9.999999747378752e-05,0.0,3.0,0.0,14.0,9.0,0.0,0.0,0.0,0.0,2.0,1.0,0.0,0.0,0.0,66.90001678466797,9.999999747378752e-05,0.0,4.0,0.0,14.0,4.0,0.0,0.0,0.0,0.0,2.0,1.0,0.0,0.0,0.0,28.0
42.42323303222656,9.999999747378752e-05,0.0,3.0,0.0,212.0,13.0,0.0,0.0,0.0,0.0,2.0,1.0,0.0,0.0,0.0,66.90001678466797,9.999999747378752e-05,0.0,4.0,0.0,14.0,17.0,0.0,0.0,0.0,0.0,2.0,1.0,0.0,0.0,0.0,19.0
42.42323303222656,9.999999747378752e-05,0.0,3.0,0.0,212.0,26.0,0.0,0.0,0.0,0.0,2.0,1.0,0.0,0.0,0.0,66.90001678466797,9.999999747378752e-05,0.0,4.0,0.0,14.0,30.0,0.0,0.0,0.0,0.0,2.0,1.0,0.0,0.0,0.0,44.0
42.42323303222656,9.999999747378752e-05,0.0,3.0,0.0,180.0,0.0,0.0,0.0,8.0,0.0,2.0,1.0,0.0,0.0,0.0,66.90001678466797,9.999999747378752e-05,0.0,4.0,0.0,14.0,43.0,0.0,0.0,0.0,0.0,2.0,1.0,0.0,0.0,0.0,39.0
42.42323303222656,9.999999747378752e-05,0.0,3.0,0.0,235.0,13.0,0.0,0.0,9.0,0.0,2.0,1.0,0.0,0.0,0.0,66.90001678466797,9.999999747378752e-05,0.0,4.0,0.0,14.0,56.0,0.0,0.0,0.0,0.0,2.0,1.0,0.0,0.0,0.0,31.0
42.42323303222656,9.999999747378752e-05,0.0,3.0,0.0,235.0,26.0,0.0,0.0,9.0,0.0,2.0,1.0,0.0,0.0,0.0,66.90001678466797,9.999999747378752e-05,0.0,4.0,0.0,14.0,69.0,0.0,0.0,0.0,0.0,2.0,1.0,0.0,0.0,0.0,8.0
42.42323303222656,9.999999747378752e-05,0.0,3.0,0.0,18.0,7.0,0.0,0.0,0.0,0.0,2.0,1.0,0.0,0.0,0.0,66.90001678466797,9.999999747378752e-05,0.0,4.0,0.0,14.0,12.0,0.0,0.0,0.0,0.0,2.0,1.0,0.0,0.0,0.0,3.0
42.42323303222656,23.220094680786133,0.0,3.0,1.0,25.0,9.0,0.0,0.0,0.0,0.0,1.0,0.0,0.0,2.0599989891052246,0.0,66.90001678466797,9.999999747378752e-05,0.0,4.0,0.0,14.0,25.0,0.0,0.0,0.0,0.0,2.0,1.0,0.0,0.0,0.0,16.0
47.813228607177734,38.170082092285156,0.0,3.0,1.0,66.0,13.0,0.0,0.0,0.0,0.0,1.0,0.0,0.7099999785423279,0.3699990510940552,0.0,66.90001678466797,9.999999747378752e-05,0.0,4.0,0.0,14.0,38.0,0.0,0.0,0.0,0.0,2.0,1.0,0.0,0.0,0.0,34.0
61.16322326660156,31.150068283081055,0.0,3.0,1.0,66.0,26.0,0.0,0.0,0.0,0.0,1.0,0.0,1.1100000143051147,-1.3200008869171143,0.0,66.90001678466797,9.999999747378752e-05,0.0,4.0,0.0,14.0,51.0,0.0,0.0,0.0,0.0,2.0,1.0,0.0,0.0,0.0,46.0
70.18321990966797,2.27005672454834,0.0,3.0,1.0,66.0,39.0,0.0,0.0,0.0,0.0,1.0,0.0,0.3800000548362732,-2.9000000953674316,0.0,66.90001678466797,9.999999747378752e-05,0.0,4.0,0.0,14.0,4.0,0.0,0.0,0.0,0.0,2.0,1.0,0.0,0.0,0.0,12.0
73.063232421875,9.999999747378752e-05,0.0,3.0,1.0,41.0,1.0,0.0,0.0,0.0,0.0,2.0,1.0,0.0,0.0,0.0,65.70000457763672,9.999999747378752e-05,0.0,4.0,0.0,14.0,17.0,0.0,0.0,0.0,0.0,2.0,1.0,0.0,0.0,0.0,35.0
73.063232421875,9.999999747378752e-05,0.0,3.0,1.0,63.0,8.0,0.0,0.0,0.0,0.0,2.0,1.0,0.0,0.0,0.0,65.70000457763672,9.999999747378752e-05,0.0,4.0,0.0,14.0,30.0,0.0,0.0,0.0,0.0,2.0,1.0,0.0,0.0,0.0,23.0
73.063232421875,9.999999747378752e-05,0.0,3.0,1.0,63.0,21.0,0.0,0.0,0.0,0.0,2.0,1.0,0.0,0.0,0.0,65.70000457763672,9.999999747378752e-05,0.0,4.0,0.0,14.0,43.0,0.0,0.0,0.0,0.0,2.0,1.0,0.0,0.0,0.0,21.0
73.063232421875,9.999999747378752e-05,0.0,3.0,1.0,63.0,34.0,0.0,0.0,0.0,0.0,2.0,1.0,0.0,0.0,0.0,65.70000457763672,9.999999747378752e-05,0.0,4.0,0.0,14.0,56.0,0.0,0.0,0.0,0.0,2.0,1.0,0.0,0.0,0.0,6.0
73.063232421875,9.999999747378752e-05,0.0,3.0,1.0,41.0,1.0,0.0,0.0,0.0,0.0,2.0,1.0,0.0,0.0,0.0,65.70000457763672,9.999999747378752e-05,0.0,4.0,0.0,14.0,9.0,0.0,0.0,0.0,0.0,2.0,1.0,0.0,0.0,0.0,10.0
77.56560516357422,9.999999747378752e-05,0.0,3.0,0.0,60.0,10.0,0.0,0.0,0.0,0.0,2.0,1.0,0.0,0.0,0.0,65.70000457763672,9.999999747378752e-05,0.0,4.0,0.0,14.0,22.0,0.0,0.0,0.0,0.0,2.0,1.0,0.0,0.0,0.0,31.0
69.57701110839844,9.999999747378752e-05,0.0,3.0,0.0,60.0,18.0,0.0,4.0,0.0,0.0,2.0,1.0,-7.980415105819702,0.0,0.0,65.70000457763672,9.999999747378752e-05,20.0,4.0,1.0,80.0,1.0,0.0,4.0,29.0,0.0,1.0,0.0,-1.569966197013855,1.5160988569259644,0.0,50.0
58.819889068603516,9.999999747378752e-05,0.0,3.0,0.0,60.0,28.0,0.0,0.0,0.0,0.0,2.0,1.0,-0.24286650866270065,0.0,0.0,52.018089294433594,6.062573432922363,20.0,4.0,1.0,80.0,11.0,0.0,0.0,19.0,0.0,1.0,0.0,-1.2031031847000122,-0.1381767988204956,0.0,41.0
58.82120895385742,9.999999747378752e-05,0.0,3.0,0.0,60.0,41.0,0.0,0.0,0.0,0.0,2.0,1.0,-0.011215209495276213,0.0,0.0,39.84614562988281,9.999999747378752e-05,20.0,4.0,1.0,42.0,3.0,0.0,0.0,0.0,0.0,2.0,1.0,-0.6395534873008728,0.0,0.0,6.0
58.676910400390625,9.999999747378752e-05,0.0,3.0,0.0,60.0,54.0,0.0,0.0,0.0,0.0,2.0,1.0,-0.002368927001953125,0.0,0.0,37.6092643737793,9.999999747378752e-05,20.0,4.0,1.0,42.0,16.0,0.0,0.0,0.0,0.0,2.0,1.0,0.0,0.0,0.0,33.0
58.6389045715332,9.999999747378752e-05,0.0,3.0,0.0,178.0,-1.0,0.0,0.0,7.0,0.0,2.0,1.0,0.0,0.0,0.0,37.6092643737793,9.999999747378752e-05,20.0,4.0,1.0,42.0,29.0,0.0,0.0,0.0,0.0,2.0,1.0,0.0,0.0,0.0,37.0
58.6389045715332,9.999999747378752e-05,0.0,3.0,0.0,180.0,12.0,0.0,0.0,20.0,0.0,2.0,1.0,0.0,0.0,0.0,37.6092643737793,9.999999747378752e-05,20.0,4.0,1.0,14.0,12.0,0.0,0.0,0.0,0.0,2.0,1.0,0.0,0.0,0.0,32.0
58.6389045715332,23.220094680786133,0.0,3.0,0.0,25.0,9.0,0.0,0.0,0.0,0.0,1.0,0.0,0.0,2.0599989891052246,0.0,37.6092643737793,9.999999747378752e-05,20.0,4.0,1.0,14.0,25.0,0.0,0.0,0.0,0.0,2.0,1.0,0.0,0.0,0.0,40.0
58.6389045715332,38.170082092285156,0.0,3.0,0.0,25.0,22.0,0.0,0.0,0.0,0.0,1.0,0.0,0.0,0.3699990510940552,0.0,37.6092643737793,9.999999747378752e-05,20.0,4.0,1.0,14.0,38.0,0.0,0.0,0.0,0.0,2.0,1.0,0.0,0.0,0.0,11.0
54.32890319824219,31.150068283081055,0.0,3.0,0.0,66.0,13.0,0.0,0.0,0.0,0.0,1.0,0.0,-0.5660000443458557,-1.3200008869171143,0.0,37.6092643737793,9.999999747378752e-05,20.0,4.0,1.0,14.0,51.0,0.0,0.0,0.0,0.0,2.0,1.0,0.0,0.0,0.0,5.0
49.68490219116211,13.420061111450195,0.0,3.0,0.0,66.0,22.0,0.0,1.0,0.0,0.0,1.0,0.0,-0.4760001301765442,-2.4900012016296387,0.0,37.6092643737793,9.999999747378752e-05,26.0,4.0,1.0,77.0,1.0,0.0,1.0,24.0,0.0,1.0,0.0,-1.312498927116394,1.2674654722213745,0.0,4.0
46.158905029296875,9.999999747378752e-05,0.0,3.0,0.0,71.0,12.0,0.0,0.0,0.0,0.0,2.0,1.0,0.0,0.0,0.0,23.88523292541504,1.4232430458068848,26.0,4.0,1.0,77.0,14.0,0.0,0.0,11.0,0.0,1.0,0.0,-0.8355767130851746,-0.8830928802490234,0.0,46.0
45.73890686035156,9.999999747378752e-05,0.0,3.0,0.0,14.0,1.0,0.0,0.0,-1.0,0.0,2.0,1.0,-0.3399999886751175,0.0,0.0,17.573970794677734,9.999999747378752e-05,26.0,4.0,1.0,42.0,8.0,0.0,0.0,0.0,0.0,2.0,1.0,-0.055458854883909225,0.0,0.0,22.0
45.73860549926758,9.999999747378752e-05,0.0,3.0,0.0,347.0,13.0,0.0,0.0,-1.0,0.0,2.0,1.0,0.0004313445824664086,0.0,0.0,17.573970794677734,9.999999747378752e-05,26.0,4.0,1.0,42.0,21.0,0.0,0.0,0.0,0.0,2.0,1.0,0.0,0.0,0.0,21.0
45.720558166503906,9.999999747378752e-05,0.0,3.0,0.0,347.0,26.0,0.0,0.0,-1.0,0.0,2.0,1.0,-0.0006837285473011434,0.0,0.0,17.573970794677734,9.999999747378752e-05,26.0,4.0,1.0,14.0,4.0,0.0,0.0,0.0,0.0,2.0,1.0,0.0,0.0,0.0,26.0
45.72698211669922,9.999999747378752e-05,0.0,3.0,0.0,347.0,39.0,0.0,0.0,-1.0,0.0,2.0,1.0,0.0018198936595581472,0.0,0.0,17.573970794677734,9.999999747378752e-05,26.0,4.0,1.0,14.0,17.0,0.0,0.0,0.0,0.0,2.0,1.0,0.0,0.0,0.0,31.0
45.735992431640625,9.999999747378752e-05,0.0,3.0,0.0,347.0,52.0,0.0,0.0,-1.0,0.0,2.0,1.0,0.00041299591248389333,0.0,0.0,17.573970794677734,9.999999747378752e-05,26.0,4.0,1.0,14.0,30.0,0.0,0.0,0.0,0.0,2.0,1.0,0.0,0.0,0.0,6.0
41.09187316894531,9.999999747378752e-05,0.0,3.0,0.0,347.0,56.0,0.0,0.0,-1.0,0.0,2.0,1.0,-3.314395785331726,0.0,0.0,9.111730575561523,7.39199161529541,49.0,4.0,1.0,88.0,4.0,0.0,0.0,50.0,0.0,1.0,0.0,-2.78406023979187,2.29853618144989,0.0,41.0
33.47195053100586,9.999999747378752e-05,0.0,3.0,0.0,347.0,69.0,0.0,0.0,-1.0,0.0,2.0,1.0,-0.08686637505888939,0.0,0.0,-23.74258804321289,22.219053268432617,49.0,4.0,1.0,88.0,17.0,0.0,0.0,37.0,0.0,1.0,0.0,-2.3071367740631104,0.1479778289794922,0.0,7.0
33.40199279785156,9.999999747378752e-05,0.0,3.0,0.0,347.0,82.0,0.0,0.0,-1.0,0.0,2.0,1.0,-0.0014095305814407766,0.0,0.0,-50.39690399169922,12.448854446411133,49.0,4.0,1.0,88.0,29.0,0.0,0.0,24.0,0.0,1.0,0.0,-1.8302139043807983,-1.1325807571411133,0.0,4.0
33.415531158447266,9.999999747378752e-05,0.0,3.0,0.0,347.0,95.0,0.0,0.0,-1.0,0.0,2.0,1.0,0.002410888555459678,0.0,0.0,-70.72128295898438,9.999999747378752e-05,49.0,4.0,1.0,191.0,3.0,0.0,0.0,13.0,0.0,2.0,1.0,-1.2666643857955933,0.0,0.0,35.0
33.417720794677734,9.999999747378752e-05,0.0,3.0,0.0,180.0,0.0,0.0,0.0,8.0,0.0,2.0,1.0,0.0,0.0,0.0,-82.16990661621094,9.999999747378752e-05,49.0,4.0,1.0,191.0,16.0,0.0,0.0,13.0,0.0,1.0,0.0,-0.5746643543243408,-5.350274889792672e-08,0.0,7.0
43.15771484375,23.220094680786133,0.0,3.0,0.0,26.0,9.0,0.0,0.0,0.0,0.0,1.0,0.0,1.1100000143051147,2.0599989891052246,0.0,-84.87288665771484,9.999999747378752e-05,49.0,4.0,1.0,192.0,3.0,0.0,0.0,218.0,0.0,2.0,1.0,0.0,0.0,0.0,9.0
53.25771713256836,38.170082092285156,0.0,3.0,0.0,66.0,13.0,0.0,0.0,0.0,0.0,1.0,0.0,0.5240002870559692,0.3699990510940552,0.0,-84.87288665771484,9.999999747378752e-05,49.0,4.0,1.0,192.0,16.0,0.0,0.0,205.0,0.0,2.0,1.0,0.0,0.0,0.0,29.0
55.75971984863281,31.150068283081055,0.0,3.0,0.0,66.0,26.0,0.0,0.0,0.0,0.0,1.0,0.0,-0.041999779641628265,-1.3200008869171143,0.0,-84.87288665771484,9.999999747378752e-05,49.0,4.0,1.0,192.0,29.0,0.0,0.0,192.0,0.0,2.0,1.0,0.0,0.0,0.0,0.0
51.61371994018555,9.999999747378752e-05,0.0,3.0,0.0,42.0,4.0,0.0,0.0,0.0,0.0,2.0,1.0,-0.563999742269516,0.0,0.0,-84.87288665771484,9.999999747378752e-05,49.0,4.0,1.0,192.0,42.0,0.0,0.0,179.0,0.0,2.0,1.0,0.0,0.0,0.0,16.0
47.11137008666992,9.999999747378752e-05,0.0,3.0,1.0,60.0,10.0,0.0,0.0,0.0,0.0,2.0,1.0,0.0,0.0,0.0,-84.87288665771484,9.999999747378752e-05,49.0,4.0,1.0,192.0,55.0,0.0,0.0,166.0,0.0,2.0,1.0,0.0,0.0,0.0,39.0
65.7972412109375,9.999999747378752e-05,0.0,3.0,1.0,60.0,23.0,0.0,0.0,0.0,0.0,2.0,1.0,-3.534957766532898,0.0,0.0,-84.87288665771484,9.999999747378752e-05,49.0,4.0,1.0,192.0,68.0,0.0,0.0,153.0,0.0,2.0,1.0,0.0,0.0,0.0,31.0
65.8610610961914,9.999999747378752e-05,0.0,3.0,1.0,60.0,36.0,0.0,0.0,0.0,0.0,2.0,1.0,-0.02087783720344305,0.0,0.0,-84.87288665771484,9.999999747378752e-05,49.0,4.0,1.0,192.0,11.0,0.0,0.0,140.0,0.0,2.0,1.0,0.0,0.0,0.0,44.0
65.95700073242188,9.999999747378752e-05,0.0,3.0,1.0,60.0,49.0,0.0,0.0,0.0,0.0,2.0,1.0,0.03405952267348766,0.0,0.0,-84.87288665771484,9.999999747378752e-05,49.0,4.0,1.0,192.0,24.0,0.0,0.0,127.0,0.0,2.0,1.0,0.0,0.0,0.0,27.0
66.03807067871094,9.999999747378752e-05,0.0,3.0,1.0,178.0,-1.0,0.0,0.0,2.0,0.0,2.0,1.0,0.0,0.0,0.0,-84.87288665771484,9.999999747378752e-05,49.0,4.0,1.0,192.0,37.0,0.0,0.0,114.0,0.0,2.0,1.0,0.0,0.0,0.0,9.0
66.03807067871094,9.999999747378752e-05,0.0,3.0,1.0,235.0,13.0,0.0,0.0,3.0,0.0,2.0,1.0,0.0,0.0,0.0,-84.87288665771484,9.999999747378752e-05,49.0,4.0,1.0,192.0,50.0,0.0,0.0,101.0,0.0,2.0,1.0,0.0,0.0,0.0,41.0
66.03807067871094,9.999999747378752e-05,0.0,3.0,1.0,235.0,26.0,0.0,0.0,3.0,0.0,2.0,1.0,0.0,0.0,0.0,-84.87288665771484,9.999999747378752e-05,49.0,4.0,1.0,192.0,63.0,0.0,0.0,88.0,0.0,2.0,1.0,0.0,0.0,0.0,40.0
66.03807067871094,9.999999747378752e-05,0.0,3.0,1.0,178.0,-1.0,0.0,0.0,6.0,0.0,2.0,1.0,0.0,0.0,0.0,-84.87288665771484,9.999999747378752e-05,49.0,4.0,1.0,192.0,6.0,0.0,0.0,75.0,0.0,2.0,1.0,0.0,0.0,0.0,18.0
66.03807067871094,9.999999747378752e-05,0.0,3.0,1.0,235.0,13.0,0.0,0.0,7.0,0.0,2.0,1.0,0.0,0.0,0.0,-84.87288665771484,9.999999747378752e-05,49.0,4.0,1.0,192.0,19.0,0.0,0.0,62.0,0.0,2.0,1.0,0.0,0.0,0.0,11.0
66.03807067871094,9.999999747378752e-05,0.0,3.0,1.0,235.0,26.0,0.0,0.0,7.0,0.0,2.0,1.0,0.0,0.0,0.0,-84.87288665771484,9.999999747378752e-05,49.0,4.0,1.0,192.0,32.0,0.0,0.0,49.0,0.0,2.0,1.0,0.0,0.0,0.0,4.0
66.03807067871094,9.999999747378752e-05,0.0,3.0,1.0,14.0,7.0,0.0,0.0,7.0,0.0,2.0,1.0,0.0,0.0,0.0,-84.87288665771484,9.999999747378752e-05,49.0,4.0,1.0,192.0,45.0,0.0,0.0,36.0,0.0,2.0,1.0,0.0,0.0,0.0,37.0
47.721397399902344,9.999999747378752e-05,0.0,3.0,1.0,234.0,12.0,0.0,0.0,0.0,0.0,2.0,1.0,-3.2311285734176636,0.0,0.0,-84.87288665771484,9.999999747378752e-05,49.0,4.0,1.0,192.0,58.0,0.0,0.0,23.0,0.0,2.0,1.0,0.0,0.0,0.0,5.0
33.88845443725586,9.999999747378752e-05,0.0,3.0,1.0,234.0,25.0,0.0,0.0,0.0,0.0,2.0,1.0,-1.2895354628562927,0.0,0.0,-84.87288665771484,9.999999747378752e-05,49.0,4.0,1.0,192.0,1.0,0.0,0.0,10.0,0.0,2.0,1.0,0.0,0.0,0.0,22.0
32.17524337768555,9.999999747378752e-05,0.0,3.0,1.0,14.0,7.0,0.0,0.0,0.0,0.0,2.0,1.0,0.0,0.0,0.0,-84.87288665771484,9.999999747378752e-05,49.0,4.0,1.0,194.0,4.0,0.0,0.0,0.0,0.0,2.0,1.0,0.0,0.0,0.0,22.0
32.17554473876953,9.999999747378752e-05,0.0,3.0,1.0,347.0,13.0,0.0,0.0,0.0,0.0,2.0,1.0,-0.0004313445824664086,0.0,0.0,-84.87288665771484,9.999999747378752e-05,49.0,4.0,1.0,194.0,17.0,0.0,0.0,0.0,0.0,2.0,1.0,0.0,0.0,0.0,46.0
32.1935920715332,9.999999747378752e-05,0.0,3.0,1.0,347.0,26.0,0.0,0.0,0.0,0.0,2.0,1.0,0.0006837285473011434,0.0,0.0,-84.87288665771484,9.999999747378752e-05,49.0,4.0,1.0,194.0,30.0,0.0,0.0,0.0,0.0,2.0,1.0,0.0,0.0,0.0,3.0
32.18716812133789,9.999999747378752e-05,0.0,3.0,1.0,347.0,39.0,0.0,0.0,0.0,0.0,2.0,1.0,-0.0018198936595581472,0.0,0.0,-84.87288665771484,9.999999747378752e-05,49.0,4.0,1.0,14.0,13.0,0.0,0.0,0.0,0.0,2.0,1.0,0.0,0.0,0.0,49.0
32.178157806396484,9.999999747378752e-05,0.0,3.0,1.0,347.0,52.0,0.0,0.0,0.0,0.0,2.0,1.0,-0.00041299591248389333,0.0,0.0,-84.87288665771484,9.999999747378752e-05,49.0,4.0,1.0,14.0,26.0,0.0,0.0,0.0,0.0,2.0,1.0,0.0,0.0,0.0,14.0
44.02992630004883,9.999999747378752e-05,0.0,3.0,1.0,347.0,65.0,0.0,0.0,0.0,0.0,2.0,1.0,0.472652405500412,0.0,0.0,-84.87288665771484,9.999999747378752e-05,49.0,4.0,1.0,14.0,39.0,0.0,0.0,0.0,0.0,2.0,1.0,0.0,0.0,0.0,8.0
44.5060920715332,9.999999747378752e-05,0.0,3.0,1.0,347.0,78.0,0.0,0.0,0.0,0.0,2.0,1.0,0.006069183116778731,0.0,0.0,-84.87288665771484,9.999999747378752e-05,49.0,4.0,1.0,14.0,52.0,0.0,0.0,0.0,0.0,2.0,1.0,0.0,0.0,0.0,50.0
44.50419616699219,9.999999747378752e-05,0.0,3.0,1.0,347.0,91.0,0.0,0.0,0.0,0.0,2.0,1.0,-0.0030803679255768657,0.0,0.0,-84.87288665771484,9.999999747378752e-05,49.0,4.0,1.0,14.0,5.0,0.0,0.0,0.0,0.0,2.0,1.0,0.0,0.0,0.0,5.0
44.49642562866211,9.999999747378752e-05,0.0,3.0,1.0,14.0,5.0,0.0,0.0,0.0,0.0,2.0,1.0,0.0,0.0,0.0,-84.87288665771484,9.999999747378752e-05,49.0,4.0,1.0,14.0,18.0,0.0,0.0,0.0,0.0,2.0,1.0,0.0,0.0,0.0,50.0
44.49642562866211,23.220094680786133,0.0,3.0,1.0,25.0,9.0,0.0,0.0,0.0,0.0,1.0,0.0,0.0,2.0599989891052246,0.0,-84.87288665771484,9.999999747378752e-05,49.0,4.0,1.0,14.0,31.0,0.0,0.0,0.0,0.0,2.0,1.0,0.0,0.0,0.0,40.0
44.49642562866211,38.170082092285156,0.0,3.0,1.0,25.0,22.0,0.0,0.0,0.0,0.0,1.0,0.0,0.0,0.3699990510940552,0.0,-84.87288665771484,9.999999747378752e-05,49.0,4.0,1.0,14.0,44.0,0.0,0.0,0.0,0.0,2.0,1.0,0.0,0.0,0.0,50.0
44.49642562866211,62.61007308959961,0.0,3.0,1.0,27.0,13.0,0.0,0.0,0.0,0.0,0.0,0.0,0.0,1.0999993085861206,0.0,-84.87288665771484,9.999999747378752e-05,49.0,4.0,1.0,14.0,57.0,0.0,0.0,0.0,0.0,2.0,1.0,0.0,0.0,0.0,52.0
49.88642501831055,65.08006286621094,0.0,3.0,1.0,27.0,26.0,0.0,0.0,0.0,0.0,0.0,0.0,0.7099999785423279,-0.5900006294250488,0.0,-84.87288665771484,9.999999747378752e-05,49.0,4.0,1.0,14.0,70.0,0.0,0.0,0.0,0.0,2.0,1.0,0.0,0.0,0.0,4.0
58.206424713134766,45.580055236816406,0.0,3.0,1.0,27.0,39.0,0.0,0.0,0.0,0.0,0.0,0.0,0.580000102519989,-2.280000686645508,0.0,-84.87288665771484,9.999999747378752e-05,49.0,4.0,1.0,14.0,8.0,0.0,0.0,0.0,0.0,2.0,1.0,0.0,0.0,0.0,26.0
60.60881805419922,45.58005142211914,0.0,3.0,1.0,354.0,13.0,0.0,0.0,0.0,0.0,0.0,0.0,0.013371801935136318,0.005439376924186945,0.0,-84.87288665771484,9.999999747378752e-05,49.0,4.0,1.0,14.0,21.0,0.0,0.0,0.0,0.0,2.0,1.0,0.0,0.0,0.0,28.0
61.937461853027344,71.35389709472656,0.0,3.0,1.0,354.0,26.0,0.0,0.0,0.0,0.0,0.0,0.0,0.38213157653808594,1.4318256378173828,0.0,-84.87288665771484,9.999999747378752e-05,49.0,4.0,1.0,14.0,34.0,0.0,0.0,0.0,0.0,2.0,1.0,0.0,0.0,0.0,44.0
69.461181640625,82.40811157226562,0.0,3.0,1.0,354.0,39.0,0.0,0.0,0.0,0.0,0.0,0.0,0.4011726379394531,0.3780670166015625,0.0,-84.87288665771484,9.999999747378752e-05,49.0,4.0,1.0,14.0,47.0,0.0,0.0,0.0,0.0,2.0,1.0,0.0,0.0,0.0,8.0
77.10054779052734,78.43122863769531,0.0,3.0,1.0,354.0,52.0,0.0,0.0,0.0,0.0,0.0,0.0,0.4013700485229492,-1.1979713439941406,0.0,-84.87288665771484,9.999999747378752e-05,49.0,4.0,1.0,14.0,60.0,0.0,0.0,0.0,0.0,2.0,1.0,0.0,0.0,0.0,34.0
86.16022491455078,58.40958023071289,0.0,3.0,1.0,35.0,1.0,0.0,0.0,0.0,0.0,0.0,0.0,0.9028171300888062,-1.5249403715133667,1.0,-84.87288665771484,9.999999747378752e-05,49.0,4.0,1.0,14.0,13.0,0.0,0.0,0.0,0.0,2.0,1.0,0.0,0.0,0.0,6.0
96.98921203613281,12.90958023071289,0.0,3.0,1.0,35.0,6.0,0.0,0.0,0.0,0.0,0.0,0.0,0.7739999890327454,-3.5,1.0,-84.87288665771484,9.999999747378752e-05,49.0,4.0,1.0,14.0,26.0,0.0,0.0,0.0,0.0,2.0,1.0,0.0,0.0,0.0,47.0
102.7212142944336,-32.59041976928711,0.0,3.0,1.0,35.0,3.0,0.0,0.0,0.0,0.0,0.0,0.0,0.18800003826618195,-3.5,1.0,-84.87288665771484,9.999999747378752e-05,49.0,4.0,1.0,14.0,39.0,0.0,0.0,0.0,0.0,2.0,1.0,0.0,0.0,0.0,4.0
104.25521087646484,-78.09042358398438,0.0,3.0,1.0,35.0,8.0,0.0,0.0,0.0,0.0,0.0,0.0,0.05800002068281174,-3.5,1.0,-84.87288665771484,9.999999747378752e-05,49.0,4.0,1.0,14.0,52.0,0.0,0.0,0.0,0.0,2.0,1.0,0.0,0.0,0.0,24.0
109.3192138671875,-123.59042358398438,0.0,3.0,1.0,35.0,5.0,0.0,0.0,0.0,0.0,0.0,0.0,0.6240000128746033,-3.5,1.0,-84.87288665771484,9.999999747378752e-05,49.0,4.0,1.0,14.0,5.0,0.0,0.0,0.0,0.0,2.0,1.0,0.0,0.0,0.0,52.0
113.33921813964844,-141.09042358398438,0.0,2.0,1.0,0.0,-1.0,0.0,0.0,0.0,0.0,0.0,0.0,0.0,0.0,1.0,-84.87288665771484,9.999999747378752e-05,49.0,4.0,1.0,14.0,18.0,0.0,0.0,0.0,0.0,2.0,1.0,0.0,0.0,0.0,43.0
113.33921813964844,-141.09042358398438,0.0,2.0,1.0,0.0,-1.0,0.0,0.0,0.0,0.0,0.0,0.0,0.0,0.0,1.0,-84.87288665771484,9.999999747378752e-05,49.0,4.0,1.0,14.0,31.0,0.0,0.0,0.0,0.0,2.0,1.0,0.0,0.0,0.0,43.0
113.33921813964844,-141.09042358398438,0.0,2.0,1.0,0.0,-1.0,0.0,0.0,0.0,0.0,0.0,0.0,0.0,0.0,1.0,-84.87288665771484,9.999999747378752e-05,49.0,4.0,1.0,14.0,44.0,0.0,0.0,0.0,0.0,2.0,1.0,0.0,0.0,0.0,34.0
113.33921813964844,-141.09042358398438,0.0,2.0,1.0,0.0,-1.0,0.0,0.0,0.0,0.0,0.0,0.0,0.0,0.0,1.0,-84.87288665771484,9.999999747378752e-05,49.0,4.0,1.0,14.0,57.0,0.0,0.0,0.0,0.0,2.0,1.0,0.0,0.0,0.0,38.0
16.0,112.85000610351562,0.0,2.0,0.0,12.0,1.0,0.0,0.0,0.0,0.0,1.0,0.0,0.0,-1.1500000953674316,0.0,-84.87288665771484,9.999999747378752e-05,49.0,4.0,1.0,14.0,70.0,0.0,0.0,0.0,0.0,2.0,1.0,0.0,0.0,0.0,19.0
16.0,97.89998626708984,0.0,2.0,0.0,12.0,14.0,0.0,0.0,0.0,0.0,1.0,0.0,0.0,-1.149999737739563,0.0,-84.87288665771484,9.999999747378752e-05,49.0,4.0,1.0,14.0,13.0,0.0,0.0,0.0,0.0,2.0,1.0,0.0,0.0,0.0,36.0
16.0,82.94996643066406,0.0,2.0,0.0,12.0,27.0,0.0,0.0,0.0,0.0,1.0,0.0,0.0,-1.1499990224838257,0.0,-84.87288665771484,9.999999747378752e-05,49.0,4.0,1.0,14.0,26.0,0.0,0.0,0.0,0.0,2.0,1.0,0.0,0.0,0.0,1.0
16.0,67.99995422363281,0.0,2.0,0.0,12.0,40.0,0.0,0.0,0.0,0.0,1.0,0.0,0.0,-1.149997591972351,0.0,-84.87288665771484,9.999999747378752e-05,49.0,4.0,1.0,14.0,39.0,0.0,0.0,0.0,0.0,2.0,1.0,0.0,0.0,0.0,19.0
16.0,53.04998016357422,0.0,2.0,0.0,12.0,53.0,0.0,0.0,0.0,0.0,1.0,0.0,0.0,-1.1499972343444824,0.0,-84.87288665771484,9.999999747378752e-05,49.0,4.0,1.0,14.0,52.0,0.0,0.0,0.0,0.0,2.0,1.0,0.0,0.0,0.0,29.0
15.050000190734863,42.269996643066406,0.0,2.0,0.0,29.0,6.0,0.0,0.0,0.0,0.0,1.0,0.0,-0.23000000417232513,-0.7799999713897705,0.0,-84.87288665771484,9.999999747378752e-05,49.0,4.0,1.0,14.0,5.0,0.0,0.0,0.0,0.0,2.0,1.0,0.0,0.0,0.0,22.0
12.970000267028809,20.29999542236328,0.0,2.0,0.0,348.0,13.0,0.0,0.0,0.0,0.0,1.0,0.0,-0.09999995678663254,-2.4700002670288086,0.0,-84.87288665771484,9.999999747378752e-05,49.0,4.0,1.0,14.0,18.0,0.0,0.0,0.0,0.0,2.0,1.0,0.0,0.0,0.0,0.0
12.517523765563965,9.999999747378752e-05,0.0,2.0,0.0,347.0,26.0,0.0,0.0,0.0,0.0,2.0,1.0,-0.0006837285473011434,0.0,0.0,-84.87288665771484,9.999999747378752e-05,49.0,4.0,1.0,14.0,31.0,0.0,0.0,0.0,0.0,2.0,1.0,0.0,0.0,0.0,52.0
12.523947715759277,9.999999747378752e-05,0.0,2.0,0.0,347.0,39.0,0.0,0.0,0.0,0.0,2.0,1.0,0.0018198936595581472,0.0,0.0,-84.87288665771484,9.999999747378752e-05,49.0,4.0,1.0,14.0,44.0,0.0,0.0,0.0,0.0,2.0,1.0,0.0,0.0,0.0,48.0
12.532958984375,9.999999747378752e-05,0.0,2.0,0.0,347.0,52.0,0.0,0.0,0.0,0.0,2.0,1.0,0.00041299591248389333,0.0,0.0,-84.87288665771484,9.999999747378752e-05,49.0,4.0,1.0,14.0,57.0,0.0,0.0,0.0,0.0,2.0,1.0,0.0,0.0,0.0,29.0
0.6811838150024414,9.999999747378752e-05,0.0,2.0,0.0,347.0,65.0,0.0,0.0,0.0,0.0,2.0,1.0,-0.472652405500412,0.0,0.0,-84.87288665771484,9.999999747378752e-05,49.0,4.0,1.0,14.0,10.0,0.0,0.0,0.0,0.0,2.0,1.0,0.0,0.0,0.0,44.0
0.20501327514648438,9.999999747378752e-05,0.0,2.0,0.0,347.0,78.0,0.0,0.0,0.0,0.0,2.0,1.0,-0.006069183116778731,0.0,0.0,-84.87288665771484,9.999999747378752e-05,49.0,4.0,1.0,14.0,23.0,0.0,0.0,0.0,0.0,2.0,1.0,0.0,0.0,0.0,0.0
0.2069091796875,9.999999747378752e-05,0.0,2.0,0.0,347.0,91.0,0.0,0.0,0.0,0.0,2.0,1.0,0.0030803679255768657,0.0,0.0,-84.87288665771484,9.999999747378752e-05,49.0,4.0,1.0,14.0,36.0,0.0,0.0,0.0,0.0,2.0,1.0,0.0,0.0,0.0,50.0
0.21468162536621094,9.999999747378752e-05,0.0,2.0,0.0,14.0,5.0,0.0,0.0,0.0,0.0,2.0,1.0,0.0,0.0,0.0,-84.87288665771484,9.999999747378752e-05,49.0,4.0,1.0,14.0,49.0,0.0,0.0,0.0,0.0,2.0,1.0,0.0,0.0,0.0,16.0
-4.2876715660095215,9.999999747378752e-05,0.0,2.0,1.0,60.0,10.0,0.0,0.0,0.0,0.0,2.0,1.0,0.0,0.0,0.0,-84.87288665771484,9.999999747378752e-05,49.0,4.0,1.0,14.0,62.0,0.0,0.0,0.0,0.0,2.0,1.0,0.0,0.0,0.0,15.0
14.39820671081543,9.999999747378752e-05,0.0,2.0,1.0,60.0,23.0,0.0,0.0,0.0,0.0,2.0,1.0,-3.534957766532898,0.0,0.0,-84.87288665771484,9.999999747378752e-05,49.0,4.0,1.0,14.0,75.0,0.0,0.0,0.0,0.0,2.0,1.0,0.0,0.0,0.0,22.0
14.462028503417969,9.999999747378752e-05,0.0,2.0,1.0,60.0,36.0,0.0,0.0,0.0,0.0,2.0,1.0,-0.02087783720344305,0.0,0.0,-84.87288665771484,9.999999747378752e-05,49.0,4.0,1.0,14.0,13.0,0.0,0.0,0.0,0.0,2.0,1.0,0.0,0.0,0.0,28.0
14.5579833984375,9.999999747378752e-05,0.0,2.0,1.0,60.0,49.0,0.0,0.0,0.0,0.0,2.0,1.0,0.03405952267348766,0.0,0.0,-84.87288665771484,9.999999747378752e-05,49.0,4.0,1.0,14.0,26.0,0.0,0.0,0.0,0.0,2.0,1.0,0.0,0.0,0.0,4.0
14.751744270324707,9.999999747378752e-05,0.0,2.0,1.0,60.0,62.0,0.0,0.0,0.0,0.0,2.0,1.0,0.08401107415556908,0.0,0.0,-84.87288665771484,9.999999747378752e-05,49.0,4.0,1.0,14.0,39.0,0.0,0.0,0.0,0.0,2.0,1.0,0.0,0.0,0.0,48.0
14.751744270324707,9.999999747378752e-05,0.0,2.0,1.0,41.0,1.0,0.0,0.0,0.0,0.0,2.0,1.0,0.0,0.0,0.0,-84.87288665771484,9.999999747378752e-05,49.0,4.0,1.0,14.0,52.0,0.0,0.0,0.0,0.0,2.0,1.0,0.0,0.0,0.0,13.0
14.751744270324707,9.999999747378752e-05,0.0,2.0,1.0,44.0,13.0,0.0,0.0,0.0,0.0,2.0,1.0,0.0,0.0,0.0,-84.87288665771484,9.999999747378752e-05,49.0,4.0,1.0,14.0,5.0,0.0,0.0,0.0,0.0,2.0,1.0,0.0,0.0,0.0,29.0
14.751744270324707,9.999999747378752e-05,0.0,2.0,1.0,45.0,13.0,0.0,0.0,0.0,0.0,2.0,1.0,0.0,0.0,0.0,-84.87288665771484,9.999999747378752e-05,49.0,4.0,1.0,14.0,18.0,0.0,0.0,0.0,0.0,2.0,1.0,0.0,0.0,0.0,43.0
15.271744728088379,9.999999747378752e-05,0.0,2.0,1.0,178.0,-1.0,0.0,0.0,6.0,0.0,2.0,1.0,0.0,0.0,0.0,-84.87288665771484,9.999999747378752e-05,49.0,4.0,1.0,14.0,31.0,0.0,0.0,0.0,0.0,2.0,1.0,0.0,0.0,0.0,52.0
42.01786804199219,9.999999747378752e-05,0.0,2.0,1.0,233.0,13.0,0.0,0.0,0.0,0.0,2.0,1.0,2.371005892753601,0.0,0.0,-84.87288665771484,9.999999747378752e-05,49.0,4.0,1.0,14.0,44.0,0.0,0.0,0.0,0.0,2.0,1.0,0.0,0.0,0.0,35.0
48.987972259521484,9.999999747378752e-05,0.0,2.0,0.0,233.0,26.0,0.0,0.0,0.0,0.0,2.0,1.0,0.2744903415441513,0.0,0.0,-84.87288665771484,9.999999747378752e-05,49.0,4.0,1.0,14.0,57.0,0.0,0.0,0.0,0.0,2.0,1.0,0.0,0.0,0.0,52.0
49.222652435302734,9.999999747378752e-05,0.0,2.0,1.0,18.0,8.0,0.0,0.0,0.0,0.0,2.0,1.0,0.0,0.0,0.0,-84.87288665771484,9.999999747378752e-05,49.0,4.0,1.0,14.0,70.0,0.0,0.0,0.0,0.0,2.0,1.0,0.0,0.0,0.0,14.0
49.222652435302734,9.999999747378752e-05,0.0,2.0,1.0,63.0,8.0,0.0,0.0,0.0,0.0,2.0,1.0,0.0,0.0,0.0,-84.87288665771484,9.999999747378752e-05,49.0,4.0,1.0,14.0,13.0,0.0,0.0,0.0,0.0,2.0,1.0,0.0,0.0,0.0,41.0
49.222652435302734,9.999999747378752e-05,0.0,2.0,1.0,63.0,21.0,0.0,0.0,0.0,0.0,2.0,1.0,0.0,0.0,0.0,-84.87288665771484,9.999999747378752e-05,49.0,4.0,1.0,14.0,26.0,0.0,0.0,0.0,0.0,2.0,1.0,0.0,0.0,0.0,33.0
49.222652435302734,9.999999747378752e-05,0.0,2.0,1.0,63.0,34.0,0.0,0.0,0.0,0.0,2.0,1.0,0.0,0.0,0.0,-84.87288665771484,9.999999747378752e-05,49.0,4.0,1.0,14.0,39.0,0.0,0.0,0.0,0.0,2.0,1.0,0.0,0.0,0.0,17.0
52.115997314453125,9.999999747378752e-05,0.0,2.0,1.0,14.0,1.0,0.0,0.0,0.0,0.0,2.0,1.0,0.7791407108306885,0.0,0.0,-84.87288665771484,9.999999747378752e-05,49.0,4.0,1.0,14.0,52.0,0.0,0.0,0.0,0.0,2.0,1.0,0.0,0.0,0.0,15.0
52.87427520751953,9.999999747378752e-05,0.0,2.0,1.0,64.0,13.0,0.0,0.0,0.0,0.0,2.0,1.0,0.0,0.0,0.0,-84.87288665771484,9.999999747378752e-05,49.0,4.0,1.0,14.0,5.0,0.0,0.0,0.0,0.0,2.0,1.0,0.0,0.0,0.0,1.0
52.87427520751953,9.999999747378752e-05,0.0,2.0,1.0,64.0,26.0,0.0,0.0,0.0,0.0,2.0,1.0,0.0,0.0,0.0,-84.87288665771484,9.999999747378752e-05,49.0,4.0,1.0,14.0,18.0,0.0,0.0,0.0,0.0,2.0,1.0,0.0,0.0,0.0,49.0
52.87427520751953,9.999999747378752e-05,0.0,2.0,1.0,64.0,39.0,0.0,0.0,0.0,0.0,2.0,1.0,0.0,0.0,0.0,-84.87288665771484,9.999999747378752e-05,49.0,4.0,1.0,14.0,31.0,0.0,0.0,0.0,0.0,2.0,1.0,0.0,0.0,0.0,23.0
52.87427520751953,9.999999747378752e-05,0.0,2.0,1.0,14.0,3.0,0.0,0.0,0.0,0.0,2.0,1.0,0.0,0.0,0.0,-84.87288665771484,9.999999747378752e-05,49.0,4.0,1.0,14.0,44.0,0.0,0.0,0.0,0.0,2.0,1.0,0.0,0.0,0.0,36.0
52.87427520751953,9.999999747378752e-05,0.0,2.0,1.0,235.0,13.0,0.0,0.0,0.0,0.0,2.0,1.0,0.0,0.0,0.0,-84.87288665771484,9.999999747378752e-05,49.0,4.0,1.0,14.0,57.0,0.0,0.0,0.0,0.0,2.0,1.0,0.0,0.0,0.0,13.0
52.87427520751953,9.999999747378752e-05,0.0,2.0,1.0,235.0,26.0,0.0,0.0,0.0,0.0,2.0,1.0,0.0,0.0,0.0,-84.87288665771484,9.999999747378752e-05,49.0,4.0,1.0,14.0,10.0,0.0,0.0,0.0,0.0,2.0,1.0,0.0,0.0,0.0,42.0
52.87427520751953,9.999999747378752e-05,0.0,2.0,1.0,178.0,-1.0,0.0,0.0,6.0,0.0,2.0,1.0,0.0,0.0,0.0,-84.87288665771484,9.999999747378752e-05,49.0,4.0,1.0,14.0,23.0,0.0,0.0,0.0,0.0,2.0,1.0,0.0,0.0,0.0,23.0
52.87427520751953,23.220094680786133,0.0,2.0,1.0,25.0,9.0,0.0,0.0,0.0,0.0,1.0,0.0,0.0,2.0599989891052246,0.0,-84.87288665771484,9.999999747378752e-05,49.0,4.0,1.0,14.0,36.0,0.0,0.0,0.0,0.0,2.0,1.0,0.0,0.0,0.0,13.0
52.87427520751953,38.170082092285156,0.0,2.0,1.0,65.0,13.0,0.0,0.0,0.0,0.0,1.0,0.0,0.0,0.3699990510940552,0.0,-84.87288665771484,9.999999747378752e-05,49.0,4.0,1.0,14.0,49.0,0.0,0.0,0.0,0.0,2.0,1.0,0.0,0.0,0.0,34.0
58.26427459716797,31.150068283081055,0.0,2.0,1.0,65.0,26.0,0.0,0.0,0.0,0.0,1.0,0.0,0.7099999785423279,-1.3200008869171143,0.0,-84.87288665771484,9.999999747378752e-05,49.0,4.0,1.0,14.0,2.0,0.0,0.0,0.0,0.0,2.0,1.0,0.0,0.0,0.0,40.0
66.58427429199219,2.27005672454834,0.0,2.0,1.0,65.0,39.0,0.0,0.0,0.0,0.0,1.0,0.0,0.580000102519989,-2.9000000953674316,0.0,-84.87288665771484,9.999999747378752e-05,49.0,4.0,1.0,14.0,15.0,0.0,0.0,0.0,0.0,2.0,1.0,0.0,0.0,0.0,27.0
68.82427215576172,9.999999747378752e-05,0.0,2.0,1.0,178.0,-1.0,0.0,0.0,7.0,0.0,2.0,1.0,0.0,0.0,0.0,-84.87288665771484,9.999999747378752e-05,49.0,4.0,1.0,14.0,28.0,0.0,0.0,0.0,0.0,2.0,1.0,0.0,0.0,0.0,39.0
68.82427215576172,9.999999747378752e-05,0.0,2.0,1.0,235.0,12.0,0.0,0.0,9.0,0.0,2.0,1.0,0.0,0.0,0.0,-84.87288665771484,9.999999747378752e-05,49.0,4.0,1.0,14.0,41.0,0.0,0.0,0.0,0.0,2.0,1.0,0.0,0.0,0.0,5.0
68.82427215576172,9.999999747378752e-05,0.0,2.0,1.0,235.0,25.0,0.0,0.0,9.0,0.0,2.0,1.0,0.0,0.0,0.0,-84.87288665771484,9.999999747378752e-05,49.0,4.0,1.0,14.0,54.0,0.0,0.0,0.0,0.0,2.0,1.0,0.0,0.0,0.0,26.0
70.74693298339844,9.999999747378752e-05,0.0,2.0,1.0,14.0,1.0,0.0,0.0,0.0,0.0,2.0,1.0,0.6638562381267548,0.0,0.0,-84.87288665771484,9.999999747378752e-05,49.0,4.0,1.0,14.0,7.0,0.0,0.0,0.0,0.0,2.0,1.0,0.0,0.0,0.0,7.0
81.04148864746094,23.220094680786133,0.0,2.0,1.0,25.0,9.0,0.0,0.0,0.0,0.0,1.0,0.0,1.1100000143051147,2.0599989891052246,0.0,-84.87288665771484,9.999999747378752e-05,49.0,4.0,1.0,14.0,20.0,0.0,0.0,0.0,0.0,2.0,1.0,0.0,0.0,0.0,8.0
91.04946899414062,47.66008758544922,0.0,2.0,1.0,27.0,13.0,0.0,0.0,0.0,0.0,0.0,0.0,0.7739999890327454,1.0999993085861206,1.0,-84.87288665771484,9.999999747378752e-05,49.0,4.0,1.0,14.0,33.0,0.0,0.0,0.0,0.0,2.0,1.0,0.0,0.0,0.0,32.0
100.20146942138672,50.13008117675781,0.0,2.0,1.0,68.0,13.0,0.0,0.0,0.0,0.0,0.0,0.0,0.6440001130104065,-0.5900006294250488,1.0,-84.87288665771484,9.999999747378752e-05,49.0,4.0,1.0,14.0,46.0,0.0,0.0,0.0,0.0,2.0,1.0,0.0,0.0,0.0,20.0
104.24346923828125,30.63007164001465,0.0,2.0,1.0,68.0,26.0,0.0,0.0,0.0,0.0,0.0,0.0,0.058000124990940094,-2.280000686645508,1.0,-84.87288665771484,9.999999747378752e-05,49.0,4.0,1.0,14.0,59.0,0.0,0.0,0.0,0.0,2.0,1.0,0.0,0.0,0.0,20.0
100.68746948242188,-5.889933109283447,0.0,2.0,1.0,29.0,6.0,0.0,0.0,0.0,0.0,0.0,0.0,-0.5079999566078186,-2.9000000953674316,1.0,-84.87288665771484,9.999999747378752e-05,49.0,4.0,1.0,14.0,72.0,0.0,0.0,0.0,0.0,2.0,1.0,0.0,0.0,0.0,52.0
99.47347259521484,-43.589935302734375,0.0,2.0,1.0,29.0,3.0,0.0,0.0,0.0,0.0,0.0,0.0,0.20200005173683167,-2.9000000953674316,1.0,-84.87288665771484,9.999999747378752e-05,49.0,4.0,1.0,14.0,10.0,0.0,0.0,0.0,0.0,2.0,1.0,0.0,0.0,0.0,13.0
101.1894760131836,-81.28995513916016,0.0,2.0,1.0,65.0,13.0,0.0,0.0,0.0,0.0,0.0,0.0,0.07200002670288086,-2.9000000953674316,1.0,-84.87288665771484,9.999999747378752e-05,49.0,4.0,1.0,14.0,23.0,0.0,0.0,0.0,0.0,2.0,1.0,0.0,0.0,0.0,51.0
106.43547821044922,-126.78995513916016,0.0,2.0,1.0,65.0,26.0,0.0,0.0,0.0,0.0,0.0,0.0,0.6380000114440918,-3.5,1.0,-84.87288665771484,9.999999747378752e-05,49.0,4.0,1.0,14.0,36.0,0.0,0.0,0.0,0.0,2.0,1.0,0.0,0.0,0.0,44.0
109.42147064208984,-140.78994750976562,0.0,1.0,1.0,0.0,-1.0,0.0,0.0,0.0,0.0,0.0,0.0,0.0,0.0,1.0,-84.87288665771484,9.999999747378752e-05,49.0,4.0,1.0,14.0,49.0,0.0,0.0,0.0,0.0,2.0,1.0,0.0,0.0,0.0,45.0
109.42147064208984,-140.78994750976562,0.0,1.0,1.0,0.0,-1.0,0.0,0.0,0.0,0.0,0.0,0.0,0.0,0.0,1.0,-84.87288665771484,9.999999747378752e-05,49.0,4.0,1.0,14.0,62.0,0.0,0.0,0.0,0.0,2.0,1.0,0.0,0.0,0.0,27.0
109.42147064208984,-140.78994750976562,0.0,1.0,1.0,0.0,-1.0,0.0,0.0,0.0,0.0,0.0,0.0,0.0,0.0,1.0,-84.87288665771484,9.999999747378752e-05,49.0,4.0,1.0,14.0,5.0,0.0,0.0,0.0,0.0,2.0,1.0,0.0,0.0,0.0,47.0
109.42147064208984,-140.78994750976562,0.0,1.0,1.0,0.0,-1.0,0.0,0.0,0.0,0.0,0.0,0.0,0.0,0.0,1.0,-84.87288665771484,9.999999747378752e-05,49.0,4.0,1.0,14.0,18.0,0.0,0.0,0.0,0.0,2.0,1.0,0.0,0.0,0.0,38.0
16.0,111.70000457763672,0.0,1.0,0.0,12.0,2.0,0.0,0.0,0.0,0.0,1.0,0.0,0.0,-1.1500000953674316,0.0,-84.87288665771484,9.999999747378752e-05,49.0,4.0,1.0,14.0,31.0,0.0,0.0,0.0,0.0,2.0,1.0,0.0,0.0,0.0,10.0
16.0,96.74998474121094,0.0,1.0,0.0,12.0,15.0,0.0,0.0,0.0,0.0,1.0,0.0,0.0,-1.149999737739563,0.0,-84.87288665771484,9.999999747378752e-05,49.0,4.0,1.0,14.0,44.0,0.0,0.0,0.0,0.0,2.0,1.0,0.0,0.0,0.0,12.0
16.0,81.79996490478516,0.0,1.0,0.0,12.0,28.0,0.0,0.0,0.0,0.0,1.0,0.0,0.0,-1.1499990224838257,0.0,-84.87288665771484,9.999999747378752e-05,49.0,4.0,1.0,14.0,57.0,0.0,0.0,0.0,0.0,2.0,1.0,0.0,0.0,0.0,5.0
16.0,66.84996032714844,0.0,1.0,0.0,12.0,41.0,0.0,0.0,0.0,0.0,1.0,0.0,0.0,-1.1499977111816406,0.0,-84.87288665771484,9.999999747378752e-05,49.0,4.0,1.0,14.0,70.0,0.0,0.0,0.0,0.0,2.0,1.0,0.0,0.0,0.0,11.0
16.0,51.89998245239258,0.0,1.0,0.0,12.0,54.0,0.0,0.0,0.0,0.0,1.0,0.0,0.0,-1.1499972343444824,0.0,-84.87288665771484,9.999999747378752e-05,49.0,4.0,1.0,14.0,8.0,0.0,0.0,0.0,0.0,2.0,1.0,0.0,0.0,0.0,38.0
14.71399974822998,41.3599967956543,0.0,1.0,0.0,29.0,7.0,0.0,0.0,0.0,0.0,1.0,0.0,-0.27800002694129944,-0.9099999666213989,0.0,-84.87288665771484,9.999999747378752e-05,49.0,4.0,1.0,14.0,21.0,0.0,0.0,0.0,0.0,2.0,1.0,0.0,0.0,0.0,44.0
24.722003936767578,65.79998779296875,0.0,1.0,0.0,28.0,13.0,0.0,0.0,0.0,0.0,0.0,0.0,0.7739999890327454,1.0999993085861206,0.0,-84.87288665771484,9.999999747378752e-05,49.0,4.0,1.0,14.0,34.0,0.0,0.0,0.0,0.0,2.0,1.0,0.0,0.0,0.0,4.0
33.87400436401367,68.26998138427734,0.0,1.0,0.0,28.0,26.0,0.0,0.0,0.0,0.0,0.0,0.0,0.6440001130104065,-0.5900006294250488,0.0,-84.87288665771484,9.999999747378752e-05,49.0,4.0,1.0,14.0,47.0,0.0,0.0,0.0,0.0,2.0,1.0,0.0,0.0,0.0,32.0
